cid,num_points_91bg_proj_sdss_u1,num_points_91bg_proj_sdss_u2,num_points_91bg_proj_sdss_u3,num_points_91bg_proj_sdss_u4,num_points_91bg_proj_sdss_u5,num_points_91bg_proj_sdss_u6,num_points_91bg_proj_sdss_g1,num_points_91bg_proj_sdss_g2,num_points_91bg_proj_sdss_g3,num_points_91bg_proj_sdss_g4,num_points_91bg_proj_sdss_g5,num_points_91bg_proj_sdss_g6,num_points_91bg_proj_sdss_r1,num_points_91bg_proj_sdss_r2,num_points_91bg_proj_sdss_r3,num_points_91bg_proj_sdss_r4,num_points_91bg_proj_sdss_r5,num_points_91bg_proj_sdss_r6,num_points_91bg_proj_sdss_i1,num_points_91bg_proj_sdss_i2,num_points_91bg_proj_sdss_i3,num_points_91bg_proj_sdss_i4,num_points_91bg_proj_sdss_i5,num_points_91bg_proj_sdss_i6,num_points_91bg_proj_sdss_z1,num_points_91bg_proj_sdss_z2,num_points_91bg_proj_sdss_z3,num_points_91bg_proj_sdss_z4,num_points_91bg_proj_sdss_z5,num_points_91bg_proj_sdss_z6,z,t0,x0,x1,c,z_err,t0_err,x0_err,x1_err,c_err,chi,dof,message
703,0,0,0,0,19,0,0,0,0,0,20,0,0,0,0,0,20,0,0,0,0,0,21,0,0,0,0,0,20,0,0.296481,53626.51437213923,3.586703416893544e-05,0.8016261500147621,0.030705597210069824,0,0.6377362818202528,2.032252694268847e-06,0.6111803750729554,0.04756807305584476,77.3745032747022,96,Minimization exited successfully.
722,0,0,0,0,20,0,0,0,0,0,19,0,0,0,0,0,20,0,0,0,0,0,20,0,0,0,0,0,20,0,0.085038,53618.98168588286,0.0002840026364747747,-0.09967913242808635,0.1459410387291411,0,0.00029821016869391315,8.798980376033277e-06,0.1492045888266702,0.025621310499502392,1358.711506342377,75,Covariance may not be accurate.
735,0,0,0,0,20,0,0,0,0,0,20,0,0,0,0,0,20,0,0,0,0,0,20,0,0,0,0,0,20,0,0.189482,53610.81085122614,6.648643232972706e-05,-2.757813853981422,-0.010619895187689687,0,0.0025707405620778445,5.398363913724775e-06,0.4924109302494708,0.07940811110292534,67.55759753759709,76,Covariance may not be accurate.
739,0,0,0,0,20,0,0,0,0,0,20,0,0,0,0,0,20,0,0,0,0,0,20,0,0,0,0,0,20,0,0.106421,53612.9757482687,0.00024395873173598952,-1.3646956899598575,0.07522231590772555,0,0.0011921050463570282,8.933445507274115e-06,0.17847373109111442,0.03166089868508176,631.4875057806948,76,Minimization exited successfully.
744,0,0,0,19,0,0,0,0,0,19,0,0,0,0,0,20,0,0,0,0,0,20,0,0,0,0,0,19,0,0,0.12694,53613.826282554444,0.0001740187479650987,1.2089495739080025,0.10903502771173912,0,0.0007141871647036169,6.79140640724718e-06,0.26426729642984803,0.03151977709283493,608.6858772548477,74,Minimization exited successfully.
762,20,0,0,0,0,0,20,0,0,0,0,0,20,0,0,0,0,0,20,0,0,0,0,0,20,0,0,0,0,0,0.190088,53625.20432280293,9.275015033106488e-05,1.0677983730279905,-0.03477823422168125,0,0.3044646609814663,3.2286859617511297e-06,0.2913819767307304,0.030798897609828763,105.73852992346661,76,Minimization exited successfully.
774,22,0,0,0,0,0,22,0,0,0,0,0,22,0,0,0,0,0,23,0,0,0,0,0,23,0,0,0,0,0,0.092269,53615.722653957586,0.0003400565453625798,-0.506647317959624,0.10455725131702265,0,0.00046247114005382173,1.1638869440732123e-05,0.1616861288762168,0.026077823264065547,1230.8959425789053,85,Covariance may not be accurate.
779,21,0,0,0,0,0,23,0,0,0,0,0,23,0,0,0,0,0,23,0,0,0,0,0,21,0,0,0,0,0,0.236938,53626.94415726348,5.5476586308625675e-05,0.45368466949596975,0.030239118204364868,0,0.4188490289961919,2.45789103579169e-06,0.3702903754117792,0.038562157286875676,94.9461136954487,107,Minimization exited successfully.
822,13,0,0,0,0,0,22,0,0,0,0,0,23,0,0,0,0,0,23,0,0,0,0,0,20,0,0,0,0,0,0.236635,53621.56987761328,4.921274472604875e-05,-0.551463040946218,-0.07939734389846953,0,0.0001578450101078488,2.3205256553471256e-06,0.4559435377464809,0.04606820653110141,119.12629257931312,97,Minimization exited successfully.
841,21,0,0,0,0,0,22,0,0,0,0,0,21,0,0,0,0,0,22,0,0,0,0,0,22,0,0,0,0,0,0.298318,53624.90556114493,3.624384140557657e-05,0.25248577115483695,-0.08376962646108999,0,0.6036200622620527,2.2169367685553896e-06,0.611667533438534,0.045077561473237326,77.92692448462148,104,Minimization exited successfully.
859,0,0,0,17,0,0,0,0,0,20,0,0,0,0,0,21,0,0,0,0,0,19,0,0,0,0,0,19,0,0,0.276728,53624.22452957748,4.504960776438638e-05,0.6990740063103118,0.05210006204738271,0,0.7024949853839644,2.0639893203122674e-06,0.4967016514932747,0.044374693777813,98.41382303887818,92,Minimization exited successfully.
893,0,0,21,0,0,0,0,0,21,0,0,0,0,0,20,0,0,0,0,0,21,0,0,0,0,0,20,0,0,0,0.108834,53620.13131240971,5.8609048839591836e-05,-0.9074285261896442,0.06997508693393983,0,0.509132720202615,3.014769715679322e-06,0.4419568477627944,0.04917820068405926,125.80744238367416,79,Minimization exited successfully.
904,0,0,21,0,0,0,0,0,21,0,0,0,0,0,21,0,0,0,0,0,20,0,0,0,0,0,21,0,0,0,0.383892,53619.427993600606,2.7259774867908757e-05,1.8297034616684336,-0.24557867699299374,0,2.0062464477232425,1.975301932478218e-06,1.275712993970548,0.04695510869021205,61.57609539767342,100,Minimization exited successfully.
911,0,0,23,0,0,0,0,0,23,0,0,0,0,0,22,0,0,0,0,0,21,0,0,0,0,0,23,0,0,0,0.206325,53621.72674369541,3.6731558328209625e-05,-0.279148310515688,0.2211239255759183,0,0.7502847038267646,2.580738233613904e-06,0.6888884093770629,0.05556363374760137,111.09568811221553,108,Minimization exited successfully.
932,0,21,0,0,0,0,0,23,0,0,0,0,0,23,0,0,0,0,0,23,0,0,0,0,0,22,0,0,0,0,0.390036,53619.58826311511,2.195104502986822e-05,3.398596606151747,0.029119262728197093,0,1.901835472406674,2.4706113023871536e-06,1.3745065275294328,0.0691458209417265,111.72786410752899,108,Minimization exited successfully.
986,0,0,0,0,0,17,0,0,0,0,0,19,0,0,0,0,0,18,0,0,0,0,0,19,0,0,0,0,0,20,0.279009,53619.38373787674,2.976852291878218e-05,0.09837395047648911,0.030523981372023723,0,1.8173012941224442,1.854149737855888e-06,1.0611232461760447,0.05904838133871143,70.80671233407614,89,Minimization exited successfully.
1008,0,0,0,0,0,21,0,0,0,0,0,22,0,0,0,0,0,23,0,0,0,0,0,22,0,0,0,0,0,22,0.225039,53623.32908713286,7.291458247957599e-05,0.3464164299504695,-0.018562799327683455,0,0.4556364931013377,3.7230418984085485e-06,0.4499194610249426,0.04357756827535575,147.35100676713375,106,Minimization exited successfully.
1032,0,0,0,0,0,21,0,0,0,0,0,22,0,0,0,0,0,22,0,0,0,0,0,20,0,0,0,0,0,20,0.129033,53626.970178479256,0.00010375212809337674,-2.363166960924551,0.1093424574524754,0,0.0015644654595234897,4.214139946620702e-06,0.22613640720022143,0.040339847539001605,127.87664386288942,81,Minimization exited successfully.
1112,0,0,19,0,0,0,0,0,20,0,0,0,0,0,19,0,0,0,0,0,20,0,0,0,0,0,20,0,0,0,0.256085,53630.09518850165,3.845901086480058e-05,-0.441985068073639,-0.00047735951997912585,0,0.6750650590111036,2.1837910020539055e-06,0.6116475554343692,0.05151905187867961,78.16460459176317,94,Minimization exited successfully.
1119,0,0,0,0,0,17,0,0,0,0,0,16,0,0,0,0,0,16,0,0,0,0,0,17,0,0,0,0,0,17,0.296391,53621.79733808714,3.524354516913963e-05,1.4189553146408516,-0.09994306724864743,0,4.0804475534496305,2.9322271510925913e-06,1.6997248409748886,0.06252006427505769,46.61417450740443,79,Minimization exited successfully.
1158,0,0,13,0,0,0,0,0,15,0,0,0,0,0,15,0,0,0,0,0,15,0,0,0,0,0,16,0,0,0,0.410115,53627.76697860191,2.2533569583906844e-05,-3.910708689175561,-0.008664073093732627,0,1.1178677209427406,1.9304509901581214e-06,1.011966296114839,0.11812444343084555,48.245862304314144,70,Minimization exited successfully.
1166,0,0,0,0,0,16,0,0,0,0,0,17,0,0,0,0,0,17,0,0,0,0,0,17,0,0,0,0,0,17,0.380494,53631.23589299446,2.6050113206061986e-05,1.4810286658056597,0.0009309786988409563,0,1.2877742211530858,1.8828918738100768e-06,1.0717337391723678,0.06610454863161153,41.567214204224314,80,Minimization exited successfully.
1214,0,0,0,0,0,23,0,0,0,0,0,23,0,0,0,0,0,24,0,0,0,0,0,23,0,0,0,0,0,24,0.263798,53601.19999233628,9.44759776330431e-05,0.01878539659069478,-0.4999999951840596,0,0.0002476523113728035,3.739820727774458e-06,0.09567412741462,0.0028876411646416855,183.71810549844258,113,Covariance may not be accurate.
1241,0,20,0,0,0,0,0,20,0,0,0,0,0,20,0,0,0,0,0,20,0,0,0,0,0,20,0,0,0,0,0.088477,53635.4391597324,0.00033958443978478355,-0.5566183906970146,0.08105130833056906,0,0.09026234991688398,9.271505514125581e-06,0.0905809944879783,0.023218534805274194,438.5686531316777,76,Minimization exited successfully.
1253,0,0,0,16,0,0,0,0,0,16,0,0,0,0,0,15,0,0,0,0,0,17,0,0,0,0,0,17,0,0,0.261657,53634.37666222082,4.969068035979962e-05,-0.8199464346465097,-0.07812138756435288,0,0.437012848793529,2.3903334188381244e-06,0.43674919650601196,0.04228359104996757,60.26536458382683,77,Minimization exited successfully.
1316,0,0,0,0,19,0,0,0,0,0,20,0,0,0,0,0,19,0,0,0,0,0,19,0,0,0,0,0,19,0,0.215653,53620.66555683663,6.384527275377417e-05,0.16998833655193302,-0.040991563400691766,0,1.5479419967450667,3.871446242121601e-06,0.597807262554785,0.042154150723846096,118.68805618598236,92,Minimization exited successfully.
1354,0,0,0,19,0,0,0,0,0,19,0,0,0,0,0,19,0,0,0,0,0,19,0,0,0,0,0,19,0,0,0.247914,53622.82017062911,2.5571492748988066e-05,-0.7204583197436767,0.17318018423948156,0,0.0003422132140258327,1.9720407128800963e-06,0.8944588215806875,0.07663510197211088,80.53260479520817,91,Covariance may not be accurate.
1371,0,0,0,0,20,0,0,0,0,0,20,0,0,0,0,0,20,0,0,0,0,0,19,0,0,0,0,0,19,0,0.117969,53633.223585522224,0.0003729999330873576,0.8216374036306586,-0.0781524032556461,0,0.13186765466161887,9.76274933328343e-06,0.11864416625056018,0.02248256163095727,401.04251110094845,75,Minimization exited successfully.
1378,17,0,0,0,0,0,19,0,0,0,0,0,19,0,0,0,0,0,19,0,0,0,0,0,19,0,0,0,0,0,0.124747,53626.19653454854,2.5093584081584685e-05,1.0607245270902235,0.515075907320341,0,1.035256065766589,1.941747261328259e-06,0.6974981553936708,0.06288752161363742,99.19856699058148,70,Minimization exited successfully.
1385,0,0,0,17,0,0,0,0,0,17,0,0,0,0,0,16,0,0,0,0,0,16,0,0,0,0,0,17,0,0,0.335346,53625.66146070808,2.9728853089678875e-05,0.5348489901250897,-0.09288786633951951,0,1.9171845275377564,2.0442297017675413e-06,1.1323155059315315,0.0630639470782175,50.195603784900214,79,Minimization exited successfully.
1395,0,0,0,0,17,0,0,0,0,0,16,0,0,0,0,0,16,0,0,0,0,0,16,0,0,0,0,0,18,0,0.184968,53622.624646640026,8.660989829054832e-05,-0.8289411092523569,0.048792517706500504,0,1.0915758807168459,4.194534143278227e-06,0.5224903000213392,0.04253936316770801,94.97073228150994,61,Minimization exited successfully.
1403,0,0,0,0,7,0,0,0,0,0,18,0,0,0,0,0,17,0,0,0,0,0,19,0,0,0,0,0,18,0,0.359741,53627.670420978495,2.4420064955799345e-05,-0.6336423165748446,0.1889903004322533,0,1.2373873265823931,2.081687890189837e-06,1.0410418040393812,0.08821116199097051,75.66114192198495,75,Minimization exited successfully.
1415,0,0,0,0,13,0,0,0,0,0,17,0,0,0,0,0,17,0,0,0,0,0,17,0,0,0,0,0,16,0,0.210449,53631.87291872844,5.6842743446631205e-05,0.7796744719477635,0.1811069391886868,0,0.48206017238044296,2.7824066270490367e-06,0.47202192735047355,0.040632160315319577,98.00125598026217,76,Minimization exited successfully.
1457,0,0,0,0,23,0,0,0,0,0,24,0,0,0,0,0,24,0,0,0,0,0,24,0,0,0,0,0,24,0,0.359187,53615.31747838134,2.6213506638356198e-05,0.0831271770690778,-0.013656809751014354,0,3.4628292345478258,4.767980585487914e-06,1.114091530549943,0.09464311377614915,94.4884180435838,115,Minimization exited successfully.
1461,0,0,0,37,0,0,0,0,0,39,0,0,0,0,0,38,0,0,0,0,0,39,0,0,0,0,0,38,0,0,0.33986,53629.19645413741,2.501448118147287e-05,0.16159521583734016,0.053486146859712536,0,0.7098114698892459,1.3136282954460952e-06,0.5929509568011251,0.04782142732286243,170.32884013429342,187,Minimization exited successfully.
1464,0,0,0,15,0,0,0,0,0,20,0,0,0,0,0,19,0,0,0,0,0,20,0,0,0,0,0,18,0,0,0.288787,53620.87293765492,3.209971701576192e-05,-0.7278203972487987,-0.10792353591517134,0,0.007116971381037729,2.1179885417199616e-06,0.6842262499200431,0.06048046858613226,74.56835520420697,88,Minimization exited successfully.
1478,0,0,0,16,0,0,0,0,0,20,0,0,0,0,0,20,0,0,0,0,0,20,0,0,0,0,0,21,0,0,0.200911,53617.810531318224,5.817984539434967e-05,1.0581106362040718,0.01749077074601646,0,2.18979863644563,4.2551985983771394e-06,0.9066302176146461,0.0482348857140559,140.67415150481287,93,Minimization exited successfully.
1504,0,0,0,40,0,0,0,0,0,45,0,0,0,0,0,47,0,0,0,0,0,47,0,0,0,0,0,45,0,0,0.316373,53627.678988420164,2.6760119896188926e-05,-0.5477939350913532,-0.06613591240044442,0,0.6161643334853579,1.282847310013492e-06,0.4915225992109822,0.04224611460764699,344.70331833136606,220,Minimization exited successfully.
1576,0,0,0,0,19,0,0,0,0,0,23,0,0,0,0,0,23,0,0,0,0,0,22,0,0,0,0,0,24,0,0.475687,53629.339011474745,1.3971396247205446e-05,-0.7683567181905495,-0.14891229129655437,0,1.5152987123401545,1.3272233227112903e-06,1.2227036309810506,0.07661646857340276,103.98817622073375,107,Minimization exited successfully.
1580,0,22,0,0,0,0,0,24,0,0,0,0,0,22,0,0,0,0,0,23,0,0,0,0,0,24,0,0,0,0,0.183217,53634.01396707056,9.914674211015301e-05,0.8143532268333171,0.03113638154872156,0,0.21918174425081816,3.3925440495823124e-06,0.24161685749410688,0.028229114836965163,116.66914259834364,87,Minimization exited successfully.
1595,0,19,0,0,0,0,0,20,0,0,0,0,0,20,0,0,0,0,0,20,0,0,0,0,0,20,0,0,0,0,0.212269,53631.225780985034,8.787200915683718e-05,-0.15128363457647875,-0.02685457324791335,0,0.2862680206053483,3.1726498717629667e-06,0.323036438770508,0.03079133380218868,159.46744177470453,95,Minimization exited successfully.
1650,0,0,0,0,18,0,0,0,0,0,18,0,0,0,0,0,19,0,0,0,0,0,19,0,0,0,0,0,20,0,0.302746,53622.50420260779,2.080068288214637e-05,-1.8699243392270892,0.18934013255484183,0,1.2262107373971958,2.017188246374312e-06,0.9450197446975817,0.10077470909704461,68.67253887898576,90,Minimization exited successfully.
1658,0,0,0,0,18,0,0,0,0,0,20,0,0,0,0,0,19,0,0,0,0,0,19,0,0,0,0,0,20,0,0.275748,53638.06097644204,3.579656382178775e-05,0.3906101915208797,0.014135162619019592,0,0.5230477909026376,1.7463848368418063e-06,0.47099164191786835,0.045633249930768616,70.73770824525798,92,Minimization exited successfully.
1686,0,0,32,0,0,0,0,0,35,0,0,0,0,0,37,0,0,0,0,0,37,0,0,0,0,0,36,0,0,0,0.135049,53606.5202141995,4.1137543298177256e-05,0.6080077085924991,0.370858945713586,0,0.00029677333805011585,5.001565416583306e-06,0.6183716237321426,0.07970833584252746,401.913034796581,137,Covariance may not be accurate.
1688,0,0,0,19,0,0,0,0,0,20,0,0,0,0,0,18,0,0,0,0,0,20,0,0,0,0,0,19,0,0,0.357669,53630.337769498925,2.10647334069608e-05,0.9227534278548593,0.02508073424970525,0,1.3419997314413195,1.7239982953087827e-06,1.1748535404191682,0.06664930798039173,70.60755927396391,92,Minimization exited successfully.
1740,21,0,0,0,0,0,21,0,0,0,0,0,20,0,0,0,0,0,21,0,0,0,0,0,21,0,0,0,0,0,0.166272,53632.15833850076,0.00011954509137653779,-1.0423952014826292,-0.058202378052053194,0,0.22521996610521455,3.963730196744198e-06,0.24161451124827504,0.03048248080272492,150.54294887562673,79,Minimization exited successfully.
1748,0,20,0,0,0,0,0,19,0,0,0,0,0,20,0,0,0,0,0,21,0,0,0,0,0,21,0,0,0,0,0.337892,53631.21717646561,1.742990831263058e-05,1.6412374785250332,0.1159024813818541,0,1.3180353062198265,1.9731366259841125e-06,1.3800415317639496,0.08015713915412326,77.31484752785332,97,Minimization exited successfully.
1750,0,19,0,0,0,0,0,20,0,0,0,0,0,20,0,0,0,0,0,20,0,0,0,0,0,20,0,0,0,0,0.258435,53628.181285154125,2.310171478220685e-05,0.8255878419127924,0.22295353722268152,0,0.8657625003143039,1.5840037489842083e-06,0.7302413456700605,0.06019166801811232,76.36159895939903,95,Minimization exited successfully.
1775,20,0,0,0,0,0,20,0,0,0,0,0,21,0,0,0,0,0,21,0,0,0,0,0,20,0,0,0,0,0,0.302486,53633.54219146005,2.9534705982278973e-05,-0.22766330539717305,-0.1532603977015648,0,0.6944567243954225,2.065058903486377e-06,0.7657161439785152,0.0535438288190217,89.90521576801768,98,Minimization exited successfully.
1794,0,21,0,0,0,0,0,21,0,0,0,0,0,21,0,0,0,0,0,21,0,0,0,0,0,21,0,0,0,0,0.1407,53624.42124085305,0.00012790240544030467,1.3791091568527127,0.07696307940806568,0,0.8508434961586318,4.250224431213978e-06,0.3957852426255246,0.027622300101782682,156.63923569320372,80,Minimization exited successfully.
1825,0,0,0,19,0,0,0,0,0,20,0,0,0,0,0,20,0,0,0,0,0,20,0,0,0,0,0,19,0,0,0.155096,53620.419965752124,1.7846301337265113e-05,3.301777031705427,0.564437288541378,0,2.255010469118133,2.176434613538059e-06,1.4577764444821222,0.09463369089819307,81.56139145409497,75,Minimization exited successfully.
1835,0,0,0,0,0,21,0,0,0,0,0,21,0,0,0,0,0,21,0,0,0,0,0,21,0,0,0,0,0,21,0.270324,53623.89186196852,4.5409066283957074e-05,-0.9333701453286682,-0.03887549161775572,0,2.293624160476611,2.693385347194708e-06,1.0706423363021886,0.05155427700655699,103.83581749201349,101,Minimization exited successfully.
1978,0,0,0,0,0,17,0,0,0,0,0,19,0,0,0,0,0,19,0,0,0,0,0,18,0,0,0,0,0,18,0.296478,53624.205827626596,2.186472135745715e-05,3.9217851198244684,0.31846092118600544,0,3.556364648928138,1.7363983391738273e-06,1.8235204585079199,0.07825621752186307,82.69111952591669,87,Minimization exited successfully.
1979,0,0,0,0,0,18,0,0,0,0,0,17,0,0,0,0,0,19,0,0,0,0,0,19,0,0,0,0,0,17,0.285356,53627.26910737104,2.851502481111129e-05,-0.9761678894574182,0.02622903771342755,0,1.2199151642125798,1.6931354021647295e-06,0.9390542355047999,0.06073491457799923,105.66572090397192,86,Minimization exited successfully.
1991,0,0,0,0,0,21,0,0,0,0,0,21,0,0,0,0,0,20,0,0,0,0,0,21,0,0,0,0,0,19,0.313884,53628.360651279756,3.1678764316039885e-05,0.1672196735317737,0.07191636705519477,0,1.0541493415439618,1.8169881006938065e-06,0.8253785093983059,0.05354190534096226,93.9283441336666,98,Minimization exited successfully.
2017,0,0,0,0,18,0,0,0,0,0,17,0,0,0,0,0,18,0,0,0,0,0,18,0,0,0,0,0,17,0,0.261621,53635.92232470603,4.517027160143183e-05,1.432445089252349,-0.07122924767655092,0,0.5242715837557625,2.417016432460089e-06,0.53320659740363,0.042275997745077065,60.19179177852615,84,Minimization exited successfully.
2030,15,0,0,0,0,0,16,0,0,0,0,0,16,0,0,0,0,0,17,0,0,0,0,0,16,0,0,0,0,0,0.232382,53612.76838766277,6.677477547019805e-05,1.3383048351147364,0.02135997350079677,0,2.7586252628389047,9.604682511855783e-06,0.6617459706829676,0.05856689842657814,84.43227631702302,76,Minimization exited successfully.
2031,16,0,0,0,0,0,16,0,0,0,0,0,16,0,0,0,0,0,17,0,0,0,0,0,16,0,0,0,0,0,0.151859,53636.91352767609,0.00019378485788515946,0.5748670216130494,-0.08678583540679019,0,0.14532743848030805,5.22163985556073e-06,0.16026669263101345,0.023628932810440845,167.3664071093163,61,Minimization exited successfully.
2041,8,0,0,0,0,0,14,0,0,0,0,0,13,0,0,0,0,0,16,0,0,0,0,0,14,0,0,0,0,0,0.208513,53621.744780477,4.189140442835609e-05,-0.4813969903620041,0.10675054234347425,0,2.311382006304484,3.5304699019161876e-06,0.9133009510366454,0.061913255516707344,58.346774944289,61,Minimization exited successfully.
2064,0,0,16,0,0,0,0,0,17,0,0,0,0,0,17,0,0,0,0,0,17,0,0,0,0,0,16,0,0,0,0.455074,53624.36635857415,1.7104783871100537e-05,0.9555351526914002,-0.02000003262266936,0,0.011425271626649192,1.3561327869895951e-06,1.4306000121312086,0.08355206377477112,71.7667237653013,79,Minimization exited successfully.
2078,18,0,0,0,0,0,20,0,0,0,0,0,19,0,0,0,0,0,20,0,0,0,0,0,19,0,0,0,0,0,0.322184,53627.730867560145,2.8310954307525782e-05,-0.7643146984186417,-0.0864948680759009,0,1.3562719246692723,1.930013301203875e-06,0.8793834511983751,0.06721520199048386,110.81531857072734,92,Minimization exited successfully.
2079,20,0,0,0,0,0,20,0,0,0,0,0,20,0,0,0,0,0,20,0,0,0,0,0,20,0,0,0,0,0,0.305008,53632.51082115512,2.7074854782917488e-05,0.5817543368503202,0.19467066462997706,0,0.9007296222262084,2.3079008658441484e-06,0.847125906666303,0.07577322424110511,144.6402517050498,96,Minimization exited successfully.
2081,19,0,0,0,0,0,20,0,0,0,0,0,19,0,0,0,0,0,20,0,0,0,0,0,20,0,0,0,0,0,0.250159,53628.24918917323,4.083353928101996e-05,-0.6375248849393902,-0.061397646165524844,0,0.7838778699551767,2.0838297290889944e-06,0.6590438549248252,0.04728919955585151,71.09858457068705,94,Minimization exited successfully.
2102,0,0,0,16,0,0,0,0,0,15,0,0,0,0,0,17,0,0,0,0,0,17,0,0,0,0,0,16,0,0,0.094009,53620.550393881094,0.00046803800632760185,1.1033951430699398,-0.048690037246555185,0,0.5999645384181349,1.4200676982683013e-05,0.22075297007692107,0.022888444480482883,580.8740111334741,61,Minimization exited successfully.
2149,0,0,0,0,0,0,0,20,0,0,0,0,0,21,0,0,0,0,0,17,0,0,0,0,0,21,0,0,0,0,0.294257,53624.52925667716,3.097118991705311e-05,0.26320755252135974,-0.0883482448407028,0,0.7594074609078234,1.9394179816312195e-06,0.6568118357958941,0.054344963977117355,49.387958256857836,75,Minimization exited successfully.
2162,0,0,20,0,0,0,0,0,20,0,0,0,0,0,20,0,0,0,0,0,20,0,0,0,0,0,20,0,0,0,0.171423,53629.96109761238,0.00011106026873041407,-1.5536553505923703,-0.07957868359041698,0,0.2644557445892133,3.617715057375456e-06,0.22656405360804488,0.02925837919256591,61.591990668169856,76,Minimization exited successfully.
2165,0,0,21,0,0,0,0,0,21,0,0,0,0,0,21,0,0,0,0,0,21,0,0,0,0,0,21,0,0,0,0.286619,53634.392002229695,3.6487849488671394e-05,0.691890819099326,-0.06471481714358196,0,0.49594049842562526,1.670871485690144e-06,0.5499307687144754,0.03701506870703419,74.04140769204068,101,Minimization exited successfully.
2181,0,0,20,0,0,0,0,0,20,12,0,0,0,0,21,12,0,0,0,0,21,12,0,0,0,0,21,12,0,0,0.377208,53630.11650859175,2.193493398711582e-05,-2.3131564993167633,-0.07105378974111787,0,0.7783062649978092,1.2799477729213977e-06,0.6215762313261719,0.058747535209345586,128.99722358338465,147,Minimization exited successfully.
2235,21,0,0,0,0,0,21,0,0,0,0,0,20,0,0,0,0,0,21,0,0,0,0,0,21,0,0,0,0,0,0.346426,53618.960458633235,2.513410517273884e-05,0.7610495510401707,0.02137616240741025,0,0.0005803424210171215,1.9915256767945303e-06,0.929658782038973,0.07007916284963997,80.16863624386919,100,Covariance may not be accurate.
2246,21,0,0,0,0,0,23,0,0,0,0,0,23,0,0,0,0,0,23,0,0,0,0,0,22,0,0,0,0,0,0.194216,53634.19254989435,6.041353406302796e-05,0.6936108962442304,0.10568680950331866,0,0.35728778639168013,2.4481660467243178e-06,0.36816054679346033,0.0342112339635301,146.14007360207847,108,Minimization exited successfully.
2280,0,0,0,20,0,0,0,0,0,20,0,0,0,0,0,20,0,0,0,0,0,19,0,0,0,0,0,19,0,0,0.348577,53625.06175209416,1.7584684263142468e-05,0.2585704679885792,0.03786580691017549,0,1.4936342718137894,1.93808045795274e-06,1.2512584266859457,0.09787087239812747,71.7844725603267,94,Minimization exited successfully.
2290,0,0,0,20,0,0,0,0,0,20,0,0,0,0,0,20,0,0,0,0,0,20,0,0,0,0,0,20,0,0,0.328975,53625.72212817705,2.388786546344279e-05,-1.1203653872907502,-0.08169595845863736,0,0.9689106778059795,1.7226721622287676e-06,0.7435669853580764,0.06501673542000419,107.50112371451522,96,Minimization exited successfully.
2308,0,0,0,22,0,0,0,0,0,24,0,0,0,0,0,24,0,0,0,0,0,20,0,0,0,0,0,25,0,0,0.147025,53630.50905724733,0.00023864069019106509,0.6805733911311904,-0.16709936981354,0,0.152648007056996,6.371774808748977e-06,0.14453579570444175,0.022921951752335246,257.15464550603656,86,Minimization exited successfully.
2319,0,0,0,20,0,0,0,0,0,20,0,0,0,0,0,20,0,0,0,0,0,19,0,0,0,0,0,20,0,0,0.159153,53635.72223280152,0.00012918944262356734,0.529929047679115,0.0034677221962045035,0,0.18848262337269261,3.7195533401566906e-06,0.19111218254248863,0.025052152791511628,127.16739200227204,75,Minimization exited successfully.
2330,0,0,0,0,0,18,0,0,0,0,0,20,0,0,0,0,0,20,0,0,0,0,0,20,0,0,0,0,0,20,0.211788,53635.40629882429,3.4027298346081535e-05,-1.7109267762425096,-0.005648571639179034,0,0.5403257777325052,1.9918681521779998e-06,0.5348595760562955,0.05830887923975217,101.45558934745549,94,Minimization exited successfully.
2335,0,0,0,0,0,16,0,0,0,0,0,22,0,0,0,0,0,23,0,0,0,0,0,24,0,0,0,0,0,24,0.18313,nan,nan,nan,nan,2.3e-05,nan,nan,nan,nan,nan,nan,No data points with S/N > 5. Initial guessing failed.
2347,0,19,0,0,0,0,0,19,0,0,0,0,0,19,0,0,0,0,0,19,0,0,0,0,0,19,0,0,0,0,0.4023,53624.36910819584,1.673377013634514e-05,-2.8682486708882027,-0.03022693363912854,0,3.8221289480425185,1.8805368365078228e-06,1.8805048285042867,0.10967710460172375,108.83177814493364,91,Minimization exited successfully.
2372,0,22,0,0,0,0,0,22,0,0,0,0,0,23,0,0,0,0,0,23,0,0,0,0,0,22,0,0,0,0,0.179585,53636.75115526155,9.99730547739186e-05,0.22349329558361752,0.02952186796876277,0,0.22876187745350762,3.068085281964926e-06,0.20588618591636187,0.02760024423290608,118.65040234416236,86,Minimization exited successfully.
2422,0,0,0,0,19,0,0,0,0,0,20,0,0,0,0,0,20,0,0,0,0,0,20,0,0,0,0,0,20,0,0.263492,53639.40504707495,5.5977398810235774e-05,0.9079251648639151,-0.15021238115300695,0,0.31352164064810495,1.940391733456642e-06,0.3136570563364942,0.03278137756027355,75.52841720192538,95,Minimization exited successfully.
2437,0,0,0,0,22,0,0,0,0,0,22,0,0,0,0,0,24,0,0,0,0,0,24,0,0,0,0,0,23,0,0.258478,53636.40605711024,2.2180042244167584e-05,0.7340707119350203,-0.3144399452861629,0,0.9288775020686444,1.4416711416635761e-06,0.8532181099589251,0.058973543963139835,122.20540224292168,111,Minimization exited successfully.
2440,0,0,0,0,19,0,0,0,0,0,21,0,0,0,0,0,23,0,0,0,0,0,22,0,0,0,0,0,22,0,0.19029,53634.7702527045,8.615665167494151e-05,0.4989910860123512,-0.06032116203357779,0,0.3428199463887722,2.852464679718172e-06,0.2857456881729319,0.02911939905303354,74.0412697669206,81,Minimization exited successfully.
2532,0,0,19,0,0,0,0,0,19,0,0,0,0,0,18,0,0,0,0,0,19,0,0,0,0,0,19,0,0,0,0.267696,53635.73522492956,3.651470376240945e-05,0.6839953846505731,-0.0010478341757621523,0,0.5478818508490804,2.3763732718393164e-06,0.5835326922802069,0.05166881945726909,77.86109828024813,90,Minimization exited successfully.
2533,0,0,18,0,0,0,0,0,18,0,0,0,0,0,18,0,0,0,0,0,18,0,0,0,0,0,17,0,0,0,0.338803,53640.299677340816,3.303411253060162e-05,1.8443223772784014,-0.08387177834133963,0,0.617979973598267,2.1324804616311425e-06,0.6878414613841493,0.05136755365260037,61.30558575239315,85,Minimization exited successfully.
2551,17,0,0,0,0,0,17,0,0,0,0,0,16,0,0,0,0,0,17,0,0,0,0,0,19,0,0,0,0,0,0.247554,53628.01488463066,2.3808653527873646e-05,-0.17233018452743742,-0.2047538827707861,0,1.3536749978738953,2.1051259758313182e-06,1.1046069971018637,0.08037815716398547,74.5966571287079,82,Minimization exited successfully.
2561,0,0,0,0,0,24,0,0,0,0,0,24,0,0,0,0,0,23,0,0,0,0,0,23,0,0,0,0,0,24,0.117406,53639.17758891307,0.00017364249795154355,-0.04827591700255063,0.08204967388975426,0,0.13892983039477258,4.731172373731844e-06,0.11763779518082229,0.024674205767116097,255.14602964958442,90,Minimization exited successfully.
2630,21,0,0,0,0,0,20,0,0,0,0,0,21,0,0,0,0,0,20,0,0,0,0,0,20,0,0,0,0,0,0.349599,53632.61157000699,2.833099356025881e-05,0.9144004715769638,-0.062401936682864645,0,0.7712131529478938,1.8905920030272415e-06,0.8060255612857006,0.05114376146903796,79.90889879724705,98,Minimization exited successfully.
2632,23,0,0,0,0,0,24,0,0,0,0,0,24,0,0,0,0,0,25,0,0,0,0,0,25,0,0,0,0,0,0.295151,53632.7168914918,3.190464315333763e-05,-1.113415508044472,-0.06968017462028264,0,0.4697884447487013,2.0678406677973623e-06,0.6050131504315677,0.05736930947487212,131.25596125248026,117,Minimization exited successfully.
2635,24,0,0,0,0,0,26,0,0,0,0,0,25,0,0,0,0,0,25,0,0,0,0,0,23,0,0,0,0,0,0.143104,53640.293965948586,0.0001588844203513981,0.9423217774561063,0.005959194007049362,0,0.18058119916167925,4.230258401145958e-06,0.14960886458184097,0.023602183482369032,174.88950046800045,96,Minimization exited successfully.
2639,0,0,0,0,18,0,0,0,0,0,21,0,0,0,0,0,20,0,0,0,0,0,20,0,0,0,0,0,20,0,0.214887,53638.30874370614,8.340397388878734e-05,0.4456934815574174,0.0218118216429799,0,0.2880381259310525,2.9078993775223647e-06,0.2744130702861334,0.031476734846987625,108.1445604138119,95,Minimization exited successfully.
2689,0,16,0,0,0,0,0,17,0,0,0,0,0,17,0,0,0,0,0,17,0,0,0,0,0,16,0,0,0,0,0.160352,53636.96696799652,0.00013139270707902357,1.3449255144689731,0.08383273417339521,0,0.21314175064617302,4.575399270532871e-06,0.2294018805516136,0.028697583791384096,216.11982307161747,63,Minimization exited successfully.
2734,0,21,0,0,0,0,0,23,0,0,0,0,0,24,0,0,0,0,0,24,0,0,0,0,0,25,0,0,0,0,0.302007,53640.39190826006,6.236428596122695e-05,2.5317337639451427,-0.07651905626570726,0,0.30429160796120414,2.4589636434244076e-06,0.4023726182531906,0.031469095481024584,119.73389959056125,113,Minimization exited successfully.
2766,0,21,0,0,0,0,0,21,0,0,0,0,0,22,0,0,0,0,0,22,0,0,0,0,0,22,0,0,0,0,0.149336,53619.25673871591,0.00012174692726151376,-0.1469445868264767,0.05186574689393342,0,0.5017038541664078,4.307497910258777e-06,0.36926447727586265,0.030832443933405118,205.7842179342305,82,Minimization exited successfully.
2784,0,0,16,0,0,0,0,0,20,0,0,0,0,0,23,0,0,0,0,0,22,0,0,0,0,0,22,0,0,0,0.398676,53635.91066954645,2.2424450935533133e-05,-0.201629196982676,-0.09996893528055978,0,1.144856217528286,1.689446397638296e-06,1.118731616904584,0.09196544551553917,76.33815881768558,99,Minimization exited successfully.
2789,0,0,0,18,0,0,0,0,0,21,0,0,0,0,0,20,0,0,0,0,0,21,0,0,0,0,0,21,0,0,0.288898,53636.17684953486,3.7169613128379965e-05,-0.7460983663498819,-0.08174459747724178,0,0.5202413718106982,2.0174175972867416e-06,0.4886743622867642,0.05038726277537359,104.5599873963977,97,Minimization exited successfully.
2799,0,0,0,21,0,0,0,0,0,23,0,0,0,0,0,23,0,0,0,0,0,24,0,0,0,0,0,24,0,0,0.375668,53620.31083887851,2.2258766757785597e-05,-0.8751502304838468,0.09043370695831454,0,1.9040018102059548,2.635925845117099e-06,1.3907240423712333,0.10478097766115796,101.2576242644059,111,Minimization exited successfully.
2808,0,0,0,17,0,0,0,0,0,22,0,0,0,0,0,22,0,0,0,0,0,23,0,0,0,0,0,21,0,0,0.313378,53627.632947400234,3.2348244070032335e-05,1.0107176379554499,-0.07490787401478627,0,0.5865834762371378,1.8167043815006647e-06,0.5890682919906576,0.04706028316584884,96.9590757296,101,Minimization exited successfully.
2855,0,0,15,0,0,0,0,0,16,0,0,0,0,0,16,0,0,0,0,0,16,0,0,0,0,0,16,0,0,0,0.243729,53643.807199917785,5.653160648955019e-05,0.6230730469031709,0.000486873230755025,0,0.426433507593174,2.8101101192301596e-06,0.42613983459489013,0.041559418224438344,52.08886745177864,75,Minimization exited successfully.
2864,18,0,0,0,0,0,18,0,0,0,0,0,19,0,0,0,0,0,18,0,0,0,0,0,18,0,0,0,0,0,0.242608,53644.68397535813,6.300815155576595e-05,0.5334851421232685,0.023310690525442213,0,0.3950020242664323,3.7459875237808026e-06,0.4595564369909777,0.04199380876584391,81.65368705366728,87,Minimization exited successfully.
2871,17,0,0,0,0,0,16,0,0,0,0,0,17,0,0,0,0,0,17,0,0,0,0,0,17,0,0,0,0,0,0.290779,53633.80040652488,2.8782702079813425e-05,-0.7794348373245175,-0.027818352913252187,0,0.8540142023521184,2.1269228986225952e-06,0.8238626769187278,0.0598933252715467,121.81008862936932,80,Minimization exited successfully.
2916,0,0,0,0,14,0,0,0,0,0,17,0,0,0,0,0,17,0,0,0,0,0,17,0,0,0,0,0,17,0,0.12303,53643.950970355836,0.00014765829708627607,-0.7771518696033661,0.09861501282220453,0,0.0016512510301254224,6.9549301422033866e-06,0.23676828935973981,0.034746118941668014,120.61845463074874,61,Minimization exited successfully.
2926,0,0,0,0,13,0,0,0,0,0,17,0,0,0,0,0,16,0,0,0,0,0,16,0,0,0,0,0,17,0,0.302749,53637.29397828411,3.85672826548708e-05,0.5162422054132474,-0.09014539240145325,0,0.6452493620781752,2.183818217978e-06,0.5924519019911352,0.04890384299587608,64.95337364836071,75,Minimization exited successfully.
2943,0,0,0,0,0,17,0,0,0,0,0,16,0,0,0,0,0,17,0,0,0,0,0,16,0,0,0,0,0,17,0.264048,53640.3602877234,4.636942989893117e-05,0.551803379842319,-0.030569856938395867,0,0.4932501768307702,1.894990385675755e-06,0.42205834885216564,0.04027007096567889,90.35109655090432,79,Minimization exited successfully.
2992,0,21,0,0,0,0,0,22,0,0,0,0,0,22,0,0,0,0,0,22,0,0,0,0,0,22,0,0,0,0,0.126077,53641.28451606339,0.0001316018408505948,-0.857332238898703,0.15388726894357574,0,0.20616349874035222,4.160520077745722e-06,0.14890483332481397,0.028623360700636646,151.54961634745297,83,Minimization exited successfully.
3065,19,0,0,0,0,0,20,0,0,0,0,0,20,0,0,0,0,0,19,0,0,0,0,0,20,0,0,0,0,0,0.154383,53608.45718776846,2.8728113240069906e-05,1.182066610408734,0.31086061761362993,0,0.0011893881601281464,6.149664427368139e-06,1.4757999278527807,0.14015705662764338,103.55744241443423,74,Minimization exited successfully.
3077,0,0,0,34,0,0,0,0,0,35,0,0,0,0,0,37,0,0,0,0,0,36,0,0,0,0,0,36,0,0,0.244054,53648.535381238915,6.444484865345573e-05,-0.0574843856476317,0.056219955887633954,0,0.22087049567926442,2.4958024943737302e-06,0.22197144858343565,0.03317310654517036,175.76933552540524,174,Minimization exited successfully.
3080,21,0,0,0,0,0,21,0,0,0,0,0,21,0,0,0,0,0,21,0,0,0,0,0,21,0,0,0,0,0,0.173146,53647.648856690445,0.0001274269193816341,0.1485061398820564,-0.032690619223218365,0,0.1523822221206501,3.7919904399297288e-06,0.20078546519327345,0.02431748815331647,52.78376818583971,80,Minimization exited successfully.
3087,20,0,0,0,0,0,21,0,0,0,0,0,21,0,0,0,0,0,21,0,0,0,0,0,21,0,0,0,0,0,0.164306,53648.87663726669,0.00012619979266083241,0.5195622665173181,0.019322188607828417,0,0.14825127031144802,3.911356567562325e-06,0.20460288652087755,0.025125363623353575,59.24425933771239,79,Minimization exited successfully.
3150,0,40,0,0,0,0,0,40,0,0,0,0,0,39,0,0,0,0,0,38,0,0,0,0,0,41,0,0,0,0,0.33168,53634.18881927778,1.9557830930929385e-05,0.13373738320178852,0.07216781318316268,0,0.7021422542347864,1.412334126453113e-06,0.6867635530485927,0.06578773482654732,154.62510919808724,194,Minimization exited successfully.
3161,0,0,0,0,0,21,0,0,0,0,0,19,0,0,0,0,0,21,0,0,0,0,0,21,0,0,0,0,0,20,0.370041,53642.88984294644,1.589454376851762e-05,-1.35888057760015,0.09340775003750068,0,1.3794840567024949,1.8096529780578525e-06,1.1397408956977926,0.11754651568734562,103.614213368515,98,Minimization exited successfully.
3172,0,37,0,0,0,0,0,37,0,0,0,0,0,37,0,0,0,0,0,34,0,0,0,0,0,38,0,0,0,0,0.315382,53614.39197257009,2.567720942341589e-05,0.19962056882738022,0.18187950235844974,0,0.0011330626875860617,2.4049656196104005e-06,1.0048326362069675,0.06885633281540848,194.5652044985678,179,Minimization exited successfully.
3175,22,0,0,0,0,0,22,0,0,0,0,0,23,0,0,0,0,0,22,0,0,0,0,0,23,0,0,0,0,0,0.220288,53630.11263140773,3.9041487171256604e-05,1.3375585036782258,-0.070472742688864,0,0.5257541471546574,2.174447584827738e-06,0.530249570310195,0.0479125469857796,128.33022194262037,108,Minimization exited successfully.
3180,0,0,0,20,0,0,0,0,0,20,0,0,0,0,0,20,0,0,0,0,0,20,0,0,0,0,0,20,0,0,0.245505,53642.62176565676,2.9978058191476584e-05,-1.1045215659963645,0.25109416574036947,0,0.5720491286665492,1.6848171616362643e-06,0.49835347079480496,0.04978993764751738,102.66974552128035,96,Minimization exited successfully.
3195,0,0,0,19,0,0,0,0,0,21,0,0,0,0,0,20,0,0,0,0,0,20,0,0,0,0,0,19,0,0,0.298507,53636.51220857191,3.206629286791246e-05,-2.030088640453578,-0.11170143300603819,0,0.6581653677094437,1.783480931654423e-06,0.5558961592692166,0.04596988959201598,85.13510155525142,95,Minimization exited successfully.
3199,0,0,0,0,0,37,0,0,0,0,0,39,0,0,0,0,0,38,0,0,0,0,0,37,0,0,0,0,0,40,0.249612,53647.3500140076,3.9378688952508285e-05,1.629893865764112,0.015203848017258381,0,0.36867351656474057,1.7203352881312033e-06,0.37710475038146773,0.03660830802716494,186.49075800456075,187,Minimization exited successfully.
3206,0,0,0,19,17,0,0,0,0,20,17,0,0,0,0,20,16,0,0,0,0,20,17,0,0,0,0,20,17,0,0.415501,53634.98207646694,1.6932586722203103e-05,-0.33410219487511483,-0.1346300061761474,0,0.7917808900892851,9.804337558075296e-07,0.6725739329048965,0.05546776977845591,180.9948816974611,179,Minimization exited successfully.
3225,0,0,0,22,0,0,0,0,0,22,0,0,0,0,0,22,0,0,0,0,0,22,0,0,0,0,0,22,0,0,0.34057,53633.02388388495,2.1411001455757527e-05,0.36999460494498493,0.11710681496910258,0,1.144819800822006,1.7560208611640262e-06,0.9275239566721685,0.06760897232119972,104.3092103572288,106,Minimization exited successfully.
3241,0,0,17,0,0,0,0,0,16,0,0,0,0,0,18,0,0,0,0,0,17,0,0,0,0,0,17,0,0,0,0.257823,53646.696355198255,4.811234544737058e-05,0.6179120282630919,-0.05986568534100056,0,0.3883784997087787,2.1872790310795136e-06,0.3938086378985717,0.040667141469852564,85.39468613156609,81,Minimization exited successfully.
3256,0,0,14,0,0,0,0,0,17,0,0,0,0,0,18,0,0,0,0,0,17,0,0,0,0,0,17,0,0,0,0.106938,53652.26258215134,0.00021475267076256742,-0.3101505180910671,0.053896660696558296,0,0.31077702802576823,9.278555214612677e-06,0.17184765361206056,0.031995918005208734,83.37842109179297,62,Minimization exited successfully.
3317,0,0,0,0,20,0,0,0,0,0,22,0,0,0,0,0,22,0,0,0,0,0,22,0,0,0,0,0,21,0,0.159901,53646.427957758206,0.00012065483573425489,-0.5284045145804104,0.018731892637386727,0,0.17731177810856025,3.7671951745105184e-06,0.18711883815526864,0.02596908650992269,75.8219248186022,82,Minimization exited successfully.
3331,0,0,0,0,23,0,0,0,0,0,23,0,0,0,0,0,24,0,0,0,0,0,24,0,0,0,0,0,23,0,0.212097,53650.101334189705,6.067251771506021e-05,-0.19797920644620426,0.03812836661036023,0,0.24063838850634056,2.997802995687442e-06,0.3314436568126369,0.03502360387741277,102.03427464183244,113,Minimization exited successfully.
3341,0,0,0,0,23,0,0,0,0,0,23,0,0,0,0,0,22,0,0,0,0,0,21,0,0,0,0,0,22,0,0.430018,53639.33570726187,1.5175075523173876e-05,1.4795721508306947,-0.05935042425902015,0,1.8080145171334152,1.163164415003137e-06,1.1107206767182607,0.06611000784026527,70.48621092162577,107,Minimization exited successfully.
3368,0,0,0,0,0,21,0,0,0,0,0,23,0,0,0,0,0,23,0,0,0,0,0,22,0,0,0,0,0,22,0.376543,53632.899089025974,2.4790555279748382e-05,1.2349485342800115,-0.03325290668448588,0,0.9534218867738673,1.7429533627506822e-06,0.8562238032191121,0.0555278773545676,89.29925535336025,107,Minimization exited successfully.
3377,0,0,0,0,0,20,0,0,0,0,0,20,0,0,0,0,0,20,0,0,0,0,0,21,0,0,0,0,0,21,0.244478,53645.82179035356,6.413471565931334e-05,1.1547256569142679,-0.0028078600678751453,0,0.33863357145673945,2.324908984856901e-06,0.3261584415300103,0.03122003204710211,85.78164854229276,98,Minimization exited successfully.
3426,0,0,0,0,20,0,0,0,0,0,19,0,0,0,0,0,20,0,0,0,0,0,20,0,0,0,0,0,20,0,0.231166,53642.72193721179,5.6734863852115345e-05,-0.4822046252597856,-0.1156498988688977,0,0.43054256897448795,2.6108706605620933e-06,0.40108723269228985,0.039173215563944264,132.6651285367187,95,Minimization exited successfully.
3451,0,0,0,0,21,0,0,0,0,0,21,0,0,0,0,0,20,0,0,0,0,0,19,0,0,0,0,0,20,0,0.248351,53645.24755170232,6.554832160782703e-05,0.6354719261165904,-0.051201825159067904,0,0.30189738702756586,2.424889824338557e-06,0.30659507821095433,0.033123887613471986,77.05653570993886,97,Minimization exited successfully.
3452,0,0,0,0,21,0,0,0,0,0,21,0,0,0,0,0,20,0,0,0,0,0,20,0,0,0,0,0,21,0,0.229666,53648.46560422522,7.257355434187345e-05,0.8862919036714842,-0.04896151794583714,0,0.27882868047527154,2.679526167781023e-06,0.285535192071376,0.030766317206753713,83.01672497224214,99,Minimization exited successfully.
3475,0,0,20,0,0,0,0,0,20,0,0,0,0,0,19,0,0,0,0,0,20,0,0,0,0,0,20,0,0,0,0.299548,53643.28738642056,2.4187482889089227e-05,-3.672656237957023,0.012060341947835007,0,0.7548093425539264,1.908324924284887e-06,0.7291130304080307,0.06528592347695042,161.7254905368198,95,Minimization exited successfully.
3479,0,0,18,0,0,0,0,0,20,0,0,0,0,0,20,0,0,0,0,0,20,0,0,0,0,0,20,0,0,0,0.252419,nan,nan,nan,nan,5.9e-05,nan,nan,nan,nan,nan,nan,No data points with S/N > 5. Initial guessing failed.
3480,0,0,18,0,0,0,0,0,20,0,0,0,0,0,20,0,0,0,0,0,20,0,0,0,0,0,20,0,0,0,0.17373,nan,nan,nan,nan,2.9e-05,nan,nan,nan,nan,nan,nan,No data points with S/N > 5. Initial guessing failed.
3488,20,0,0,0,0,0,21,0,0,0,0,0,21,0,0,0,0,0,21,0,0,0,0,0,21,0,0,0,0,0,0.15883,53646.31033948734,4.766024312115785e-05,-0.04801700608579029,0.2952846379897671,0,0.3636767517818953,2.5482772348611767e-06,0.4025973831177163,0.04543766083819911,119.07035060580792,79,Minimization exited successfully.
3508,0,0,18,0,0,0,0,0,20,0,0,0,0,0,20,0,0,0,0,0,20,0,0,0,0,0,19,0,0,0,0.495076,53644.40640159685,2.36311572417347e-05,0.6486017583682111,-0.1623056860729134,0,0.7124770611699205,1.4050419353150982e-06,0.6269725967612803,0.045347217894446734,71.99757450224041,75,Minimization exited successfully.
3527,0,0,22,0,0,0,0,0,22,0,0,0,0,0,21,0,0,0,0,0,22,0,0,0,0,0,22,0,0,0,0.418798,53635.44048763292,1.309062529594035e-05,3.6677109554685394,0.10425208702110733,0,1.757950735558552,1.4092142463230374e-06,1.6772120247116096,0.11012007318574021,97.64112299179197,105,Minimization exited successfully.
3532,0,0,21,0,0,0,0,0,21,0,0,0,0,0,22,0,0,0,0,0,23,0,0,0,0,0,21,0,0,0,0.181326,nan,nan,nan,nan,2.1e-05,nan,nan,nan,nan,nan,nan,No data points with S/N > 5. Initial guessing failed.
3535,0,0,21,0,0,0,0,0,22,0,0,0,0,0,23,0,0,0,0,0,23,0,0,0,0,0,22,0,0,0,0.307551,53638.49205511775,2.741452807364125e-05,1.0172038727933135,0.05947502929078641,0,0.7727992686122889,1.5850079178501838e-06,0.66489167810728,0.052846375245735044,70.55407101931029,107,Minimization exited successfully.
3565,0,0,0,0,17,0,0,0,0,0,20,0,0,0,0,0,19,0,0,0,0,0,19,0,0,0,0,0,19,0,0.288229,53645.49267918864,3.815848242835068e-05,-0.6653504443900733,-0.1545274724778709,0,0.4470025624978007,1.8705508540393923e-06,0.45255698931977273,0.03994413023115145,54.366050222444905,90,Minimization exited successfully.
3592,0,0,0,0,18,0,0,0,0,0,21,0,0,0,0,0,21,0,0,0,0,0,21,0,0,0,0,0,21,0,0.085433,53645.0862216354,0.000517520151424109,-0.12401170628779301,-0.031714356241527186,0,0.07339418031187961,1.2695518014671644e-05,0.07963088406374386,0.020591225680140185,436.926883447087,77,Minimization exited successfully.
3593,0,0,0,0,11,0,0,0,0,0,21,0,0,0,0,0,21,0,0,0,0,0,21,0,0,0,0,0,21,0,0.35505,53626.6511224632,2.2011991584900967e-05,1.495622889301381,0.016898816356920587,0,1.1832177551696077,1.7960084719649554e-06,0.9936845486572148,0.06762249211089172,61.57915082088001,91,Minimization exited successfully.
3644,0,0,0,0,0,18,0,0,0,0,0,22,0,0,0,0,0,22,0,0,0,0,0,21,0,0,0,0,0,21,0.214418,nan,nan,nan,nan,8e-05,nan,nan,nan,nan,nan,nan,No data points with S/N > 5. Initial guessing failed.
3780,0,0,0,0,16,0,0,0,0,0,17,0,0,0,0,0,17,0,0,0,0,0,17,0,0,0,0,0,17,0,0.360378,53641.90504195471,1.72798669535959e-05,3.0765620804731793,0.021550933940550077,0,1.861966991549707,1.8820298280540502e-06,1.4842441728160898,0.0723837761645503,51.74374603237794,80,Minimization exited successfully.
3811,0,0,0,0,17,0,0,0,0,0,17,0,0,0,0,0,17,0,0,0,0,0,17,0,0,0,0,0,17,0,0.417873,53633.17402881199,1.8978961588387577e-05,-1.0986354936052756,-0.14374155105125813,0,1.1175055225066899,1.736852399797512e-06,1.043016806660615,0.09452767935507259,78.90677007685841,81,Minimization exited successfully.
3825,0,0,0,0,17,0,0,0,0,0,17,0,0,0,0,0,17,0,0,0,0,0,16,0,0,0,0,0,17,0,0.312029,53644.59563000062,2.5981502291429757e-05,-1.1228366123836055,-0.005793841500875918,0,0.9761597336146224,2.5948613780386863e-06,0.941783135272769,0.08048336536984518,87.91603980337058,80,Minimization exited successfully.
3881,0,19,0,0,0,0,0,19,0,0,0,0,0,20,0,0,0,0,0,21,0,0,0,0,0,20,0,0,0,0,0.32616,53636.5110629154,2.79517938768295e-05,-0.6457221559891435,-0.11012474370972214,0,0.6299715724017005,1.7333968293822817e-06,0.5808528096451229,0.06228047359739525,76.67113153569782,95,Minimization exited successfully.
3887,0,0,0,12,0,0,0,0,0,14,0,0,0,0,0,17,0,0,0,0,0,17,0,0,0,0,0,17,0,0,0.297161,53624.73326574317,2.5092593392198323e-05,-2.613341667461271,0.061760519853138574,0,1.509260055001505,2.1176884885822096e-06,1.0503392567066412,0.0801006898033019,92.64407674950911,73,Minimization exited successfully.
3889,0,20,0,0,0,0,0,20,0,0,0,0,0,20,0,0,0,0,0,20,0,0,0,0,0,20,0,0,0,0,0.227878,53634.595744101774,2.1527212517911674e-05,1.1618033796690739,0.31009829360752916,0,1.086709507417254,1.516816578873425e-06,0.7286870245918338,0.057691891572419496,77.4466456612594,96,Minimization exited successfully.
3901,0,0,20,16,0,0,0,0,20,17,0,0,0,0,20,17,0,0,0,0,20,17,0,0,0,0,20,17,0,0,0.061697,53655.944057301946,0.0010503475467081244,1.3715398811986654,0.044222741859858195,0,0.07753127300384222,2.122230751126807e-05,0.10044239338870309,0.016044892113649456,245.35908603305978,143,Minimization exited successfully.
3945,0,0,16,0,0,0,0,0,18,0,0,0,0,0,18,0,0,0,0,0,17,0,0,0,0,0,19,0,0,0,0.260455,53644.01640419962,4.6132948572325246e-05,0.7119317523836717,-0.131455298879528,0,0.5724849841317337,3.1752910356305784e-06,0.5609948813479111,0.0537326405943534,87.68450815782936,84,Minimization exited successfully.
3959,0,0,0,0,19,0,0,0,0,0,25,0,0,0,0,0,25,0,0,0,0,0,24,0,0,0,0,0,25,0,0.182509,53648.19289609762,2.6558085237167184e-05,0.443995427283995,0.3223295907416348,0,0.6193464249263343,1.8667154780808991e-06,0.6872944394184106,0.055284059017647436,90.54431689506634,89,Minimization exited successfully.
3975,0,0,0,38,0,0,0,0,0,40,0,0,0,0,0,40,0,0,0,0,0,41,0,0,0,0,0,40,0,0,0.392269,53648.605588363076,1.96233264127732e-05,-0.11573204954679994,-0.022521270384125214,0,0.5865931898188137,1.1921285469147778e-06,0.5907934929941767,0.050359264174401064,179.42537339292727,195,Minimization exited successfully.
3983,0,0,15,0,0,0,0,0,15,0,0,0,0,0,16,0,0,0,0,0,16,0,0,0,0,0,15,0,0,0,0.306494,53652.683878815726,3.84995469979707e-05,1.5569421493615918,-0.03068738489998779,0,0.7180825848881796,3.866082471776224e-06,0.7804456885702766,0.06831334127076066,61.947900413573244,73,Minimization exited successfully.
4000,0,0,17,0,0,0,0,0,18,0,0,0,0,0,18,0,0,0,0,0,18,0,0,0,0,0,18,0,0,0,0.276556,53643.27376784148,2.9241914053143857e-05,-0.926189914054417,-0.00264720612855307,0,0.7390311852177547,1.8585315728644749e-06,0.6115980373167809,0.05749367754353593,71.47004857080557,85,Minimization exited successfully.
4019,0,0,0,0,0,18,0,0,0,0,0,19,0,0,0,0,0,20,0,0,0,0,0,20,0,0,0,0,0,19,0.17999,53652.866596863634,6.774991071148178e-05,0.5529885007150339,0.16753635499521857,0,0.24631707113439916,2.8265080237360784e-06,0.2950732231869777,0.03618003869538239,66.46112476642135,73,Minimization exited successfully.
4028,0,0,0,0,0,20,0,0,0,0,0,20,0,0,0,0,0,20,0,0,0,0,0,20,0,0,0,0,0,20,0.343723,53647.03379000276,2.1490373479235435e-05,0.30709759690368443,-0.016877920382721234,0,0.7784046223023324,1.7249770818460171e-06,0.8503167971436882,0.06567022212179185,78.68225750732316,96,Minimization exited successfully.
4035,0,0,0,0,0,39,0,0,0,0,0,39,0,0,0,0,0,39,0,0,0,0,0,39,0,0,0,0,0,39,0.426249,53649.31261952772,2.3249758661948727e-05,-0.17047065726904442,-0.2543253377537007,0,0.43190403962216806,1.138602270200073e-06,0.3061559442767714,0.038364293230885305,184.27996371781887,191,Minimization exited successfully.
4046,0,0,0,0,20,0,0,0,0,0,20,0,0,0,0,0,20,0,0,0,0,0,20,0,0,0,0,0,19,0,0.275441,53645.436442311904,4.051334396843242e-05,1.0367951698544742,0.00340604898982122,0,0.524134991079336,1.8664771811087463e-06,0.5113563379891919,0.042401658534489184,64.9229520536403,95,Minimization exited successfully.
4048,0,0,0,0,21,0,0,0,0,0,20,0,0,0,0,0,20,0,0,0,0,0,20,0,0,0,0,0,20,0,0.433246,53654.03177868309,2.0485513612071847e-05,2.17407706085541,-0.183302506398619,0,0.678250683380611,1.5758333964534233e-06,0.7579209726903979,0.05240709457142498,71.44497077627271,97,Minimization exited successfully.
4059,0,0,0,24,0,0,0,0,0,22,0,0,0,0,0,23,0,0,0,0,0,24,0,0,0,0,0,24,0,0,0.303065,53638.566209451405,2.594873453455604e-05,-0.18716200652249526,0.10384576180675198,0,0.7390897340592346,1.7165492607079679e-06,0.6800897468107401,0.06021664377983049,116.43564644193346,113,Minimization exited successfully.
4079,0,0,0,0,21,0,0,0,0,0,22,0,0,0,0,0,22,0,0,0,0,0,23,0,0,0,0,0,22,0,0.370462,53638.897594826885,2.17161655540668e-05,-0.5809662132050191,-0.06827804097450679,0,1.0742830593808321,1.3140276761025592e-06,0.921786291866904,0.06636545404710098,97.95332859088136,106,Minimization exited successfully.
4110,15,0,0,0,0,0,18,0,0,0,0,0,18,0,0,0,0,0,19,0,0,0,0,0,19,0,0,0,0,0,0.372034,53639.92107275233,2.5772924439030896e-05,0.16806854488326017,-0.15748157953674935,0,0.9494736964297772,1.8531072745406323e-06,0.8135508562784333,0.07401703743743204,56.64788902680533,85,Minimization exited successfully.
4175,19,0,0,0,0,0,20,0,0,0,0,0,21,0,0,0,0,0,21,0,0,0,0,0,21,0,0,0,0,0,0.278076,53642.20144168635,1.2238507880530102e-05,-1.4477131470703721,-0.3758924241232619,0,1.1364160353987245,1.4521105841706902e-06,0.794583204875607,0.07709591287359996,94.17777332016763,98,Minimization exited successfully.
4181,21,0,0,0,0,0,23,0,0,0,0,0,22,0,0,0,0,0,22,0,0,0,0,0,22,0,0,0,0,0,0.28815,53646.92860174318,3.966489116745908e-05,2.9241740905383136,-0.06959370056627229,0,0.5582884687901242,2.6132754390917315e-06,0.7963409631742282,0.04396853656487021,109.65091631890613,106,Minimization exited successfully.
4206,0,18,0,0,0,0,0,19,0,0,0,0,0,20,0,0,0,0,0,20,0,0,0,0,0,19,0,0,0,0,0.289104,53639.84156823966,2.52706013706358e-05,-1.5376407962282057,0.03442879369974039,0,0.8613329093604989,1.8387954690295136e-06,0.6581948308976562,0.07223302770117235,90.09024303367443,92,Minimization exited successfully.
4211,0,20,0,0,0,0,0,20,0,0,0,0,0,20,0,0,0,0,0,20,0,0,0,0,0,20,0,0,0,0,0.248729,53636.30955266697,1.4393583178357038e-05,2.8060819574537295,-0.029791491767950595,0,1.3783177471996169,1.5668583114628047e-06,1.384156400156812,0.09340064221731487,101.95092750402702,96,Minimization exited successfully.
4236,19,0,0,0,0,0,20,0,0,0,0,0,20,0,0,0,0,0,20,0,0,0,0,0,19,0,0,0,0,0,0.342829,53654.19852086417,3.354702613082488e-05,0.7147318851234097,0.03488411904213007,0,0.5041925676232495,1.9276131105522302e-06,0.5193502903950611,0.051273712686580625,71.16068786339281,94,Minimization exited successfully.
4240,20,0,0,0,0,0,20,0,0,0,0,0,20,0,0,0,0,0,20,0,0,0,0,0,20,0,0,0,0,0,0.465493,nan,nan,nan,nan,0.000105,nan,nan,nan,nan,nan,nan,No data points with S/N > 5. Initial guessing failed.
4241,19,0,0,0,0,0,20,0,0,0,0,0,20,0,0,0,0,0,20,0,0,0,0,0,20,0,0,0,0,0,0.330513,53638.486357129164,2.7587679931981857e-05,0.08725340138850068,-0.03908856795908233,0,0.727742877221317,1.5449831470616686e-06,0.6018094811862866,0.05145979811706489,98.32571179040491,95,Minimization exited successfully.
4304,0,0,0,0,0,12,0,0,0,0,0,19,0,0,0,0,0,16,0,0,0,0,0,18,0,0,0,0,0,19,0.211499,nan,nan,nan,nan,3e-05,nan,nan,nan,nan,nan,nan,No data points with S/N > 5. Initial guessing failed.
4307,0,0,0,0,0,18,0,0,0,0,0,18,0,0,0,0,0,18,0,0,0,0,0,17,0,0,0,0,0,17,0.270836,53647.89450273114,4.5790796252147266e-05,1.6435695636337027,0.020114662278056583,0,0.4797762931084435,2.2887366176603545e-06,0.5255135769807304,0.041158551891625594,78.77360002790387,84,Minimization exited successfully.
4311,0,0,0,0,0,14,0,0,0,0,0,19,0,0,0,0,0,19,0,0,0,0,0,19,0,0,0,0,0,19,0.295144,53652.16587822861,3.9302868257448385e-05,-0.15218911275497682,-0.035821421952207055,0,0.44680730124309775,2.2507082539569004e-06,0.45375486963879785,0.05179767451611872,62.479029545362735,86,Minimization exited successfully.
4313,0,0,0,0,0,21,0,0,0,0,0,20,0,0,0,0,0,20,0,0,0,0,0,21,0,0,0,0,0,20,0.390746,53641.054102499504,2.366164859344155e-05,1.0812456567639135,-0.13525435086395848,0,0.8191453309445933,1.4544033335880943e-06,0.6801984954973448,0.05145480040570041,101.46104771287798,98,Minimization exited successfully.
4417,0,19,0,0,0,0,0,20,0,0,0,0,0,20,0,0,0,0,0,20,0,0,0,0,0,20,0,0,0,0,0.360538,53640.46897058148,1.5168079243987885e-05,0.022561998308372466,0.008208061338410455,0,1.3683211740390107,1.315095672801969e-06,1.0637752426820002,0.0733427900160207,83.70074549625724,95,Minimization exited successfully.
4524,0,20,0,0,0,0,0,20,0,0,0,0,0,21,0,0,0,0,0,22,0,0,0,0,0,20,0,0,0,0,0.060897,53655.385861091236,0.002290894168160365,1.9283500290204048,0.20659812005917666,0,0.01950291744651622,1.228862110072863e-05,0.03951551368843731,0.003079069711007021,20159.841210509574,79,Minimization exited successfully.
4530,0,19,0,0,0,0,0,22,0,0,0,0,0,22,0,0,0,0,0,22,0,0,0,0,0,22,0,0,0,0,0.295229,53635.69141544608,1.959704546597274e-05,-2.6070522022256326,0.007078208941881936,0,0.8269867733142746,1.961146045943995e-06,0.9681727103183262,0.09041347052004509,90.49795892744643,103,Minimization exited successfully.
4547,0,0,0,17,0,0,0,0,0,19,0,0,0,0,0,21,0,0,0,0,0,21,0,0,0,0,0,21,0,0,0.439751,53624.84717242059,2.0361450500309685e-05,-0.14321171335607197,-0.12843236140041991,0,1.2106303023429064,1.7100004535609836e-06,0.9131325854420118,0.08420901944852219,86.28840113296769,95,Minimization exited successfully.
4572,0,0,0,23,0,0,0,0,0,22,0,0,0,0,0,25,0,0,0,0,0,24,0,0,0,0,0,22,0,0,0.382993,53643.861972605075,1.893764097534556e-05,-1.302422757304491,0.027084113311544034,0,1.0189358694187831,1.2785717107613437e-06,0.7975318605735853,0.06978501853990443,109.23610737420546,112,Minimization exited successfully.
4577,0,0,0,19,0,0,0,0,0,22,0,0,0,0,0,22,0,0,0,0,0,21,0,0,0,0,0,23,0,0,0.361934,53647.98954971156,2.456145767390394e-05,0.44520869410316966,-0.04788064267377068,0,0.7407594982651062,1.749173449264867e-06,0.7547694584786537,0.05286922046460696,91.73681954024369,103,Minimization exited successfully.
4578,0,0,0,23,0,0,0,0,0,23,0,0,0,0,0,22,0,0,0,0,0,22,0,0,0,0,0,23,0,0,0.412515,53643.845238490605,2.1242262648304975e-05,-0.10405806389155359,-0.1327365926846883,0,0.9597432071277581,1.2392929049126482e-06,0.6317367506627747,0.04974664544663643,121.77499989571993,109,Minimization exited successfully.
4612,20,16,0,0,0,0,19,16,0,0,0,0,20,15,0,0,0,0,20,16,0,0,0,0,20,16,0,0,0,0,0.393403,53640.83956165633,1.257038184188236e-05,-0.3132758188771607,0.04926857120683792,0,1.1769616683632194,9.92777930012012e-07,0.8495930269000334,0.08224679536638468,167.63776197994918,174,Minimization exited successfully.
4639,0,18,0,0,0,0,0,16,0,0,0,0,0,17,0,0,0,0,0,18,0,0,0,0,0,16,0,0,0,0,0.36401,53642.45945839412,2.2225540404617605e-05,1.9497999400271784,-0.1435663283479448,0,0.9967049769511505,2.113640484480705e-06,1.0545653185880868,0.06628507655867558,65.33599332490483,81,Minimization exited successfully.
4651,0,22,0,0,0,0,0,19,0,0,0,0,0,23,0,0,0,0,0,23,0,0,0,0,0,22,0,0,0,0,0.150687,53648.58438866352,2.6835587179614704e-05,-0.3719791568310553,0.49878309066659143,0,0.5572509696430643,2.2498493665074064e-06,0.6377846200158264,0.06254986342741287,64.5836493765215,83,Minimization exited successfully.
4669,22,0,0,0,0,0,22,0,0,0,0,0,22,0,0,0,0,0,22,0,0,0,0,0,21,0,0,0,0,0,0.140794,53647.52551174559,2.7122888149335166e-05,-0.65952644373965,0.46079330875149616,0,0.39084305283176946,1.8895171344435183e-06,0.5025020935910265,0.05479240257442547,114.14628926311639,84,Minimization exited successfully.
4676,0,0,0,0,21,0,0,0,0,0,21,0,0,0,0,0,21,0,0,0,0,0,21,0,0,0,0,0,21,0,0.24371,53653.16065641206,6.187243649051099e-05,0.8363988785940997,-0.09081257948037702,0,0.23724396884426824,2.492835719710292e-06,0.3082235014738792,0.03274642472365835,94.2251900744815,101,Minimization exited successfully.
4679,0,0,0,0,22,0,0,0,0,0,22,0,0,0,0,0,22,0,0,0,0,0,22,0,0,0,0,0,22,0,0.331035,53654.219777525184,2.4535986870313497e-05,0.9059888422241622,0.10746251440999921,0,0.6061609986754775,1.8710355328181712e-06,0.7157022524933634,0.05598927115076935,88.24922733235633,106,Minimization exited successfully.
4682,0,0,0,0,22,0,0,0,0,0,21,0,0,0,0,0,22,0,0,0,0,0,22,0,0,0,0,0,22,0,0.400886,53645.92584600497,1.6160599797964413e-05,-0.5353361427464023,0.04651200526712718,0,1.0504293245539884,1.2974156016581927e-06,0.9302029142403936,0.07252702091867172,93.71540309766044,105,Minimization exited successfully.
4737,19,0,0,0,0,0,23,0,0,0,0,0,22,0,0,0,0,0,22,0,0,0,0,0,21,0,0,0,0,0,0.464087,53653.48996580028,1.9643898542706096e-05,0.32731226075812536,-0.11806802593430615,0,0.6537310384810553,2.1031990945526152e-06,0.8702380546445339,0.07091482240540639,77.05859857299538,103,Minimization exited successfully.
4757,19,0,0,0,0,0,23,0,0,0,0,0,23,0,0,0,0,0,25,0,0,0,0,0,23,0,0,0,0,0,0.435253,53635.47620432938,1.6213952320112968e-05,0.22999524583631725,-0.03910803064795093,0,1.5365328382395091,1.4321238764222747e-06,1.2175999791696563,0.0878918976784342,97.24391225526472,109,Minimization exited successfully.
4779,0,0,0,20,0,0,0,0,0,21,0,0,0,0,0,21,0,0,0,0,0,20,0,0,0,0,0,21,0,0,0.533743,53652.917177302494,1.2578876961030494e-05,-0.8515029468600925,-0.24169210362439453,0,0.9423992729171005,1.5206120688761315e-06,0.889778783065023,0.06094478038068518,59.04746093976078,79,Minimization exited successfully.
4857,0,0,21,0,0,0,0,0,22,0,0,0,0,0,22,0,0,0,0,0,21,0,0,0,0,0,22,0,0,0,0.515438,53638.52407395427,1.1412479615918736e-05,0.4265973882869245,-0.2342682591324755,0,1.6079891596309608,1.1922676308483155e-06,1.6923410359594537,0.08893698262807032,56.25271516395229,83,Minimization exited successfully.
4969,0,20,0,0,0,0,0,19,0,0,0,0,0,18,0,0,0,0,0,18,0,0,0,0,0,18,0,0,0,0,0.305176,53654.45529005713,2.0694939084520692e-05,-0.4967803998232352,0.15127477870418005,0,0.825884604415478,2.06827452941108e-06,0.8854127316779052,0.08466363879525296,93.21085257652713,89,Minimization exited successfully.
4978,0,16,0,0,0,0,0,21,0,0,0,0,0,21,0,0,0,0,0,21,0,0,0,0,0,20,0,0,0,0,0.28063,53657.103157492544,2.7478313922532358e-05,-0.9148780615319669,0.0797944687869615,0,0.603014332071325,1.8984628008790468e-06,0.5396178056523844,0.06456205924913039,57.97985139136649,95,Minimization exited successfully.
5103,0,0,0,0,20,0,0,0,0,0,20,0,0,0,0,0,20,0,0,0,0,0,20,0,0,0,0,0,20,0,0.160592,53654.68506993299,0.00011903087702501619,-0.10233111841075626,0.02902137357334378,0,0.15782973562090774,3.609982746547584e-06,0.16386304503812088,0.026915151552940664,52.15925169717995,76,Minimization exited successfully.
5183,0,0,0,0,20,0,0,0,0,0,20,0,0,0,0,0,22,0,0,0,0,0,22,0,0,0,0,0,21,0,0.389088,53646.930484569384,1.7079156818496367e-05,0.33439733493795565,-0.01632628088987431,0,1.034241081939399,1.4620541731753812e-06,0.9705609449475183,0.07065999127239564,61.72427983207885,101,Minimization exited successfully.
5199,19,0,0,0,0,0,18,0,0,0,0,0,19,0,0,0,0,0,18,0,0,0,0,0,19,0,0,0,0,0,0.220456,53651.082826690654,3.5344344595507056e-05,0.9244255604065117,0.1391815672845501,0,0.5156690345829702,2.2597425417626725e-06,0.5756793209932414,0.052820190078261886,79.07132035945233,89,Minimization exited successfully.
5209,19,0,0,0,0,0,20,0,0,0,0,0,21,0,0,0,0,0,21,0,0,0,0,0,20,0,0,0,0,0,0.28274,nan,nan,nan,nan,6.1e-05,nan,nan,nan,nan,nan,nan,No data points with S/N > 5. Initial guessing failed.
5230,0,0,0,0,20,20,0,0,0,0,20,19,0,0,0,0,20,18,0,0,0,0,21,18,0,0,0,0,21,19,0.320475,53648.937435164815,2.2852482900887203e-05,0.40311864527250574,0.07192063502227763,0,0.6111828331377183,1.571222262216482e-06,0.6288563467387518,0.05407775250311553,162.27660113842558,192,Minimization exited successfully.
5235,0,0,0,0,24,0,0,0,0,0,24,0,0,0,0,0,31,0,0,0,0,0,24,0,0,0,0,0,30,0,0.250714,53649.85901023569,3.820198228915078e-05,-0.5504153619118624,0.04844562922117346,0,0.4251260553137399,2.0548540938594706e-06,0.3921830841336398,0.047822887244127366,121.78329958615788,129,Minimization exited successfully.
5340,0,0,15,0,0,0,0,0,16,0,0,0,0,0,15,0,0,0,0,0,14,0,0,0,0,0,16,0,0,0,0.192595,53643.44451397806,9.381215956853372e-05,-0.410874284804696,-0.004803731378820619,0,0.2895956138600013,3.367750951944051e-06,0.3011758851715727,0.03141615392289429,1475.1314118929554,72,Minimization exited successfully.
5350,0,15,0,0,0,0,0,15,0,0,0,0,0,14,0,0,0,0,0,12,0,0,0,0,0,15,0,0,0,0,0.17431,53658.90575169616,7.520742776110922e-05,-0.5846003729636182,0.03930632824815217,0,0.2979732008643623,3.3236597029164013e-06,0.34840030839133895,0.03936217434876532,46.39024235003203,52,Minimization exited successfully.
5378,15,0,0,0,0,0,22,0,0,0,0,0,23,0,0,0,0,0,22,0,0,0,0,0,21,0,0,0,0,0,0.250112,53659.19939121783,7.174346400514674e-05,-1.0312908577121878,-0.21278088308512255,0,0.344719315002294,2.316069024078936e-06,0.2739350987788196,0.03022878377320598,921.178690407821,99,Minimization exited successfully.
5391,23,0,0,0,0,0,22,0,0,0,0,0,25,0,0,0,0,0,26,0,0,0,0,0,25,0,0,0,0,0,0.300212,53658.59829089223,2.8902250332537294e-05,0.2057230241578054,0.017886961719358885,0,0.5260852709361643,1.809976360224314e-06,0.5452742555212091,0.054270481314700136,111.69389481847912,117,Minimization exited successfully.
5395,0,0,0,22,0,0,0,0,0,24,0,0,0,0,0,25,0,0,0,0,0,24,0,0,0,0,0,23,0,0,0.116348,53663.89415681995,0.00023611562416345016,1.1409891943270196,0.025704638303687632,0,0.18674020698017557,6.090964347476294e-06,0.15278998484271655,0.022644118372597666,56.12465410758941,91,Minimization exited successfully.
5473,0,0,0,19,0,0,0,0,0,19,0,0,0,0,0,19,0,0,0,0,0,20,0,0,0,0,0,20,0,0,0.275583,53656.71939603927,3.4619641506453964e-05,-1.0257835183072528,-0.05471087951998044,0,0.5065499248630658,1.8425056931695158e-06,0.41776769521479307,0.05049727015391342,85.14751888065341,93,Minimization exited successfully.
5486,0,0,18,0,0,0,0,0,19,0,0,0,0,0,18,0,0,0,0,0,18,0,0,0,0,0,19,0,0,0,0.22813,53653.31348265224,4.048934597703168e-05,1.4328210078028425,0.13617648742723376,0,0.5610820828369469,2.701884807569806e-06,0.6146852995904402,0.05175821634435107,92.5902423010923,88,Minimization exited successfully.
5533,0,0,0,20,16,0,0,0,0,20,15,0,0,0,0,20,16,0,0,0,0,19,16,0,0,0,0,20,15,0,0.218868,53667.60894945732,4.9973076979573924e-05,0.103464655144057,0.05381485855632484,0,0.3395723787980387,1.3790952085608616e-06,0.2919660227979217,0.025365210995535237,164.69918854809242,173,Minimization exited successfully.
5549,0,0,0,19,0,0,0,0,0,21,0,0,0,0,0,20,0,0,0,0,0,19,0,0,0,0,0,18,0,0,0.119914,53666.150090434756,0.0002249686716138391,0.30357225011112465,0.021412388098796642,0,0.11679971732883132,5.735960334628658e-06,0.1088643334302799,0.02234029070955562,77.82028274521403,75,Minimization exited successfully.
5550,0,0,0,18,0,0,0,0,0,20,0,0,0,0,0,19,0,0,0,0,0,19,0,0,0,0,0,21,0,0,0.154924,53671.380173405436,0.00018817977653845684,1.8614906409395164,-0.03671837597358574,0,0.28165503193667973,4.9974756983937955e-06,0.26605512429811906,0.023524433388494692,34.069442944131396,72,Minimization exited successfully.
5588,0,0,0,0,0,18,0,0,0,0,0,20,0,0,0,0,0,20,0,0,0,0,0,20,0,0,0,0,0,20,0.40946,53661.76847173647,1.6185333802134217e-05,0.38383257610929444,-0.0661167517510125,0,1.0507061458301905,1.5273310514106465e-06,1.0052065916228865,0.07202158618858251,84.6004178812749,94,Minimization exited successfully.
5590,20,0,0,0,0,0,20,0,0,0,0,0,20,0,0,0,0,0,20,0,0,0,0,0,19,0,0,0,0,0,0.446093,53640.57337781043,1.5739727031698902e-05,0.2922539331495413,-0.23189663396103044,0,0.9681840835110052,1.164927205358073e-06,0.4660782951359339,0.05908496203223873,91.11661698197287,95,Minimization exited successfully.
5635,0,0,18,0,0,0,0,0,18,0,0,0,0,0,20,0,0,0,0,0,20,0,0,0,0,0,18,0,0,0,0.178391,53662.22041920146,6.516505022828245e-05,0.15476969912160143,0.010453649251895847,0,0.3154659373140021,2.704934690590937e-06,0.3814013463349277,0.03603946724227408,71.79653854780514,72,Minimization exited successfully.
5659,0,0,19,0,0,0,0,0,21,0,0,0,0,0,18,0,0,0,0,0,21,0,0,0,0,0,20,0,0,0,0.489078,53664.754665814384,1.3889962357072626e-05,2.9687043057568507,-0.05955364188980261,0,1.4063374004763318,1.458861488704832e-06,1.695803194240923,0.0795479766754188,86.02294863155561,95,Minimization exited successfully.
5689,0,0,0,0,20,0,0,0,0,0,19,0,0,0,0,0,20,0,0,0,0,0,20,0,0,0,0,0,20,0,0.169789,53660.758090740965,4.310571319131429e-05,0.11388625505695238,0.3803329201315895,0,0.3831679358991096,2.37575927559089e-06,0.47604642839341915,0.04390912132664182,88.92010999659107,75,Minimization exited successfully.
5690,20,0,0,0,0,0,20,0,0,0,0,0,20,0,0,0,0,0,20,0,0,0,0,0,20,0,0,0,0,0,0.221088,53657.40368406431,1.423334028125972e-05,-0.035419020404332535,-0.055127535026168184,0,1.100388314400334,1.8061682382553016e-06,1.1111447228025642,0.12386527235892814,111.43118247264402,96,Minimization exited successfully.
5691,0,0,20,0,0,0,0,0,20,0,0,0,0,0,21,0,0,0,0,0,21,0,0,0,0,0,20,0,0,0,0.284349,53653.1501793896,2.0662434755300828e-05,0.7065363916776679,0.37548586339657664,0,0.6912621984811267,1.946685014978382e-06,0.7778864200491133,0.07175130751072978,85.42541555395957,98,Minimization exited successfully.
5717,0,0,21,17,0,0,0,0,20,17,0,0,0,0,21,16,0,0,0,0,21,16,0,0,0,0,20,17,0,0,0.250368,53664.19054423884,4.8571730918044175e-05,1.502249707460626,-0.009025990302815812,0,0.3395882374206849,1.5725302022606708e-06,0.346539743310458,0.02684326077892879,143.3043716142804,182,Minimization exited successfully.
5736,0,31,0,0,0,0,0,38,0,0,0,0,0,37,0,0,0,0,0,38,0,0,0,0,0,38,0,0,0,0,0.25174,53665.81287069595,4.485952188739844e-05,-0.1829914663692529,0.015518034787585178,0,0.2937619563563203,1.5995444993466282e-06,0.2954516583146103,0.03291501858816098,158.35966858722657,178,Minimization exited successfully.
5737,0,19,0,0,0,0,0,22,0,0,0,0,0,21,0,0,0,0,0,21,0,0,0,0,0,22,0,0,0,0,0.391599,53665.391839112024,1.980422791049985e-05,1.3701084334073101,0.024681485100229272,0,0.9447201784569188,1.5683498627298846e-06,1.1070637413532438,0.06752860193417082,78.32337357380877,101,Minimization exited successfully.
5751,0,0,0,0,20,16,0,0,0,0,20,16,0,0,0,0,20,16,0,0,0,0,20,17,0,0,0,0,20,17,0.129282,53666.03649165044,0.00015269380594601977,0.6567307236201039,0.14735749305683976,0,0.13051700902360608,3.170145071956657e-06,0.11724698543996936,0.01804948473405288,130.22240758860164,141,Minimization exited successfully.
5776,0,0,15,0,0,0,0,0,18,0,0,0,0,0,17,0,0,0,0,0,17,0,0,0,0,0,17,0,0,0,0.23722,53652.692472095056,4.500558183783532e-05,0.03896222286036277,-0.11115805552569052,0,0.6421761326710111,3.5065950161861094e-06,0.504221902150249,0.056687122855755695,110.56612918645013,80,Minimization exited successfully.
5802,0,0,0,0,11,16,0,0,0,0,11,18,0,0,0,0,14,17,0,0,0,0,12,17,0,0,0,0,14,18,0.299152,53659.352348033615,3.8490376847812313e-05,0.5379905298773755,-0.016846235584102587,0,0.4301064713363303,1.8094952816248582e-06,0.45212488373975823,0.03931617062007825,177.20151467050562,144,Minimization exited successfully.
5803,0,0,0,0,0,20,0,0,0,0,0,19,0,0,0,0,0,20,0,0,0,0,0,19,0,0,0,0,0,18,0.6855,53666.95334096359,2.2961374114193467e-05,0.135914487987697,-0.32682769839576575,0,1.1002715434151469,1.4697417689603376e-06,0.17691424151987434,0.0459775169298583,89.77868832467627,72,Minimization exited successfully.
5807,0,0,0,0,0,19,0,0,0,0,0,21,0,0,0,0,0,21,0,0,0,0,0,21,0,0,0,0,0,21,0.194027,53664.76750915595,2.9842974395447585e-05,2.4802728105928784,0.4368786039482291,0,0.6516511197914951,1.9436544774054116e-06,0.7366492767915025,0.052510685827846126,152.58091968637206,99,Minimization exited successfully.
5821,0,16,0,0,0,0,0,17,0,0,0,0,0,18,0,0,0,0,0,16,0,0,0,0,0,17,0,0,0,0,0.399403,53656.81242595036,1.872602531902412e-05,-0.3657782729523458,-0.13825243596473125,0,0.953178622690757,1.7516925040504675e-06,0.8742295004527043,0.07763607988018634,52.54624989093713,80,Minimization exited successfully.
5844,19,17,0,0,0,0,20,18,0,0,0,0,20,17,0,0,0,0,20,18,0,0,0,0,20,18,0,0,0,0,0.309294,53663.630386308505,3.277836912964349e-05,-0.03936596380008961,-0.09640847129708985,0,0.5322396598967316,1.5132338724856144e-06,0.4962441977475667,0.03913477396582865,192.33660906807606,183,Minimization exited successfully.
5859,0,15,0,0,0,0,0,16,0,0,0,0,0,15,0,0,0,0,0,15,0,0,0,0,0,16,0,0,0,0,0.238695,53655.23140317297,2.1737210133953853e-05,0.23929339028459484,0.08038830147650489,0,1.1496696960966801,2.637846718047815e-06,0.9083741138841885,0.09813249843247379,92.9520032229994,73,Minimization exited successfully.
5869,0,18,0,0,0,0,0,18,0,0,0,0,0,17,0,0,0,0,0,18,0,0,0,0,0,19,0,0,0,0,0.15728,53653.310516482336,2.1299963082457297e-05,2.2706904283182023,-0.16941876799366012,0,0.9706864912150195,2.093598908666367e-06,1.04791229580057,0.09316336168916667,96.86919930823888,67,Minimization exited successfully.
5890,0,0,0,0,18,0,0,0,0,0,17,0,0,0,0,0,19,0,0,0,0,0,19,0,0,0,0,0,17,0,0.178575,53653.69387591569,9.079708398090497e-05,0.255156248193221,0.013440300668024152,0,0.3263917401745857,3.8379387006951e-06,0.35186135600569735,0.03395731572249125,55.45108687005296,69,Minimization exited successfully.
5897,0,19,0,0,0,0,0,21,0,0,0,0,0,21,0,0,0,0,0,22,0,0,0,0,0,22,0,0,0,0,0.367892,53664.24219840919,2.272863899967642e-05,1.20237336410327,0.025520144598720873,0,0.9576193756329303,1.5281410535018793e-06,0.9361974889739839,0.06597822316531754,95.82987658760851,101,Minimization exited successfully.
5909,14,0,0,0,0,0,17,0,0,0,0,0,17,0,0,0,0,0,17,0,0,0,0,0,17,0,0,0,0,0,0.346141,53655.06970107393,2.3583585467664703e-05,2.5778873412404018,0.010216079349144813,0,0.7781894502440991,2.410352071791355e-06,1.0369674523975343,0.07772841734594504,57.486370906774496,78,Minimization exited successfully.
5916,0,0,16,0,0,0,0,0,16,0,0,0,0,0,15,0,0,0,0,0,16,0,0,0,0,0,16,0,0,0,0.172701,53664.18605311704,0.00011330244972305309,-0.47875595719452857,0.002931819861195395,0,0.25207587696786504,3.868377171278304e-06,0.2351114669649843,0.029661855316623048,69.69386184105763,59,Minimization exited successfully.
5917,0,0,16,0,0,0,0,0,16,0,0,0,0,0,16,0,0,0,0,0,16,0,0,0,0,0,15,0,0,0,0.2949,53665.48335692794,5.1341602161909245e-05,0.3070811551894206,-0.09017833144671905,0,0.5212156500383571,2.2719535657200776e-06,0.45318744749305173,0.03885965655629067,47.70978408463954,75,Minimization exited successfully.
5925,19,0,0,0,0,0,19,0,0,0,0,0,19,0,0,0,0,0,19,0,0,0,0,0,19,0,0,0,0,0,0.395188,53657.165378175625,2.2540344348639383e-05,1.4502982936934403,-0.002757938090917733,0,0.6872728276903217,1.9507060810514117e-06,0.860847965676824,0.06564980227766926,77.75248853942989,91,Minimization exited successfully.
5944,0,0,38,0,0,0,0,0,41,0,0,0,0,0,37,0,0,0,0,0,41,0,0,0,0,0,39,0,0,0,0.04495,53667.80877231535,0.0019185668758764135,0.753240721123273,-0.017052307884024454,0,0.06757707729775575,4.347576487298912e-05,0.057259628483159464,0.019475955283890706,137.3105162311527,153,Minimization exited successfully.
5957,0,0,19,0,0,0,0,0,20,0,0,0,0,0,21,0,0,0,0,0,20,0,0,0,0,0,19,0,0,0,0.279228,53666.756570615486,4.2459889203070586e-05,-0.018061020737153655,-0.07906680970530827,0,0.4075460908061359,1.7067390156054455e-06,0.4125856724518462,0.03652931572329704,74.20600256006036,95,Minimization exited successfully.
5959,0,0,20,0,0,0,0,0,22,0,0,0,0,0,22,0,0,0,0,0,22,0,0,0,0,0,22,0,0,0,0.206754,53666.72536001811,7.687590300984009e-05,-0.05769892678923405,-0.05181812829725996,0,0.2570815922881593,2.4751544209547483e-06,0.26669870306400867,0.02985710115190554,72.98934954889364,104,Minimization exited successfully.
5963,0,0,0,0,15,0,0,0,0,0,16,0,0,0,0,0,17,0,0,0,0,0,17,0,0,0,0,0,17,0,0.23552,53667.06457914721,6.262622306680676e-05,-0.056763756862363124,-8.785432165203666e-05,0,0.44307334551922395,2.378039235472198e-06,0.3628430618906915,0.0355186947122213,80.10958513556008,78,Minimization exited successfully.
5966,0,0,0,0,12,0,0,0,0,0,17,0,0,0,0,0,17,0,0,0,0,0,17,0,0,0,0,0,17,0,0.308214,53660.13573337502,3.158947839448617e-05,0.2712937761943559,-0.004856206855692158,0,1.174382449597033,2.233772843824309e-06,0.9162544217286577,0.05731741820630398,124.11076391644691,76,Minimization exited successfully.
5978,0,0,0,0,0,19,0,0,0,0,0,18,0,0,0,0,0,18,0,0,0,0,0,19,0,0,0,0,0,19,0.279422,53660.918168825585,1.8556463050535544e-05,1.1064620208573883,0.24443612869038722,0,1.3901950352883432,2.0106874141309627e-06,1.2725695560709558,0.08366239035342787,99.98841767023643,89,Minimization exited successfully.
5993,0,0,0,19,0,0,0,0,0,18,0,0,0,0,0,19,0,0,0,0,0,19,0,0,0,0,0,19,0,0,0.376415,53655.32011622187,2.5565622317352266e-05,0.44301712006786964,0.04326939804828056,0,0.6975110969615343,2.0526320590903708e-06,0.6906401796281019,0.07356942064879918,77.39685921376352,90,Minimization exited successfully.
5994,0,0,21,0,0,0,0,0,21,0,0,0,0,0,21,0,0,0,0,0,21,0,0,0,0,0,21,0,0,0,0.185813,53665.77737172734,8.810549708315462e-05,0.7651254300838515,-0.0012635970935531704,0,0.2788782489406003,3.1604749124472555e-06,0.2824946028453992,0.02932093999898472,54.08538661871153,80,Minimization exited successfully.
6057,11,0,0,0,0,0,21,0,0,0,0,0,23,0,0,0,0,0,21,0,0,0,0,0,22,0,0,0,0,0,0.066511,53663.64867050228,0.0004329196711296518,-0.41221492859402176,0.16710184430501707,0,0.12686433330600266,1.0956622116917018e-05,0.10770573146764306,0.021916471529017933,86.07776314853605,72,Minimization exited successfully.
6100,0,0,0,0,0,18,0,0,0,0,0,21,0,0,0,0,0,20,0,0,0,0,0,20,0,0,0,0,0,19,0.316132,53665.677760918334,2.291775469728502e-05,2.062014842328934,0.0648989329405929,0,1.0946932206570636,1.7845796830905088e-06,1.084871730669196,0.061936410864888436,73.04568031145641,94,Minimization exited successfully.
6108,0,0,0,20,0,0,0,0,0,18,0,0,0,0,0,19,0,0,0,0,0,20,0,0,0,0,0,19,0,0,0.257998,53675.21020973805,3.597612544369078e-05,0.7509682557881456,0.055814605806174256,0,0.656511373934336,1.4253862322267947e-06,0.6274846941752763,0.041830229978955136,81.1264062602599,92,Minimization exited successfully.
6120,0,0,18,0,0,0,0,0,18,0,0,0,0,0,20,0,0,0,0,0,20,0,0,0,0,0,19,0,0,0,0.468398,53665.15088434288,1.4769620617542389e-05,1.0466981112937832,0.002105538995004763,0,1.2705799392606423,1.3291954137692466e-06,1.3387513125182657,0.08875722513950848,61.67592771398208,91,Minimization exited successfully.
6121,0,0,0,22,0,0,0,0,0,23,0,0,0,0,0,23,0,0,0,0,0,22,0,0,0,0,0,22,0,0,0.35547,53664.2090620419,1.6158366559342884e-05,-0.2820712705072923,0.14805878170771336,0,2.055206309778441,1.6602012093451526e-06,1.2557766565365154,0.08827499642849923,111.64481787984562,108,Minimization exited successfully.
6127,0,0,19,0,0,0,0,0,21,0,0,0,0,0,19,0,0,0,0,0,20,0,0,0,0,0,20,0,0,0,0.287037,53671.23335531144,2.424567699734481e-05,2.6218123798011312,0.17300251926246335,0,1.1436571660160553,1.6788374039664038e-06,1.362037269902324,0.05626692825892721,99.77436901898125,95,Minimization exited successfully.
6137,0,0,0,20,0,0,0,0,0,20,0,0,0,0,0,19,0,0,0,0,0,19,0,0,0,0,0,19,0,0,0.298878,53670.12337150802,3.2378365199159095e-05,0.019989830702588307,-0.058302090058283795,0,0.925864909277152,1.6822205675511029e-06,0.7116114503991149,0.046758677389242526,84.75325922811463,93,Minimization exited successfully.
6192,0,0,0,0,0,18,0,0,0,0,0,18,0,0,0,0,0,18,0,0,0,0,0,19,0,0,0,0,0,19,0.270906,53673.01464998618,3.357348379025987e-05,-1.5766770075462802,-0.027412960316816004,0,0.5424196133026271,1.4605404170528466e-06,0.7456548092474555,0.04537848027300179,79.4200824216123,88,Minimization exited successfully.
6196,0,20,0,0,0,0,0,19,0,0,0,0,0,20,0,0,0,0,0,20,0,0,0,0,0,21,0,0,0,0,0.2798,53669.62435376894,3.639024780040162e-05,-1.367173033630201,0.014054490896658667,0,0.5303798603927135,1.671369747337919e-06,0.559663101338427,0.0446229872034338,80.00821502890932,96,Minimization exited successfully.
6216,0,20,0,0,0,0,0,19,0,0,0,0,0,20,0,0,0,0,0,20,0,0,0,0,0,19,0,0,0,0,0.174125,53674.46357119752,2.320584777537188e-05,0.7232505192320264,0.17943095306860957,0,0.9640834884121432,1.3645161021187688e-06,1.0647682030191796,0.0577609239802081,76.59530039066999,75,Minimization exited successfully.
6225,20,0,0,0,0,0,21,0,0,0,0,0,20,0,0,0,0,0,20,0,0,0,0,0,21,0,0,0,0,0,0.335997,53672.658222485734,2.359834209102296e-05,-0.5190517671713755,-0.12069197038956742,0,0.8649391668659518,1.2790793902081585e-06,0.8408225666787514,0.055269584221849216,79.20561702711146,98,Minimization exited successfully.
6249,0,19,0,0,0,0,0,20,0,0,0,0,0,20,0,0,0,0,0,19,0,0,0,0,0,21,0,0,0,0,0.29353,53675.39601283094,3.159629248812967e-05,0.7387887563651399,0.03972624846633033,0,0.6781665800444898,1.4016740860323108e-06,0.6528453255662541,0.04557479974741119,84.02106690915815,95,Minimization exited successfully.
6274,0,0,0,17,0,0,0,0,0,21,0,0,0,0,0,20,0,0,0,0,0,20,0,0,0,0,0,21,0,0,0.206287,53666.7013661534,2.9760988825464628e-05,-0.7514482564319014,0.0563521334864453,0,0.6340305784724478,1.9480474987179637e-06,0.6365400116760145,0.0570365004225476,110.57012688547803,95,Minimization exited successfully.
6275,0,0,0,21,0,0,0,0,0,21,0,0,0,0,0,21,0,0,0,0,0,22,0,0,0,0,0,21,0,0,0.272185,53670.46471985583,3.308356652059641e-05,0.026992044066521892,0.1653753809738523,0,0.6241533396714658,1.7337710948292493e-06,0.6546489871892422,0.05033435883249693,127.52590724336793,102,Minimization exited successfully.
6295,0,20,0,0,0,0,0,21,0,0,0,0,0,21,0,0,0,0,0,21,0,0,0,0,0,21,0,0,0,0,0.078489,53664.8179541912,7.873282034133898e-05,-3.4158656413587614,0.4972819015860801,0,0.3671422933512076,4.145339200346402e-06,0.32177112684842935,0.046395559689920485,115.28215903228025,79,Minimization exited successfully.
6300,0,21,0,0,0,0,0,21,0,0,0,0,0,21,0,0,0,0,0,22,0,0,0,0,0,22,0,0,0,0,0.357037,53667.23282516175,1.9180795054255517e-05,-4.037645249533291,-0.1376500192885859,0,0.90927149824347,1.4465216883965964e-06,0.9040882920528521,0.0816744083236538,89.76057944167393,103,Minimization exited successfully.
6304,0,0,0,0,0,21,0,0,0,0,0,21,0,0,0,0,0,23,0,0,0,0,0,23,0,0,0,0,0,22,0.189787,53673.16180888801,7.108514773638552e-05,-0.3823077065162739,0.07229283935228137,0,0.2836470363472472,2.2233396282869694e-06,0.3798309745086792,0.029056699300087308,70.24296849340814,84,Minimization exited successfully.
6315,0,0,0,0,0,21,0,0,0,0,0,21,0,0,0,0,0,20,0,0,0,0,0,20,0,0,0,0,0,21,0.265764,53676.578333110716,6.035814274754858e-05,-0.06469186233710111,-0.1239004768463482,0,0.34633153555114404,1.8583887415456184e-06,0.33417572866736434,0.03093123248382912,91.03555451268056,99,Minimization exited successfully.
6326,0,15,0,0,0,0,0,16,0,0,0,0,0,16,0,0,0,0,0,17,0,0,0,0,0,16,0,0,0,0,0.221589,53671.63683590481,5.080848157795803e-05,0.7336618675523807,0.05428145620447078,0,0.5416272580951045,2.122101503764657e-06,0.6226710771288082,0.03744355355033385,106.05835135548224,76,Minimization exited successfully.
6406,25,0,0,0,0,0,25,0,0,0,0,0,25,0,0,0,0,0,24,0,0,0,0,0,25,0,0,0,0,0,0.123762,53674.78578760379,0.00020637539521903143,0.13977227553282923,0.038101192995386945,0,0.11324386612977833,5.1710149535319516e-06,0.13816267138396165,0.02204011090861907,73.22236126641725,95,Minimization exited successfully.
6422,0,19,0,0,0,0,0,18,0,0,0,0,0,19,0,0,0,0,0,18,0,0,0,0,0,18,0,0,0,0,0.185002,53668.08875032621,0.00012583903436589605,0.775415375485383,-0.09158218451654437,0,0.2830050263546582,3.406607888180183e-06,0.23493859630366742,0.02444473177719192,58.91147732502708,70,Minimization exited successfully.
6431,0,14,0,0,0,0,0,16,0,0,0,0,0,16,0,0,0,0,0,15,0,0,0,0,0,15,0,0,0,0,0.253904,53658.95778941805,3.823015794832324e-05,-2.1392678801959986,-0.08716276450693544,0,0.9938415188189538,2.837118799852158e-06,0.6481318721936211,0.06720413708929807,59.898429811868056,72,Minimization exited successfully.
6479,0,0,0,0,17,0,0,0,0,0,17,0,0,0,0,0,17,0,0,0,0,0,17,0,0,0,0,0,17,0,0.233205,53667.36173310141,5.098673409078408e-05,-0.8590241292919281,0.04198873479170562,0,0.5169305163690296,1.928739980155275e-06,0.44226500740908414,0.03727089071486872,80.62580832459852,81,Minimization exited successfully.
6491,0,0,0,0,16,0,0,0,0,0,17,0,0,0,0,0,17,0,0,0,0,0,17,0,0,0,0,0,17,0,0.109018,53665.830700251114,5.841502647595475e-05,-1.1260804701612055,0.12889943774461288,0,0.4069228140542691,3.024505411974713e-06,0.3455669212269381,0.043644986028378074,99.08513408934837,63,Minimization exited successfully.
6496,0,0,0,17,0,0,0,0,0,17,0,0,0,0,0,15,0,0,0,0,0,15,0,0,0,0,0,16,0,0,0.307516,53668.01162778308,2.917681999346555e-05,0.5183386270814161,-0.01636149670357534,0,1.0489387500201701,1.7362588218111647e-06,0.9892955656207141,0.057575881294590125,70.59794812851793,76,Minimization exited successfully.
6530,0,0,0,15,0,0,0,0,0,16,0,0,0,0,0,17,0,0,0,0,0,17,0,0,0,0,0,16,0,0,0.193511,53656.20696653681,8.288602542934952e-05,-1.5776584438330343,-0.10088995788108923,0,0.5391879887974937,4.29902500123272e-06,0.3246244580874236,0.04497564319077041,55.890626347627375,77,Minimization exited successfully.
6535,0,0,0,18,0,0,0,0,0,17,0,0,0,0,0,18,0,0,0,0,0,16,0,0,0,0,0,18,0,0,0.304471,53675.23696243072,4.3641969885311323e-05,0.7141278098304902,0.027112285778888467,0,0.5889328515404486,1.8332356563480198e-06,0.6927651757591753,0.04149087034638116,94.26726053168025,83,Minimization exited successfully.
6556,17,0,0,0,0,0,16,0,0,0,0,0,17,0,0,0,0,0,17,0,0,0,0,0,16,0,0,0,0,0,0.256778,53663.99858227675,4.190516833023183e-05,-0.9616387448146977,0.130975733331949,0,0.6451039366002078,2.3299444310406773e-06,0.5070605291096455,0.04891633664152767,104.42598200852836,79,Minimization exited successfully.
6558,14,0,0,0,0,0,14,0,0,0,0,0,17,0,0,0,0,0,17,0,0,0,0,0,16,0,0,0,0,0,0.056309,53675.04551599239,0.0013097885479005555,1.0403112925011717,-0.021708358982855502,0,0.1272548860142706,3.334782446113877e-05,0.1340958925931761,0.021916896493854088,47.80027291101031,58,Minimization exited successfully.
6560,0,0,0,0,0,17,0,0,0,0,0,16,0,0,0,0,0,17,0,0,0,0,0,17,0,0,0,0,0,17,0.271865,53660.068977157,2.8491212792607633e-05,-1.2856416945480076,-0.053009807703423506,0,1.1834361536202778,2.532547333437691e-06,0.8684172823860563,0.07342024145616527,94.42083231152235,80,Minimization exited successfully.
6638,22,0,0,0,0,0,25,0,0,0,0,0,24,0,0,0,0,0,23,0,0,0,0,0,24,0,0,0,0,0,0.32485,53662.21941961726,2.052451209218875e-05,0.8202663492282705,0.24948731787458334,0,1.0102621471851307,1.982472803381125e-06,0.9372209635288731,0.07558439943532314,119.74334203779026,114,Minimization exited successfully.
6649,0,0,0,0,20,0,0,0,0,0,21,0,0,0,0,0,22,0,0,0,0,0,20,0,0,0,0,0,20,0,0.312883,53677.72721476536,3.799776934204663e-05,0.6822098829854326,-0.05799911953554121,0,0.5894275350183307,1.5758945363869578e-06,0.5812974170448051,0.04054912174205788,73.70671359858416,99,Minimization exited successfully.
6683,0,0,0,0,17,0,0,0,0,0,17,0,0,0,0,0,18,0,0,0,0,0,17,0,0,0,0,0,18,0,0.507232,53669.12812332109,1.0466159852146605e-05,1.2940190387772859,-0.02318872341873701,0,2.677754078693397,1.2779822606780176e-06,2.2709327795525587,0.1343740807433683,60.43947832368058,66,Minimization exited successfully.
6687,0,0,0,0,16,0,0,0,0,0,17,0,0,0,0,0,17,0,0,0,0,0,17,0,0,0,0,0,18,0,0.393986,53658.7028527882,1.5788433238794752e-05,-2.127760403508793,0.19234552385054582,0,2.1404076075341436,2.116280557065003e-06,1.535490832444099,0.13793159765767082,62.71721239725865,81,Minimization exited successfully.
6696,0,0,0,0,18,0,0,0,0,0,19,0,0,0,0,0,20,0,0,0,0,0,19,0,0,0,0,0,20,0,0.237417,53675.292801511234,2.3849067485733064e-05,3.40434128686719,0.18231114472167187,0,1.1575283605561708,1.3816894427791385e-06,0.9377673587626765,0.058664074208914785,108.68126721626261,92,Minimization exited successfully.
6699,24,0,0,0,0,0,24,0,0,0,0,0,22,0,0,0,0,0,22,0,0,0,0,0,21,0,0,0,0,0,0.309149,53674.90551624523,3.058233765033613e-05,-1.2067066269266142,-0.14183649272216442,0,0.5804597958631348,1.609107792228393e-06,0.7803050969782703,0.047988799886991756,138.46004701505322,109,Minimization exited successfully.
6709,0,0,0,0,17,0,0,0,0,0,18,0,0,0,0,0,20,0,0,0,0,0,20,0,0,0,0,0,18,0,0.27893,53662.04057171692,2.128218816337485e-05,-1.0537123488385451,0.06345857055869275,0,1.69975685011741,2.2894695510035372e-06,1.0235604938654044,0.0883524567940979,84.13556015015556,89,Minimization exited successfully.
6714,0,0,0,0,35,0,0,0,0,0,38,0,0,0,0,0,38,0,0,0,0,0,36,0,0,0,0,0,36,0,0.411986,53676.913422478174,1.7531703751573756e-05,2.2664913915313356,-0.013506047845389113,0,1.0592841438810865,8.20683339595035e-07,0.7887275932722972,0.05509514771854032,171.74021173491738,179,Minimization exited successfully.
6743,0,0,20,0,0,0,0,0,20,0,0,0,0,0,19,0,0,0,0,0,19,0,0,0,0,0,20,0,0,0,0.360485,53665.43027552963,1.6725598307085197e-05,-1.6587815546926254,-0.06816712189459156,0,1.2538829300938232,1.6659127584658922e-06,1.0502485737608216,0.0982821748198573,73.74280508648229,94,Minimization exited successfully.
6773,0,0,0,18,0,0,0,0,0,18,0,0,0,0,0,18,0,0,0,0,0,18,0,0,0,0,0,18,0,0,0.08932,53678.386537848164,0.00040198190777173266,0.04521780111800311,0.02153535923028449,0,0.12841824212591746,1.0515449675772994e-05,0.15316273113042778,0.02299685632996215,927.3818730141477,68,Minimization exited successfully.
6777,0,0,0,20,0,0,0,0,0,20,0,0,0,0,0,19,0,0,0,0,0,20,0,0,0,0,0,19,0,0,0.402761,53666.69447483281,1.5402315039928226e-05,1.9444513475620528,-0.038765330801748044,0,1.8370935453167476,1.6028160567878312e-06,1.4511971419709826,0.08109551692792555,73.1953253867319,94,Minimization exited successfully.
6780,0,0,0,18,0,0,0,0,0,20,0,0,0,0,0,20,0,0,0,0,0,20,0,0,0,0,0,20,0,0,0.202674,53665.60986067722,5.605143347608782e-05,-1.9006245978529215,0.02832974272795097,0,0.4387505223021435,2.98654364967524e-06,0.40345298630065796,0.04412942830351149,55.1281625149917,94,Minimization exited successfully.
6807,19,0,0,0,0,0,19,0,0,0,0,0,20,0,0,0,0,0,19,0,0,0,0,0,20,0,0,0,0,0,0.293439,53676.15770617029,2.4168411921176855e-05,0.14533768497928623,0.15415469767191325,0,0.8674701359195751,1.5168172104398913e-06,0.9718583498085036,0.05920917498965744,92.49570492661847,93,Minimization exited successfully.
6816,0,0,0,20,0,0,0,0,0,20,0,0,0,0,0,20,0,0,0,0,0,22,0,0,0,0,0,21,0,0,0.352338,53675.74393224555,2.29389752788961e-05,0.13212422770026233,-0.01388878179565245,0,0.941773596983694,1.2968674398988743e-06,0.9749010853158175,0.05818060553632731,101.0961810151614,99,Minimization exited successfully.
6831,0,0,0,0,21,0,0,0,0,0,24,0,0,0,0,0,23,0,0,0,0,0,23,0,0,0,0,0,24,0,0.210437,53672.93164659952,2.3083046887356904e-05,1.4296854135768235,0.3141747435990546,0,1.0461765156251204,1.2768070080948484e-06,0.8863753378818178,0.05067963885890525,93.8589357356055,111,Minimization exited successfully.
6851,0,0,20,0,0,0,0,0,22,0,0,0,0,0,23,0,0,0,0,0,22,0,0,0,0,0,20,0,0,0,0.304122,53674.3008803172,3.201742811783287e-05,0.6975720448274263,0.004816501424302455,0,0.6664860915625468,1.4924408056526965e-06,0.7524104137446908,0.04287768200160319,88.86265281656904,103,Minimization exited successfully.
6852,0,0,21,0,0,0,0,0,21,0,0,0,0,0,23,0,0,0,0,0,22,0,0,0,0,0,21,0,0,0,0.299936,53681.178458396615,3.3738862874815864e-05,4.444703897817394,0.15200659735219157,0,0.6452420602290658,2.013052756335151e-06,0.8186121005251188,0.046841373034386624,88.89410713529384,104,Minimization exited successfully.
6895,0,0,0,0,0,18,0,0,0,0,0,18,0,0,0,0,0,17,0,0,0,0,0,18,0,0,0,0,0,18,0.216121,53678.83179183185,5.0265763301831634e-05,0.20370203379309615,0.18320035340355934,0,0.4783236078219488,1.9335714330825913e-06,0.49424279901040036,0.03696532473693631,95.1674503174343,85,Minimization exited successfully.
6896,0,0,0,0,0,17,0,0,0,0,0,18,0,0,0,0,0,17,0,0,0,0,0,17,0,0,0,0,0,17,0.333477,53668.7987017597,1.8947568355856536e-05,1.5281072167245728,0.15768263699189444,0,1.6997482478436723,1.6217896219351835e-06,1.4107459973370404,0.07565711678020098,83.12733507088434,82,Minimization exited successfully.
6903,0,0,0,0,0,19,0,0,0,0,0,19,0,0,0,0,0,20,0,0,0,0,0,20,0,0,0,0,0,19,0.251778,53677.10817933693,4.119579198956002e-05,-1.6296576553031539,0.012802502363712831,0,0.49844691112593864,1.8181442053454003e-06,0.5608815317706068,0.04740159412275957,111.74446629679167,93,Minimization exited successfully.
6913,0,0,0,0,0,18,0,0,0,0,0,18,0,0,0,0,0,18,0,0,0,0,0,19,0,0,0,0,0,19,0.379467,53657.506942646796,2.772798937563381e-05,-0.07337390066779381,-0.06503448060993922,0,0.9527474684728077,3.2126083289193976e-06,1.0454108626642855,0.11324793995026466,99.68711036918835,88,Minimization exited successfully.
6914,0,15,0,0,0,0,0,15,0,0,0,0,0,17,0,0,0,0,0,16,0,0,0,0,0,15,0,0,0,0,0.412769,53676.039823381834,1.754706278921464e-05,0.49104667733634066,-0.12440472575972927,0,1.1208919547570986,1.232629777321719e-06,1.0803436721194886,0.055079346990869804,71.42334382631898,74,Minimization exited successfully.
6924,0,0,0,0,0,18,0,0,0,0,0,19,0,0,0,0,0,17,0,0,0,0,0,19,0,0,0,0,0,19,0.326398,53674.430399892124,3.68769724256654e-05,0.8302575042769353,-0.06177298969762346,0,0.6377257917811221,1.5511820530185438e-06,0.6857991518202882,0.04100397580094636,86.63785494014343,88,Minimization exited successfully.
6933,0,0,0,0,0,20,0,0,0,0,0,20,0,0,0,0,0,20,0,0,0,0,0,20,0,0,0,0,0,20,0.21163,53679.86157453336,7.904979461499844e-05,0.11584649922526591,-0.01184601259419693,0,0.24000290508774924,2.399099027625281e-06,0.25500499996099446,0.027742601141456158,72.39852424640048,96,Minimization exited successfully.
6936,0,15,0,0,0,0,0,17,0,0,0,0,0,16,0,0,0,0,0,16,0,0,0,0,0,17,0,0,0,0,0.178899,53680.597596136955,9.47429858598725e-05,0.06451602261211331,-0.0046303573117646435,0,0.3047740732981765,2.9966645256183938e-06,0.3433248906114925,0.029384911393992824,54.21068860829263,60,Minimization exited successfully.
6962,0,0,0,0,0,23,0,0,0,0,0,22,0,0,0,0,0,22,0,0,0,0,0,22,0,0,0,0,0,23,0.093369,53678.79619951259,0.00036908751600745273,-1.6838977892111155,-0.08640849961697805,0,0.1213683412388491,9.555568131037616e-06,0.15680610795446892,0.023869701479982047,126.84445779670725,85,Minimization exited successfully.
6987,0,0,0,17,0,0,0,0,0,17,0,0,0,0,0,17,0,0,0,0,0,17,0,0,0,0,0,17,0,0,0.292795,53671.44451666958,9.571941105909753e-06,4.999999093271361,-0.03368419471936601,0,2.0096423181676073,7.248271563012329e-07,7.170254842442862,0.08309145321314157,60.00122669894214,81,Minimization exited successfully.
7017,0,23,0,0,0,0,0,23,0,0,0,0,0,24,0,0,0,0,0,22,0,0,0,0,0,23,0,0,0,0,0.267869,53684.24437724251,0.00011302631367572591,3.6895783730533687,-0.013413190045106771,0,0.29344965476047946,4.201653440102784e-06,0.4441129515806326,0.03189496333895531,225.79174556598866,111,Minimization exited successfully.
7024,0,16,0,0,0,0,0,18,0,0,0,0,0,18,0,0,0,0,0,18,0,0,0,0,0,18,0,0,0,0,0.337479,53670.285945126256,1.4913549413331505e-05,2.3234622965069214,-0.1135838615615179,0,1.5101468315260718,1.1919885271094453e-06,1.5467680423204815,0.06998305382822503,81.47723778781733,84,Minimization exited successfully.
7051,0,0,0,13,0,0,0,0,0,19,0,0,0,0,0,18,0,0,0,0,0,17,0,0,0,0,0,17,0,0,0.331441,53666.084028624304,2.8301193135264467e-05,-2.162831097989394,-0.11913744140714522,0,1.020844557977398,1.7326652726050439e-06,0.7259951868838621,0.05443578412688155,82.20123027239666,80,Minimization exited successfully.
7056,0,0,0,14,0,0,0,0,0,17,0,0,0,0,0,17,0,0,0,0,0,17,0,0,0,0,0,18,0,0,0.292765,53667.87012882871,2.216061409579084e-05,0.6995490070322417,0.39478054778763416,0,1.0474270960694412,1.4988930614927295e-06,0.8885033053310072,0.0628248456886985,119.7453231341162,79,Minimization exited successfully.
7092,0,0,0,0,0,20,0,0,0,0,0,20,0,0,0,0,0,19,0,0,0,0,0,20,0,0,0,0,0,20,0.224117,53671.143460805295,4.511848377994315e-05,-1.207028282703419,0.0060396178556899605,0,0.628230742226151,1.8909429892598222e-06,0.550065008955205,0.04131091846792778,65.18560389074041,95,Minimization exited successfully.
7099,0,0,0,0,0,19,0,0,0,0,0,19,0,0,0,0,0,18,0,0,0,0,0,20,0,0,0,0,0,19,0.217393,53678.34313766677,7.494233586089305e-05,1.525954806577488,0.04391128626108087,0,0.32659517844876973,2.553736429058706e-06,0.3654759040230946,0.03087229500112043,116.15207790088544,91,Minimization exited successfully.
7121,0,0,20,0,0,0,0,0,20,0,0,0,0,0,19,0,0,0,0,0,20,0,0,0,0,0,20,0,0,0,0.25319,53677.51590216504,3.7797888200127024e-05,0.35710927509095747,0.010610207085274492,0,0.5753590855129005,1.5572397504184915e-06,0.5642333965584734,0.04126303102762269,74.9673411937963,95,Minimization exited successfully.
7143,0,0,33,0,0,0,0,0,37,0,0,0,0,0,36,0,0,0,0,0,39,0,0,0,0,0,36,0,0,0,0.303538,53677.82677628003,2.3817930950695285e-05,-0.4012048700229016,0.02142287473703519,0,0.5789728749332426,1.0190298922602148e-06,0.5769626505682459,0.04330332288106703,123.9388038270786,177,Minimization exited successfully.
7147,0,0,19,0,0,0,0,0,19,0,0,0,0,0,19,0,0,0,0,0,19,0,0,0,0,0,18,0,0,0,0.108856,53679.745668522206,0.00025919275874718704,-1.8995310562776142,-0.08251301830795232,0,0.18044760913107893,7.396678082500341e-06,0.20127429601159674,0.027518781497517852,71.95779080681305,72,Minimization exited successfully.
7194,0,20,0,0,0,0,0,22,0,0,0,0,0,22,0,0,0,0,0,22,0,0,0,0,0,21,0,0,0,0,0.363247,53667.235584744834,1.8350619828201574e-05,0.5079681576783601,-0.04086974729916615,0,1.726899992012477,1.5451589482577689e-06,1.21309942778983,0.0696683314641531,89.31074907639518,103,Minimization exited successfully.
7195,0,21,0,0,0,0,0,21,0,0,0,0,0,20,0,0,0,0,0,21,0,0,0,0,0,22,0,0,0,0,0.361269,53673.03011905732,1.958156259235455e-05,0.5049798584579444,-0.042747539547730695,0,1.1852052514004754,1.1862641521699626e-06,1.1293852802859905,0.06186124388374767,94.33999092999889,101,Minimization exited successfully.
7243,0,0,0,0,17,0,0,0,0,0,18,0,0,0,0,0,17,0,0,0,0,0,17,0,0,0,0,0,18,0,0.203226,53686.30037994519,6.465950872703963e-05,0.8559448655445525,0.059663662029066145,0,0.3219572936905024,2.9427642932905484e-06,0.4581097214300427,0.036820102780344255,56.59716491829532,83,Minimization exited successfully.
7258,20,0,0,0,0,0,20,0,0,0,0,0,19,0,0,0,0,0,20,0,0,0,0,0,19,0,0,0,0,0,0.253123,53674.45945448849,3.5912692738901965e-05,1.2991488309273223,-0.030316114835476637,0,0.9225651114757056,1.5293241287704664e-06,0.8203429977647518,0.04495884813542389,85.83938646410073,94,Minimization exited successfully.
7335,0,0,15,0,0,0,0,0,16,0,0,0,0,0,17,0,0,0,0,0,16,0,0,0,0,0,17,0,0,0,0.19561,53675.174444427066,4.84575363231049e-05,-2.127369925899769,0.06589944054760033,0,0.4059494723514945,2.257037082732117e-06,0.5777789283378303,0.041445306346162725,66.71803403934862,77,Minimization exited successfully.
7350,0,11,0,0,0,0,0,16,0,0,0,0,0,16,0,0,0,0,0,15,0,0,0,0,0,15,0,0,0,0,0.154889,53668.74909358435,9.227186485439021e-06,-2.2440112410495825,0.49671829132498324,0,2.354684934416582,1.5590356913781907e-06,1.9424622011166126,0.12674598293889605,64.56281874913027,54,Minimization exited successfully.
7365,0,0,0,0,16,0,0,0,0,0,19,0,0,0,0,0,20,0,0,0,0,0,19,0,0,0,0,0,20,0,0.392218,53669.69161278138,1.866623101729914e-05,-0.07038430064044299,-0.07478032406804425,0,2.2684865216942853,1.262123327476355e-06,1.9081806118455336,0.0787039560397616,87.38538464195611,90,Minimization exited successfully.
7373,0,0,0,0,17,0,0,0,0,0,20,0,0,0,0,0,19,0,0,0,0,0,18,0,0,0,0,0,19,0,0.278495,53683.78034334194,4.54319509345949e-05,1.608188262202761,-0.048583912810423735,0,0.4290846189032891,2.1016716641562855e-06,0.5517654146557494,0.03814702540924994,69.79411520258924,89,Minimization exited successfully.
7444,0,0,0,0,15,0,0,0,0,0,18,0,0,0,0,0,19,0,0,0,0,0,18,0,0,0,0,0,17,0,0.249173,53682.938317383494,3.7954115918213406e-05,1.075420910908484,0.021612947489838774,0,0.508774970912782,1.7814545930600052e-06,0.5518781310563141,0.047868737443382436,79.48655976145338,83,Minimization exited successfully.
7457,0,0,16,0,0,0,0,0,18,0,0,0,0,0,17,0,0,0,0,0,17,0,0,0,0,0,18,0,0,0,0.252968,53681.37614486218,2.3509230273709434e-05,0.5085459776007006,0.31678420170688393,0,1.0131478077819338,1.5135523690006087e-06,1.059203416437041,0.06127631398246358,80.04038744348696,82,Minimization exited successfully.
7460,0,16,0,0,0,0,0,17,0,0,0,0,0,16,0,0,0,0,0,16,0,0,0,0,0,16,0,0,0,0,0.248054,53675.72158749029,1.766916802862256e-05,-1.0233637282916836,-0.22178631818762773,0,0.9811756132876326,1.3188183855167283e-06,1.2001262831685757,0.07024537684157148,80.76589436129075,77,Minimization exited successfully.
7473,0,0,15,0,0,0,0,0,16,0,0,0,0,0,15,0,0,0,0,0,15,0,0,0,0,0,16,0,0,0,0.214569,53679.589301913606,7.323986987215453e-05,-0.049618024734242816,-0.05993948048260017,0,0.2655183377501089,2.216446285694815e-06,0.2905049261369137,0.02746056623461507,295.1809351248414,73,Minimization exited successfully.
7475,0,0,16,0,0,0,0,0,16,0,0,0,0,0,14,0,0,0,0,0,16,0,0,0,0,0,16,0,0,0,0.320448,nan,nan,nan,nan,0.005,nan,nan,nan,nan,nan,nan,"exception was raised in user function
User function arguments:
     z = +0.320448
    t0 = +53676.182382
    x0 = +0.000043
    x1 = -0.017614
     c = -0.164503
Original python exception in user function:
KeyboardInterrupt: 
  File ""/anaconda3/envs/sdss_classification_3.7/lib/python3.7/site-packages/sncosmo/fitting.py"", line 46, in chisq
    zp=data.zp, zpsys=data.zpsys)
  File ""/anaconda3/envs/sdss_classification_3.7/lib/python3.7/site-packages/sncosmo/models.py"", line 1397, in bandflux
    return _bandflux(self, band, time, zp, zpsys)
  File ""/anaconda3/envs/sdss_classification_3.7/lib/python3.7/site-packages/sncosmo/models.py"", line 154, in _bandflux
    fsum = _bandflux_single(model, b, time_or_phase[mask])
  File ""/anaconda3/envs/sdss_classification_3.7/lib/python3.7/site-packages/sncosmo/models.py"", line 116, in _bandflux_single
    f = model._flux(time_or_phase, wave)
  File ""/anaconda3/envs/sdss_classification_3.7/lib/python3.7/site-packages/sncosmo/models.py"", line 1272, in _flux
    f = a * self._source._flux(phase, restwave)
  File ""/anaconda3/envs/sdss_classification_3.7/lib/python3.7/site-packages/sncosmo/models.py"", line 697, in _flux
    10. ** (-0.4 * self._colorlaw(wave) * self._parameters[2]))
"
