objId,Phase,Redshift,subType,nSubType,percSubType,nType,percType,SDSSClass
739,12.5,0.1075,Ia-91T,4.0,80.0,5.0,83.33333333333334,SNIa
762,-3.2,0.1916,Ia-norm,91.0,90.0990099009901,101.0,100.0,SNIa
774,13.5,0.0921,Ia-norm,115.0,75.6578947368421,152.0,95.0,SNIa
1032,11.3,0.1394,Ic-norm,2.0,66.66666666666666,3.0,100.0,SNIa
1112,9.0,0.2726,Ia-91bg,1.0,100.0,1.0,100.0,SNIa
1166,9.6,0.3824,Ia-norm,6.0,66.66666666666666,9.0,100.0,SNIa
1241,0.6,0.0901,Ia-norm,325.0,97.30538922155688,334.0,100.0,SNIa
1253,4.7,0.2611,Ia-norm,4.0,80.0,5.0,100.0,SNIa
1371,4.7,0.1178,Gal,4.0,100.0,4.0,80.0,SNIa
1580,3.0,0.1928,Ia-norm,12.0,54.54545454545454,22.0,100.0,SNIa
1688,10.7,0.3626,Ia-norm,153.0,96.22641509433963,159.0,97.54601226993866,SNIa
1794,12.4,0.1443,Ia-norm,357.0,87.07317073170732,410.0,93.18181818181817,SNIa
2017,0.1,0.2598,Ia-norm,186.0,85.71428571428571,217.0,100.0,SNIa
2031,-0.9,0.1544,Ia-norm,33.0,91.66666666666666,36.0,100.0,SNIa
2165,6.7,0.2888,Ia-norm,26.0,89.65517241379311,29.0,100.0,SNIa
2246,3.8,0.195,Ia-norm,54.0,96.42857142857143,56.0,100.0,SNIa
2308,6.5,0.1481,Ia-norm,4.0,50.0,8.0,100.0,SNIa
2330,5.6,0.2144,Ia-norm,46.0,97.87234042553192,47.0,100.0,SNIa
2372,0.2,0.1813,Ia-norm,24.0,100.0,24.0,100.0,SNIa
2422,1.6,0.2642,Ia-norm,14.0,73.68421052631578,19.0,100.0,SNIa
2440,3.1,0.1986,Ia-norm,2.0,100.0,2.0,100.0,SNIa
2561,-1.2,0.1215,Ia-norm,359.0,89.52618453865337,401.0,100.0,SNIa
2635,-2.3,0.1386,Ia-norm,72.0,87.8048780487805,82.0,100.0,SNIa
2689,0.1,0.1741,Ia-91T,77.0,64.16666666666667,120.0,88.88888888888889,SNIa
2789,3.8,0.2976,Ia-norm,9.0,81.81818181818183,11.0,100.0,SNIa
2916,0.1,0.1251,Ia-norm,217.0,96.01769911504425,226.0,100.0,SNIa
2992,8.8,0.1271,Ia-norm,21.0,84.0,25.0,100.0,SNIa
3080,-6.6,0.1728,Ia-norm,5.0,62.5,8.0,100.0,SNIa
3087,-2.9,0.1591,Ia-norm,70.0,98.59154929577466,71.0,100.0,SNIa
3317,-6.4,0.1614,Ia-norm,451.0,97.61904761904762,462.0,100.0,SNIa
3331,-11.1,0.2144,Ia-norm,13.0,92.85714285714286,14.0,100.0,SNIa?
3377,9.2,0.2474,Ia-norm,4.0,100.0,4.0,100.0,SNIa
3451,-5.1,0.2458,Ia-norm,13.0,92.85714285714286,14.0,100.0,SNIa
3452,-8.5,0.2347,Ia-norm,41.0,53.246753246753244,77.0,100.0,SNIa
3592,-1.1,0.0874,Ia-norm,80.0,98.76543209876543,81.0,100.0,SNIa
3901,6.2,0.0668,Ia-91T,2.0,100.0,2.0,100.0,SNIa
4524,-0.4,0.0713,Ia-91T,66.0,56.896551724137936,116.0,100.0,SNIa
5183,4.0,0.3887,Ia-norm,16.0,47.05882352941176,34.0,100.0,SNIa
5350,6.1,0.1746,Ia-norm,1.0,100.0,1.0,100.0,SNIa
5391,10.3,0.2975,Ia-norm,5.0,83.33333333333334,6.0,100.0,SNIa
5395,2.1,0.1168,Ia-norm,264.0,88.59060402684564,298.0,100.0,SNIa
5533,1.5,0.2241,Ia-norm,24.0,92.3076923076923,26.0,100.0,SNIa
5549,-1.1,0.1191,Ia-norm,301.0,95.25316455696202,316.0,100.0,SNIa
5550,-4.3,0.1599,Ia-norm,38.0,73.07692307692307,52.0,100.0,SNIa
5635,3.7,0.1823,Ia-norm,90.0,94.73684210526315,95.0,100.0,SNIa
5717,5.8,0.2517,Ia-norm,70.0,82.35294117647058,85.0,100.0,SNIa
5736,13.2,0.2562,Ia-norm,171.0,92.93478260869566,184.0,100.0,SNIa
5737,5.2,0.3964,Ia-norm,35.0,89.74358974358975,39.0,100.0,SNIa
5751,1.0,0.1336,Ia-91T,3.0,100.0,3.0,100.0,SNIa
5844,5.5,0.3111,Ia-norm,4.0,100.0,4.0,100.0,SNIa
5916,3.8,0.1775,Ia-norm,3.0,75.0,4.0,100.0,SNIa?
5944,-0.8,0.0449,Ia-norm,299.0,95.83333333333334,312.0,100.0,SNIa
5957,2.2,0.2867,Ia-norm,3.0,100.0,3.0,100.0,SNIa
5966,13.0,0.3035,Ia-norm,1.0,100.0,1.0,100.0,SNIa
6057,2.4,0.0695,Ia-norm,604.0,92.35474006116208,654.0,100.0,SNIa
6100,12.2,0.3137,Ia-norm,18.0,75.0,24.0,85.71428571428571,SNIa
6108,-4.2,0.2665,Ia-norm,190.0,85.97285067873304,221.0,99.54954954954955,SNIa
6127,1.7,0.2819,Ia-norm,3.0,100.0,3.0,100.0,SNIa
6192,6.1,0.2732,Ia-norm,3.0,100.0,3.0,100.0,SNIa
6196,0.5,0.2826,Ia-norm,20.0,68.96551724137932,29.0,100.0,SNIa
6249,-4.5,0.2877,Ia-norm,144.0,88.88888888888889,162.0,100.0,SNIa
6304,5.9,0.1895,Ia-norm,221.0,95.25862068965517,232.0,100.0,SNIa
6315,2.4,0.2558,Ia-norm,6.0,100.0,6.0,100.0,SNIa
6406,-7.8,0.129,Ia-91T,27.0,100.0,27.0,96.42857142857143,SNIa
6422,-2.0,0.1838,Ia-norm,114.0,90.47619047619048,126.0,100.0,SNIa
6649,1.2,0.3192,Ia-norm,77.0,98.71794871794873,78.0,100.0,SNIa
6699,3.7,0.3128,Ia-norm,63.0,88.73239436619718,71.0,100.0,SNIa
6773,-4.5,0.0931,Ia-norm,2.0,100.0,2.0,100.0,SNIa
6777,6.6,0.3914,Ia-norm,28.0,84.84848484848484,33.0,97.05882352941177,SNIa
6780,9.4,0.2143,Ia-norm,1.0,100.0,1.0,100.0,SNIa
6924,-0.6,0.3178,Ia-norm,77.0,92.7710843373494,83.0,100.0,SNIa
6933,-0.8,0.2138,Ia-norm,177.0,98.88268156424581,179.0,100.0,SNIa
6936,-1.6,0.1828,Ia-norm,101.0,92.66055045871559,109.0,100.0,SNIa
7143,-2.8,0.3087,Ia-norm,44.0,95.65217391304348,46.0,100.0,SNIa
7147,-0.7,0.108,Ia-norm,1.0,100.0,1.0,100.0,SNIa
7243,-7.3,0.1971,Ia-norm,78.0,96.29629629629629,81.0,100.0,SNIa
7473,-0.6,0.2182,Ia-norm,71.0,100.0,71.0,100.0,SNIa
7475,2.7,0.3247,Ia-norm,34.0,72.3404255319149,47.0,100.0,SNIa
7512,-3.5,0.2252,Ia-norm,58.0,96.66666666666667,60.0,100.0,SNIa
7779,3.2,0.379,Ia-norm,6.0,85.71428571428571,7.0,100.0,SNIa
7847,-3.1,0.1977,Ia-norm,10.0,100.0,10.0,100.0,SNIa
7876,-5.5,0.0666,Ia-norm,33.0,100.0,33.0,100.0,SNIa
7947,8.2,0.3696,Ia-norm,1.0,100.0,1.0,100.0,SNIa?
8030,1.1,0.4174,Ia-norm,150.0,93.75,160.0,100.0,SNIa
8046,-5.4,0.2641,Ia-norm,8.0,100.0,8.0,100.0,SNIa
8151,3.4,0.019,Ia-pec,3.0,100.0,3.0,100.0,SNIa
8213,11.3,0.1811,Ia-norm,72.0,82.75862068965517,87.0,93.54838709677419,SNIa
8679,-6.2,0.2907,IIL,4.0,80.0,5.0,83.33333333333334,SNII
8719,-7.0,0.1151,Ia-norm,6.0,100.0,6.0,100.0,SNIa
8921,5.3,0.1493,Ia-norm,161.0,71.55555555555554,225.0,99.11894273127754,SNIa
9032,11.2,0.2571,Ia-norm,109.0,94.78260869565217,115.0,100.0,SNIa
9045,11.2,0.3772,Ib-pec,7.0,70.0,10.0,71.42857142857143,SNIa
9118,7.2,0.1434,Ia-pec,3.0,75.0,4.0,66.66666666666666,SNIc
9207,12.7,0.3554,Ia-norm,2.0,66.66666666666666,3.0,100.0,SNIa
9273,7.7,0.1139,Ia-norm,34.0,75.55555555555556,45.0,100.0,SNIc
9457,8.0,0.2612,Ia-91T,1.0,100.0,1.0,100.0,SNIa
10096,4.6,0.0823,Ia-norm,166.0,84.6938775510204,196.0,100.0,SNIa
10297,11.3,0.1579,Ia-91bg,6.0,100.0,6.0,85.71428571428571,SNII
10367,-5.5,0.0154,IIP,2.0,100.0,2.0,100.0,SNII
10434,1.5,0.1094,Ia-norm,1.0,100.0,1.0,100.0,SNIa
10449,2.8,0.2447,Ia-norm,35.0,77.77777777777779,45.0,100.0,SNIa
10550,9.4,0.3033,Ia-norm,13.0,100.0,13.0,100.0,SNIa
10805,2.1,0.041,Ia-norm,64.0,91.42857142857143,70.0,100.0,SNIa
11067,5.4,0.1201,Ia-norm,59.0,71.95121951219512,82.0,100.0,SNIa
11206,8.9,0.388,Ia-norm,12.0,100.0,12.0,100.0,SNIa
12136,7.2,0.3624,Ia-norm,2.0,100.0,2.0,100.0,SNIa
12781,11.5,0.0851,Ia-norm,24.0,96.0,25.0,100.0,SNIa
12782,6.9,0.0629,IIP,4.0,100.0,4.0,100.0,SNII
12819,5.9,0.111,AGN,1.0,100.0,1.0,100.0,AGN
12843,8.9,0.1672,Ia-norm,23.0,92.0,25.0,100.0,SNIa
12844,11.7,0.087,Ic-norm,1.0,50.0,2.0,100.0,SNIc
12853,11.7,0.1735,Ia-norm,135.0,99.26470588235294,136.0,100.0,SNIa
12855,-3.1,0.1818,Ia-norm,1.0,100.0,1.0,100.0,SNIa
12856,-3.9,0.1708,Ia-norm,1.0,100.0,1.0,100.0,SNIa
12860,-2.8,0.123,Ia-norm,116.0,93.54838709677419,124.0,100.0,SNIa
12874,7.3,0.2555,Ia-norm,25.0,65.78947368421053,38.0,100.0,Unknown
12896,9.8,0.0859,Ia-91bg,11.0,78.57142857142857,14.0,100.0,Unknown
12898,-7.5,0.0783,Ia-norm,77.0,89.53488372093024,86.0,100.0,SNIa
12907,-0.8,0.1246,Ia-norm,1.0,50.0,2.0,100.0,SNIa
12927,3.3,0.1724,Ia-norm,202.0,88.98678414096916,227.0,100.0,SNIa
12930,11.3,0.1417,Ia-norm,104.0,92.03539823008849,113.0,100.0,SNIa
12950,-5.1,0.0838,Ia-norm,153.0,95.625,160.0,100.0,SNIa
12972,13.9,0.2622,Ia-norm,154.0,88.50574712643679,174.0,100.0,SNIa
12977,0.9,0.2514,Ia-norm,85.0,98.83720930232558,86.0,100.0,SNIa
13025,4.4,0.2279,Ia-norm,130.0,94.8905109489051,137.0,100.0,SNIa
13038,6.5,0.1103,Ia-norm,17.0,100.0,17.0,100.0,SNIa
13044,-9.2,0.1264,Ia-norm,30.0,100.0,30.0,100.0,SNIa
13045,0.9,0.1886,Ia-norm,69.0,78.4090909090909,88.0,100.0,SNIa
13070,8.5,0.1972,Ia-norm,1.0,100.0,1.0,100.0,SNIa
13072,5.1,0.2342,Ia-norm,5.0,50.0,10.0,90.9090909090909,SNIa
13099,-0.7,0.2693,Ia-norm,239.0,98.35390946502058,243.0,100.0,SNIa
13135,1.3,0.1075,Ia-norm,100.0,90.09009009009009,111.0,100.0,SNIa
13152,-5.2,0.2061,Ia-norm,2.0,66.66666666666666,3.0,100.0,SNIa
13174,-4.9,0.2394,Ia-norm,23.0,71.875,32.0,96.96969696969697,SNIa?
13195,-0.2,0.0177,Ib-norm,2.0,66.66666666666666,3.0,100.0,SNIb
13254,4.8,0.1821,Ia-norm,411.0,89.34782608695652,460.0,100.0,SNIa
13305,-1.9,0.2041,Ia-norm,16.0,100.0,16.0,100.0,SNIa
13354,-1.5,0.1576,Ia-91T,27.0,72.97297297297297,37.0,80.43478260869566,SNIa
13370,12.0,0.2042,Ia-norm,12.0,52.17391304347826,23.0,100.0,SNIa
13376,14.2,0.0719,IIP,12.0,100.0,12.0,100.0,SNII
13411,12.7,0.1603,Ia-norm,72.0,72.0,100.0,94.33962264150944,SNIa
13425,5.0,0.2162,Ia-norm,129.0,88.35616438356165,146.0,93.58974358974359,SNIa
13506,2.4,0.254,Ia-norm,219.0,98.64864864864865,222.0,100.0,SNIa
13511,0.6,0.2379,Ia-norm,19.0,100.0,19.0,100.0,SNIa
13578,6.1,0.2383,Ia-norm,61.0,100.0,61.0,100.0,SNIa
13610,4.1,0.2985,Ia-norm,208.0,83.87096774193549,248.0,100.0,SNIa
13641,0.2,0.2207,Ia-norm,31.0,96.875,32.0,100.0,SNIa
13655,5.0,0.2647,Ia-norm,30.0,63.829787234042556,47.0,100.0,SNIa
13689,4.9,0.2501,Ia-norm,12.0,100.0,12.0,100.0,SNIa
13727,-2.0,0.2261,Ia-norm,118.0,97.52066115702479,121.0,100.0,SNIa
13736,-8.8,0.1492,Ia-91T,10.0,100.0,10.0,90.9090909090909,SNIa
13757,11.1,0.2909,Ia-norm,2.0,100.0,2.0,100.0,SNIa
13796,14.6,0.152,Ia-norm,138.0,87.34177215189874,158.0,100.0,SNIa
13830,11.2,0.3443,Ia-norm,14.0,70.0,20.0,100.0,SNIa
13835,-4.3,0.2498,Ia-norm,3.0,100.0,3.0,100.0,SNIa
13894,10.4,0.127,Ia-norm,27.0,64.28571428571429,42.0,100.0,SNIa
14019,13.8,0.2216,Ia-norm,42.0,93.33333333333333,45.0,78.94736842105263,SNIa
14024,-5.3,0.146,Ia-norm,162.0,90.0,180.0,100.0,SNIa
14108,-1.2,0.1376,Ia-norm,32.0,91.42857142857143,35.0,100.0,SNIa
14157,11.2,0.2167,Ia-norm,1.0,100.0,1.0,100.0,SNIa
14186,-7.3,0.3045,Ia-csm,1.0,100.0,1.0,100.0,Unknown
14212,4.0,0.2098,Ia-norm,319.0,93.82352941176471,340.0,100.0,SNIa
14261,4.2,0.2923,Ia-norm,60.0,74.07407407407408,81.0,100.0,SNIa
14279,6.0,0.0466,Ia-norm,108.0,87.8048780487805,123.0,100.0,SNIa
14284,-4.6,0.1798,Ia-norm,57.0,75.0,76.0,100.0,SNIa
14298,10.8,0.2731,Ia-norm,8.0,66.66666666666666,12.0,100.0,SNIa
14331,14.5,0.2161,Ia-norm,4.0,100.0,4.0,100.0,SNIa
14377,-5.7,0.1351,Ia-norm,4.0,80.0,5.0,100.0,SNIa?
14397,10.8,0.3843,Ia-norm,2.0,100.0,2.0,100.0,SNIa
14421,-1.0,0.1773,Ia-norm,21.0,65.625,32.0,100.0,SNIa
14437,0.2,0.1504,Ia-norm,6.0,100.0,6.0,100.0,SNIa
14450,5.1,0.1129,IIP,6.0,75.0,8.0,100.0,SNII
14451,11.2,0.1818,Ia-norm,6.0,100.0,6.0,100.0,SNIa
14456,4.4,0.3335,Ia-norm,125.0,84.45945945945947,148.0,100.0,SNIa
14475,4.4,0.1475,Ic-broad,3.0,100.0,3.0,100.0,SNIc
14492,8.5,0.0631,Ib-norm,7.0,77.77777777777779,9.0,81.81818181818183,SNIb
14599,3.3,0.0487,IIP,45.0,100.0,45.0,97.82608695652173,SNII
14782,1.9,0.1689,Ia-norm,58.0,74.35897435897436,78.0,100.0,SNIa
14815,0.5,0.1355,Ia-norm,94.0,69.11764705882352,136.0,98.55072463768117,SNIa
14816,3.6,0.1061,Ia-pec,2.0,50.0,4.0,100.0,SNIa
14846,-2.0,0.2227,Ia-norm,37.0,90.2439024390244,41.0,100.0,SNIa
14871,-4.2,0.1242,Ia-norm,30.0,100.0,30.0,100.0,SNIa
14979,-2.6,0.1786,Ia-norm,162.0,76.05633802816901,213.0,100.0,SNIa
14984,-0.7,0.1895,Ia-norm,190.0,81.89655172413794,232.0,100.0,SNIa
15031,2.2,0.0288,IIP,12.0,100.0,12.0,100.0,SNII
15129,2.1,0.2009,Ia-norm,8.0,88.88888888888889,9.0,100.0,SNIa
15132,-2.4,0.1509,Ia-norm,107.0,93.85964912280701,114.0,100.0,SNIa
15136,-0.6,0.1553,Ia-norm,24.0,58.536585365853654,41.0,100.0,SNIa?
15161,-1.5,0.2511,Ia-91T,15.0,75.0,20.0,100.0,SNIa
15170,-3.7,0.3946,Ia-pec,6.0,100.0,6.0,100.0,SNIa
15171,6.9,0.138,Ia-norm,8.0,80.0,10.0,100.0,SNIa
15201,-2.3,0.2231,Ia-norm,1.0,100.0,1.0,100.0,SNIa
15203,-2.9,0.2015,Ia-norm,44.0,84.61538461538461,52.0,100.0,SNIa
15213,7.7,0.3175,Ia-norm,11.0,84.61538461538461,13.0,100.0,SNIa
15217,3.1,0.3898,Ia-norm,3.0,100.0,3.0,100.0,SNIa
15219,-7.9,0.25,Ia-norm,66.0,98.50746268656717,67.0,100.0,SNIa
15229,-2.2,0.2325,Ia-norm,8.0,100.0,8.0,100.0,SNIa
15234,-8.7,0.141,Ia-91T,11.0,61.111111111111114,18.0,100.0,SNIa
15259,-2.2,0.2108,Ia-norm,52.0,82.53968253968253,63.0,100.0,SNIa
15320,-0.7,0.0593,IIP,19.0,100.0,19.0,95.0,SNII
15340,1.1,0.1466,Ia-pec,1.0,100.0,1.0,100.0,SNIa
15354,1.3,0.2207,Gal,4.0,57.14285714285714,7.0,100.0,SNIa
15356,6.7,0.2634,Ia-norm,4.0,100.0,4.0,100.0,SNIa
15365,-7.1,0.1853,Ia-91T,6.0,66.66666666666666,9.0,100.0,SNIa
15369,-5.0,0.2455,Ia-91T,1.0,100.0,1.0,100.0,SNIa
15421,-5.2,0.1875,Ia-norm,166.0,99.40119760479041,167.0,100.0,SNIa
15425,-8.0,0.1599,Ia-norm,5.0,41.66666666666667,12.0,100.0,SNIa
15433,1.6,0.217,Ia-norm,138.0,87.34177215189874,158.0,100.0,SNIa
15440,4.9,0.2667,Ia-norm,6.0,85.71428571428571,7.0,100.0,SNIa
15456,5.4,0.3819,Ia-norm,25.0,92.5925925925926,27.0,100.0,SNIa
15459,-4.5,0.1243,Ia-norm,36.0,83.72093023255815,43.0,100.0,SNIa
15461,-7.0,0.1804,Ia-norm,1.0,50.0,2.0,100.0,SNIa
15466,12.3,0.2582,Ia-norm,38.0,80.85106382978722,47.0,100.0,SNIa
15475,2.3,0.0281,Ia-91T,3.0,60.0,5.0,100.0,SNIc
15508,-4.5,0.1358,Ia-91T,6.0,75.0,8.0,100.0,SNIa
15583,-2.0,0.1869,Ia-norm,1.0,100.0,1.0,100.0,SNIa
15640,9.0,0.1669,Ia-norm,1.0,100.0,1.0,100.0,SNIa?
15648,9.4,0.1774,Ia-norm,337.0,85.75063613231552,393.0,98.00498753117208,SNIa
15674,14.7,0.1989,Ia-norm,3.0,100.0,3.0,100.0,SNIa
15704,7.7,0.3737,Ia-norm,173.0,84.80392156862744,204.0,100.0,SNIa
15776,5.2,0.3187,Ia-norm,4.0,100.0,4.0,100.0,SNIa
15872,-0.7,0.2127,Ia-91T,31.0,68.88888888888889,45.0,83.33333333333334,SNIa
16000,7.4,0.3945,Ia-norm,8.0,100.0,8.0,100.0,SNIa
16021,-2.2,0.1259,Ia-norm,13.0,86.66666666666667,15.0,100.0,SNIa
16032,5.6,0.2003,Ia-norm,262.0,85.34201954397395,307.0,97.77070063694268,SNIa
16069,13.3,0.1233,Ia-norm,4.0,100.0,4.0,100.0,SNIa
16072,8.0,0.2957,Ia-norm,4.0,100.0,4.0,100.0,SNIa
16073,6.5,0.1551,Ia-norm,89.0,89.8989898989899,99.0,100.0,SNIa
16087,12.9,0.0565,IIP,1.0,100.0,1.0,100.0,SNII
16099,-2.0,0.1975,Ia-norm,4.0,100.0,4.0,100.0,SNIa
16100,3.9,0.1955,Ia-norm,20.0,86.95652173913044,23.0,100.0,SNIa
16106,4.3,0.2582,Ia-norm,68.0,86.07594936708861,79.0,100.0,SNIa
16116,4.8,0.1597,Ia-norm,139.0,95.86206896551724,145.0,100.0,SNIa
16179,1.8,0.1205,Ia-91T,1.0,100.0,1.0,100.0,SNIc
16185,4.0,0.1027,Ia-norm,1.0,100.0,1.0,100.0,SNIa
16206,6.8,0.1608,Ia-norm,2.0,100.0,2.0,100.0,SNIa
16211,10.6,0.3156,Ia-norm,2.0,100.0,2.0,100.0,SNIa
16213,4.5,0.2559,Ia-norm,180.0,93.26424870466322,193.0,100.0,SNIa
16215,-1.0,0.0443,Ia-norm,102.0,100.0,102.0,100.0,SNIa
16232,11.8,0.3817,Ia-norm,4.0,100.0,4.0,100.0,SNIa
16259,4.6,0.1189,Ia-norm,65.0,98.48484848484848,66.0,100.0,SNIa
16276,-0.4,0.1991,Ia-norm,323.0,92.81609195402298,348.0,100.0,SNIa
16280,1.1,0.0376,Ia-norm,3.0,100.0,3.0,100.0,SNIa
16281,4.6,0.193,Ia-norm,2.0,100.0,2.0,100.0,SNIa
16287,2.4,0.1067,Ia-norm,156.0,100.0,156.0,100.0,SNIa
16314,3.4,0.0617,Ia-91T,14.0,56.00000000000001,25.0,100.0,SNIa
16333,2.9,0.0734,Ia-91T,23.0,60.526315789473685,38.0,100.0,SNIa
16350,6.0,0.239,Ia-norm,11.0,91.66666666666666,12.0,100.0,SNIa
16352,3.6,0.256,Ia-norm,3.0,100.0,3.0,100.0,SNIa
16357,1.2,0.369,Ia-norm,121.0,82.87671232876713,146.0,100.0,SNIa
16414,-0.9,0.3063,Ia-norm,139.0,73.93617021276596,188.0,100.0,SNIa
16421,9.9,0.3145,Ia-norm,1.0,100.0,1.0,100.0,SNIa
16442,-2.2,0.2842,Ia-norm,68.0,62.96296296296296,108.0,100.0,SNIa
16473,1.1,0.2204,Ia-norm,13.0,92.85714285714286,14.0,100.0,SNIa
16482,1.9,0.2104,Ia-norm,51.0,100.0,51.0,100.0,SNIa
16567,0.5,0.3692,Ia-norm,12.0,85.71428571428571,14.0,100.0,SNIa
16578,4.9,0.1786,Ia-91T,2.0,66.66666666666666,3.0,100.0,SNIa
16618,-5.1,0.1936,Ia-norm,59.0,66.29213483146067,89.0,100.0,SNIa
16631,1.1,0.2115,Ia-norm,410.0,87.79443254817987,467.0,100.0,SNIa
16637,0.1,0.2418,Ia-norm,115.0,85.82089552238806,134.0,100.0,SNIa
16644,10.5,0.2992,Ia-norm,25.0,92.5925925925926,27.0,100.0,SNIa
16758,3.3,0.3242,Ia-norm,2.0,100.0,2.0,100.0,SNIa
16779,10.8,0.4007,Ia-norm,8.0,88.88888888888889,9.0,100.0,SNIa
16781,4.3,0.3262,Ia-norm,27.0,90.0,30.0,100.0,SNIa
16789,6.0,0.3295,Ia-norm,17.0,89.47368421052632,19.0,100.0,SNIa
16953,2.9,0.3456,Ia-norm,20.0,95.23809523809523,21.0,100.0,SNIa
17168,-2.9,0.1858,Ia-norm,17.0,100.0,17.0,100.0,SNIa
17171,12.3,0.1625,Ia-norm,17.0,94.44444444444444,18.0,100.0,SNIa
17176,4.8,0.1027,Ia-pec,21.0,84.0,25.0,96.15384615384616,SNIa
17186,0.2,0.0761,Ia-norm,30.0,75.0,40.0,100.0,SNIa
17208,11.2,0.1435,Ia-norm,103.0,87.28813559322035,118.0,100.0,SNIa
17215,2.0,0.1791,Ia-norm,3.0,100.0,3.0,100.0,SNIa
17220,5.0,0.1833,Ia-norm,180.0,88.23529411764706,204.0,100.0,SNIa
17223,14.9,0.2413,Ia-norm,178.0,90.81632653061224,196.0,100.0,SNIa
17244,-5.0,0.0453,IIL,1.0,100.0,1.0,100.0,SNII
17274,0.9,0.1918,Ia-norm,20.0,100.0,20.0,100.0,SNIa
17366,0.5,0.1409,Ia-91T,20.0,76.92307692307693,26.0,100.0,SNIa
17389,8.0,0.1707,Ia-norm,10.0,76.92307692307693,13.0,100.0,SNIa
17422,5.7,0.1472,IIn,6.0,40.0,15.0,57.692307692307686,SNII
17464,2.1,0.2505,Ia-norm,284.0,93.72937293729373,303.0,100.0,SNIa
17528,8.1,0.3729,Ia-norm,3.0,75.0,4.0,100.0,SNIa
17552,4.7,0.2575,Ia-norm,2.0,66.66666666666666,3.0,100.0,SNIa
17568,1.9,0.1406,Ia-norm,70.0,92.10526315789474,76.0,100.0,SNIa
17605,9.6,0.1535,Ia-norm,17.0,77.27272727272727,22.0,100.0,SNIa
17629,-8.5,0.1389,Ia-norm,13.0,54.166666666666664,24.0,100.0,SNIa
17745,0.5,0.0633,Ia-norm,8.0,50.0,16.0,100.0,SNIa
17784,4.9,0.0357,Ia-norm,101.0,87.06896551724138,116.0,100.0,SNIa
17801,14.3,0.2024,Ia-norm,2.0,100.0,2.0,100.0,SNIa
17809,10.4,0.2898,Ia-norm,2.0,100.0,2.0,100.0,SNIa
17811,5.7,0.2053,Ia-norm,83.0,96.51162790697676,86.0,100.0,SNIa
17825,-6.1,0.1606,Ia-norm,19.0,100.0,19.0,100.0,SNIa
17875,0.7,0.2204,Ia-norm,112.0,84.84848484848484,132.0,100.0,SNIa
17880,0.7,0.0704,Ia-norm,45.0,100.0,45.0,100.0,SNIa
17884,11.0,0.2482,Ia-norm,28.0,96.55172413793103,29.0,100.0,SNIa
17886,12.8,0.0394,Ia-norm,33.0,100.0,33.0,100.0,SNIa
18030,7.8,0.164,Ia-norm,63.0,92.64705882352942,68.0,100.0,SNIa
18091,8.7,0.3699,Ia-norm,30.0,71.42857142857143,42.0,95.45454545454545,SNIa
18109,-6.3,0.0665,IIP,25.0,100.0,25.0,96.15384615384616,SNII
18241,-2.0,0.0936,Ia-norm,142.0,91.61290322580645,155.0,100.0,SNIa
18297,0.7,0.0675,IIP,4.0,100.0,4.0,80.0,SNII
18298,9.6,0.1302,Ia-91bg,13.0,81.25,16.0,76.19047619047619,SNIa
18299,1.3,0.1302,IIP,1.0,100.0,1.0,100.0,SNII
18321,2.4,0.0973,IIP,1.0,100.0,1.0,100.0,SNII
18323,3.6,0.1589,Ia-norm,156.0,95.70552147239265,163.0,100.0,SNIa
18325,11.3,0.2588,Ia-norm,46.0,82.14285714285714,56.0,100.0,SNIa
18375,7.6,0.1165,Ia-norm,2.0,100.0,2.0,100.0,SNIa
18408,2.5,0.0472,IIP,12.0,100.0,12.0,100.0,SNII
18415,-2.5,0.1289,Ia-norm,153.0,98.70967741935483,155.0,100.0,SNIa
18456,1.4,0.2245,Ia-91T,2.0,100.0,2.0,100.0,SNIa
18457,-0.3,0.082,Gal,1.0,100.0,1.0,100.0,SNII
18463,4.8,0.2583,Ia-norm,3.0,100.0,3.0,100.0,SNIa
18466,5.6,0.2178,Ia-norm,519.0,94.88117001828154,547.0,99.81751824817519,SNIa
18485,4.1,0.2855,Ia-91T,16.0,88.88888888888889,18.0,85.71428571428571,SNIa
18486,-6.1,0.2493,Ia-norm,219.0,82.33082706766918,266.0,100.0,SNIa
18590,3.3,0.0538,IIP,11.0,100.0,11.0,100.0,SNII
18602,-9.7,0.1423,Ia-norm,30.0,81.08108108108108,37.0,100.0,SNIa
18604,-4.4,0.1809,Ia-norm,154.0,89.53488372093024,172.0,100.0,SNIa
18612,-2.7,0.1182,Ia-norm,2.0,100.0,2.0,100.0,SNIa
18617,6.7,0.3223,Ia-norm,63.0,86.3013698630137,73.0,100.0,SNIa
18643,-2.0,0.1172,Gal,3.0,60.0,5.0,83.33333333333334,Unknown
18650,-4.8,0.1143,Ia-norm,119.0,72.5609756097561,164.0,100.0,SNIa
18697,-2.5,0.1047,Ia-norm,124.0,71.67630057803468,173.0,100.0,SNIa
18700,-1.7,0.0427,IIb,2.0,100.0,2.0,66.66666666666666,SNII
18734,0.0,0.054,IIP,4.0,100.0,4.0,66.66666666666666,SNII
18740,1.2,0.1561,Ia-norm,176.0,96.17486338797814,183.0,99.45652173913044,SNIa
18749,-1.1,0.1882,Ia-91T,6.0,66.66666666666666,9.0,100.0,SNIa
18751,4.2,0.0738,Ia-norm,5.0,83.33333333333334,6.0,100.0,SNIa
18768,7.9,0.1999,Ia-norm,6.0,100.0,6.0,100.0,SNIa
18787,-0.2,0.2003,Ia-norm,1.0,100.0,1.0,100.0,SNIa
18804,-5.8,0.2004,Ia-norm,3.0,100.0,3.0,100.0,SNIa
18807,-7.3,0.1779,Ia-norm,172.0,84.72906403940887,203.0,100.0,SNIa
18809,-1.2,0.1272,Ia-norm,76.0,98.7012987012987,77.0,100.0,SNIa
18834,1.4,0.1409,IIP,30.0,100.0,30.0,96.7741935483871,SNII
18835,-10.4,0.1222,Ia-norm,1.0,100.0,1.0,100.0,SNIa
18855,-4.0,0.1248,Ia-norm,217.0,93.93939393939394,231.0,100.0,SNIa
18890,-8.5,0.0693,Ia-norm,16.0,100.0,16.0,100.0,SNIa
18892,2.8,0.1382,IIP,20.0,100.0,20.0,100.0,SNII
18903,-4.5,0.1578,Ia-91T,9.0,50.0,18.0,100.0,SNIa?
18909,-5.4,0.2273,Gal,3.0,100.0,3.0,100.0,SNIa?
18927,4.2,0.2172,Ia-norm,49.0,84.48275862068965,58.0,100.0,SNIa
18945,-2.4,0.274,Ia-norm,202.0,99.01960784313727,204.0,100.0,SNIa
18965,-5.4,0.2133,Ia-norm,1.0,100.0,1.0,100.0,SNIa
19002,-4.2,0.2701,Ia-norm,56.0,88.88888888888889,63.0,100.0,SNIa
19003,-4.9,0.0605,Ia-norm,19.0,70.37037037037037,27.0,100.0,SNIa
19008,-2.7,0.2334,Ia-norm,3.0,100.0,3.0,100.0,SNIa
19023,-1.8,0.2459,Ia-norm,27.0,96.42857142857143,28.0,100.0,SNIa
19025,4.6,0.4143,Ia-norm,46.0,88.46153846153845,52.0,100.0,SNIa
19027,2.4,0.2967,Ia-norm,32.0,88.88888888888889,36.0,100.0,SNIa
19029,-2.6,0.3232,Ia-91T,6.0,60.0,10.0,100.0,SNIa
19051,-1.2,0.278,Gal,2.0,50.0,4.0,100.0,SNIa
19070,1.1,0.46,Ia-norm,53.0,86.88524590163934,61.0,100.0,SNIa
19101,-7.2,0.1894,Ia-norm,52.0,85.24590163934425,61.0,100.0,SNIa
19128,-0.1,0.289,Ia-norm,128.0,93.43065693430657,137.0,100.0,SNIa
19149,-8.7,0.2059,Ia-91T,30.0,83.33333333333334,36.0,100.0,SNIa
19155,-7.6,0.0732,Ia-norm,168.0,82.35294117647058,204.0,100.0,SNIa
19174,13.1,0.1663,Ia-norm,7.0,70.0,10.0,76.92307692307693,SNIa
19207,9.3,0.2565,Ia-norm,39.0,90.69767441860465,43.0,100.0,SNIa
19211,11.2,0.4023,Ia-91T,1.0,100.0,1.0,100.0,SNIa
19220,11.0,0.2069,IIL,6.0,75.0,8.0,57.14285714285714,SNIa?
19221,-8.4,0.0505,IIP,1.0,100.0,1.0,100.0,SNII
19222,1.1,0.1614,IIP,14.0,100.0,14.0,100.0,SNII
19230,-2.4,0.2257,Ia-norm,124.0,89.85507246376811,138.0,100.0,SNIa
19282,-9.3,0.1722,Ia-91T,1.0,100.0,1.0,100.0,SNIa
19323,-4.8,0.0729,Ib-norm,5.0,71.42857142857143,7.0,100.0,SNIb
19341,-3.3,0.231,Ia-norm,271.0,94.09722222222221,288.0,100.0,SNIa
19353,-8.6,0.1531,Ia-norm,52.0,96.29629629629629,54.0,100.0,SNIa
19381,-4.5,0.2127,Ia-norm,61.0,100.0,61.0,100.0,SNIa
19389,5.0,0.4736,Ia-91T,9.0,52.94117647058824,17.0,100.0,SNIa?
19425,14.1,0.2112,Ia-norm,1.0,100.0,1.0,100.0,SNIa?
19543,-1.1,0.1204,Ia-norm,80.0,100.0,80.0,100.0,SNIa
19604,7.8,0.2937,Ic-norm,2.0,100.0,2.0,66.66666666666666,SNIa
19616,-2.5,0.1715,Ia-norm,7.0,100.0,7.0,100.0,SNIa
19626,6.1,0.1185,Ia-91T,24.0,57.14285714285714,42.0,100.0,SNIa
19632,12.3,0.3225,Ia-norm,16.0,88.88888888888889,18.0,100.0,SNIa
19658,7.2,0.2035,Ia-norm,17.0,100.0,17.0,100.0,SNIa
19757,8.5,0.3874,Ia-norm,113.0,95.76271186440678,118.0,100.0,SNIa
19775,2.6,0.1419,Ia-norm,9.0,90.0,10.0,100.0,SNIa
19794,11.8,0.295,Ia-norm,1.0,100.0,1.0,50.0,SNIa
19818,5.9,0.302,Ia-norm,11.0,91.66666666666666,12.0,100.0,SNIa
19899,-2.6,0.0908,Ia-norm,1.0,100.0,1.0,100.0,SNIa
19913,11.8,0.2051,Ia-norm,1.0,100.0,1.0,100.0,SNIa
19940,-0.6,0.1548,Ia-norm,3.0,60.0,5.0,100.0,SNIa
19953,-8.2,0.121,Ia-norm,114.0,79.72027972027972,143.0,100.0,SNIa
19968,0.2,0.058,Ia-norm,11.0,73.33333333333333,15.0,100.0,SNIa
19969,3.0,0.1743,Ia-norm,112.0,96.55172413793103,116.0,100.0,SNIa
19990,8.6,0.2485,Ia-norm,10.0,100.0,10.0,100.0,SNIa
19992,3.5,0.2384,Ia-91T,30.0,50.0,60.0,95.23809523809523,SNIa
20039,10.0,0.2498,Ia-norm,3.0,100.0,3.0,100.0,SNIa
20040,8.3,0.2891,Ia-norm,2.0,66.66666666666666,3.0,100.0,SNIa
20048,1.8,0.187,Ia-norm,2.0,100.0,2.0,100.0,SNIa
20064,-7.1,0.1095,Ia-norm,10.0,83.33333333333334,12.0,100.0,SNIa
20084,0.8,0.1401,Ia-91T,42.0,56.00000000000001,75.0,97.40259740259741,SNIa
20088,10.2,0.2453,Ia-norm,8.0,61.53846153846154,13.0,100.0,SNIa
20106,6.1,0.3439,Ia-norm,119.0,96.7479674796748,123.0,100.0,SNIa
20111,2.0,0.2534,Ia-norm,3.0,100.0,3.0,100.0,SNIa
20142,6.4,0.3032,Ia-pec,19.0,67.85714285714286,28.0,93.33333333333333,SNIa
20144,1.4,0.2277,Ia-norm,2.0,100.0,2.0,100.0,SNIa
20184,3.5,0.3243,Ia-norm,1.0,100.0,1.0,100.0,SNIa
20186,-2.3,0.3552,Ia-norm,133.0,89.86486486486487,148.0,100.0,SNIa
20208,2.6,0.0609,Ia-norm,21.0,50.0,42.0,100.0,SNIa
20227,9.5,0.2873,Ia-norm,1.0,50.0,2.0,100.0,SNIa
20245,-2.9,0.2924,IIL,7.0,87.5,8.0,53.333333333333336,SNIa
20345,-1.5,0.2788,Ia-norm,1.0,100.0,1.0,100.0,SNIa
20350,-3.9,0.1316,Ia-norm,333.0,89.75741239892183,371.0,100.0,SNIa
20364,-2.1,0.219,Ia-norm,211.0,88.28451882845188,239.0,100.0,SNIa
20376,4.8,0.2038,Ia-norm,78.0,90.69767441860465,86.0,100.0,SNIa
20430,1.9,0.1699,Ia-norm,43.0,97.72727272727273,44.0,100.0,SNIa
20432,6.4,0.309,Ia-norm,25.0,89.28571428571429,28.0,100.0,SNIa
20470,-6.2,0.1264,Ia-norm,46.0,64.7887323943662,71.0,100.0,SNIa
20528,-0.8,0.1399,Ia-norm,14.0,63.63636363636363,22.0,100.0,SNIa
20530,0.4,0.0618,Gal,2.0,100.0,2.0,100.0,SNII
20533,-5.9,0.3037,Ia-91T,18.0,51.42857142857142,35.0,100.0,SNIa
20581,-0.9,0.2128,Ia-norm,4.0,100.0,4.0,100.0,SNIa
20677,-4.0,0.0641,Ib-pec,6.0,66.66666666666666,9.0,50.0,SNIc
20687,-1.0,0.196,Ia-norm,38.0,70.37037037037037,54.0,100.0,SNIa
20718,-7.2,0.098,Ia-norm,5.0,62.5,8.0,100.0,Unknown
20768,1.1,0.238,Ia-norm,2.0,100.0,2.0,100.0,SNIa
20821,5.6,0.1987,Ia-norm,14.0,93.33333333333333,15.0,100.0,SNIa
20829,-2.9,0.3099,Ia-norm,5.0,100.0,5.0,100.0,SNIa
20889,-3.0,0.2012,Ia-norm,213.0,85.54216867469879,249.0,100.0,SNIa
21006,1.8,0.2967,Ia-norm,11.0,100.0,11.0,100.0,SNIa
21033,-5.7,0.2311,Ia-norm,10.0,100.0,10.0,100.0,SNIa
21034,14.9,0.1097,Ia-norm,97.0,91.50943396226415,106.0,100.0,SNIa
21042,-4.4,0.3097,Ia-norm,2.0,66.66666666666666,3.0,100.0,SNIa
21062,-5.4,0.1494,Ia-norm,109.0,81.34328358208955,134.0,97.10144927536231,SNIa
21064,-2.3,0.0719,IIP,24.0,100.0,24.0,96.0,SNII
21502,14.7,0.0891,Ia-norm,44.0,83.01886792452831,53.0,100.0,SNIa
21510,-2.2,0.1583,Ia-norm,9.0,50.0,18.0,100.0,SNIa
21810,9.3,0.1798,Ia-91T,2.0,100.0,2.0,100.0,SNIa
21814,10.7,0.1039,Ia-norm,271.0,81.62650602409639,332.0,94.05099150141642,SNIa
21861,8.8,0.1891,Ia-norm,119.0,86.86131386861314,137.0,100.0,SNIa
22075,3.0,0.1308,Ia-norm,8.0,100.0,8.0,100.0,SNIa
