obj_id,z,z_err,num_points_desu,num_points_desg,t0,amplitude,t0_err,amplitude_err,chi,dof,message
1248677,0.3502,0.001,0,0,56534.141986919254,2.5460951252757227e-09,0.09173921775800409,1.2948077785230514e-11,7311.037304239024,28,Minimization exited successfully.
1250017,0.1817,0.001,0,0,56536.52278419163,9.954692650687062e-09,0.0685387205085135,7.950596428292807e-11,584.5160687569335,14,Minimization exited successfully.
1253039,0.4535,0.006,0,0,56552.52988334399,1.0661208388047681e-09,0.41992490274787997,2.970274437051985e-11,72.04565226881634,16,Minimization exited successfully.
1253101,0.4596,0.0005,0,0,56552.32849225836,1.096373124532276e-09,0.6771829729732417,3.744072532148598e-11,88.49729498126086,16,Minimization exited successfully.
1253920,0.1956,0.001,0,0,56566.56921995057,7.323634276067637e-09,0.09304962924215943,8.96420367511261e-11,239.6365733986213,13,Minimization exited successfully.
1255502,0.1482,0.001,0,6,56573.7283450905,3.0310220675618455e-08,0.06700193427604972,5.355826539990487e-10,175.8249307494123,8,Minimization exited successfully.
1257366,0.2114,0.001,0,0,56602.068883584514,4.032278929584039e-09,0.7443379522810574,2.6520983024319407e-10,4.203791434787643,6,Minimization exited successfully.
1257695,0.1838,0.001,0,0,56595.59757916198,9.467456332346967e-09,0.09154805463549565,1.0699046132659748e-10,716.0810577528264,9,Minimization exited successfully.
1258906,0.3492,0.001,0,0,56601.37679323094,1.7335935363618676e-09,0.285639736783196,4.039405320670651e-11,245.1899201727203,26,Minimization exited successfully.
1258940,0.4259,0.001,0,0,56598.51967496831,1.4553116975823681e-09,0.32704794951860094,4.33708993678046e-11,194.4406985896528,33,Minimization exited successfully.
1259412,0.3047,0.001,0,0,56613.069494478565,2.7401739721825737e-09,0.14984556765193702,2.702003524623798e-11,230.79492395162615,9,Minimization exited successfully.
1261579,0.3222,0.001,0,0,56619.53096432738,2.886656854576775e-09,0.08433181284635793,2.451180660951586e-11,1523.5022182898147,8,Minimization exited successfully.
1262214,0.6894,0.01,0,0,56633.179762608095,4.940775534482516e-10,0.3907426330370072,1.0944656730469546e-11,133.0356883472938,21,Minimization exited successfully.
1262715,0.6894,0.01,0,0,56635.57980984132,5.299737279418855e-10,0.3817909655881522,1.019895073076855e-11,246.11296683401588,23,Minimization exited successfully.
1263369,0.3125,0.001,0,0,56648.02039235781,2.88093953319299e-09,0.3054783566331025,7.487052326949125e-11,125.50020991501927,7,Minimization exited successfully.
1263715,0.2919,0.001,0,0,56649.87153832579,3.6968423536702547e-09,0.16031492480033194,7.327407080365017e-11,225.96966635363174,7,Minimization exited successfully.
1275946,0.2321,0.005,0,0,57243.55955382186,7.314357347156675e-09,0.06608678587144823,5.6169069237722206e-11,1101.2134714738243,16,Minimization exited successfully.
1279500,0.235,0.005,0,0,57235.513637131844,3.904573721134227e-09,0.15264450640097493,2.625497589251846e-11,490.4176183621984,10,Minimization exited successfully.
1280217,0.359,0.005,0,0,57237.30634667974,1.7100282289117752e-09,0.291223330921639,3.7188600239226174e-11,163.33329753248944,30,Minimization exited successfully.
1281668,0.3071,0.005,0,0,57254.759726500284,2.7681624115050753e-09,0.3608022150474426,6.064655465341564e-11,195.34681012425494,18,Minimization exited successfully.
1281886,0.384,0.005,0,0,57246.63556510456,1.970874587970597e-09,0.3536596013182134,5.657787123828224e-11,205.20751094455284,34,Minimization exited successfully.
1282736,0.3689,0.005,0,0,57246.952441826856,1.301422492121145e-09,0.43734123173635453,4.19163969100012e-11,105.36221536940158,33,Minimization exited successfully.
1283373,0.2075,0.001,0,0,57252.74659706173,4.739674179461116e-09,0.3046639806307212,1.1828671144908122e-10,9.25880450987787,11,Minimization exited successfully.
1283878,0.3135,0.001,0,0,57247.99658412771,2.8748784907317384e-09,0.5329785952781094,2.6909716703992765e-10,11.058150437943556,13,Minimization exited successfully.
1283936,0.369,0.005,0,0,57248.10228583126,9.955275699513238e-10,0.5630342081421986,4.139799124587413e-11,73.22136137023676,40,Minimization exited successfully.
1285160,0.7493,0.005,0,0,57245.876613643755,3.213482293031467e-10,0.771185553741816,1.1891930893836077e-11,34.94811544680587,15,Minimization exited successfully.
1285317,0.5649,0.005,0,0,57245.84168676215,7.265345815549915e-10,0.8034917964978376,3.987250261572699e-11,35.09424589536161,21,Minimization exited successfully.
1286398,0.1503,0.001,0,12,57262.41963288301,6.072609147761261e-09,0.34712875547484145,1.091435669535405e-10,226.16529456058265,24,Minimization exited successfully.
1287626,0.304,0.005,0,0,56667.763246861075,2.658356208393976e-09,0.29664995586063014,4.951049076500641e-11,31.00278640078834,3,Minimization exited successfully.
1289288,0.2897,0.001,0,0,57256.071323421995,1.9624927075113988e-09,0.8919667039299384,1.0132300935733258e-10,20.258011463143262,17,Minimization exited successfully.
1289555,0.5588,0.005,0,0,57255.971081200434,7.379563215115177e-10,1.5715623896721809,4.00647490733239e-11,37.884428297581,18,Minimization exited successfully.
1289600,0.4196,0.001,0,0,57264.93520497204,1.0659800380275283e-09,0.20678300576400943,1.4477450920043121e-11,378.89214480675815,32,Minimization exited successfully.
1289656,0.5394,0.005,0,0,57248.23484528722,6.985408635904409e-10,0.8902978024925687,4.5314066510809837e-11,15.577221927992042,17,Minimization exited successfully.
1289664,0.2491,0.005,0,0,57262.96658147714,3.409600676534379e-09,0.22704562408398488,4.8287429816004295e-11,103.1248957356835,15,Minimization exited successfully.
1290779,0.3895,0.01,0,0,56874.7506724105,1.3603348957497267e-09,0.35222401767168776,3.0291169915355186e-11,88.90541129506329,20,Minimization exited successfully.
1290816,0.2185,0.001,0,0,56877.50839530163,5.446098281675891e-09,0.09610541286383523,5.880695475031214e-11,312.6481996922295,8,Minimization exited successfully.
1291080,0.4438,0.005,0,0,56871.4830117126,8.132221273224908e-10,1.1718576193052286,4.1897336267766745e-11,18.19144784727189,11,Minimization exited successfully.
1291090,0.292,0.001,0,0,56884.20131944706,5.5151899325410605e-09,0.16551170506863855,1.1314201171568725e-10,263.8301254839945,11,Minimization exited successfully.
1291794,0.3951,0.001,0,0,57261.86197886889,1.5296113457524675e-09,0.6054658989414747,5.594708725357734e-11,90.42927763825473,35,Minimization exited successfully.
1291957,0.36,0.005,0,0,56883.39927882944,2.2755789563507517e-09,0.21049024932290195,4.583431342247245e-11,437.66424020296324,27,Minimization exited successfully.
1292145,0.4925,0.005,0,0,57249.523358407816,5.30447049109588e-10,1.1871192543985671,4.529447999605211e-11,23.012071689775016,17,Minimization exited successfully.
1292195,0.8293,0.005,0,0,57260.46372886369,2.4792335263041025e-10,1.0400111655508226,1.5284609439751692e-11,32.01161172227421,17,Minimization exited successfully.
1292332,0.2735,0.001,0,0,56881.57232172545,4.3355676504033045e-09,0.1942260251053085,1.2115482565213883e-10,99.07287400921176,10,Minimization exited successfully.
1292336,0.2336,0.001,0,0,56882.44525928186,3.748583034428439e-09,0.22727130108251004,1.034934385501319e-10,104.23831854533917,10,Minimization exited successfully.
1292560,0.2248,0.001,0,0,56890.13414932767,5.924136560122085e-09,0.19367115648492472,8.214152868545207e-11,76.00637050438971,9,Minimization exited successfully.
1293319,0.2969,0.0005,0,0,56896.15990732252,3.742068090704019e-09,0.29792135432944633,7.455042651262612e-11,349.4080204889166,12,Minimization exited successfully.
1293758,0.1472,0.001,0,10,56902.405113339104,1.3442987267185357e-08,0.1562619019205158,1.9173204667842994e-10,677.8003334237359,15,Minimization exited successfully.
1294014,0.3627,0.001,0,0,56899.61937519547,2.2390414769056233e-09,0.416291810466646,7.401274097289122e-11,261.8075084356401,20,Minimization exited successfully.
1294743,0.3126,0.001,0,0,56898.30649490273,1.4853507774305692e-09,0.7752346999150177,1.097641813759333e-10,9.331006572114198,9,Minimization exited successfully.
1295027,0.4254,0.001,0,0,56893.038417340715,1.2231168551611525e-09,0.46115519305021735,4.737946847472182e-11,85.90878545251846,33,Minimization exited successfully.
1295256,0.4425,0.007,0,0,56908.33406865717,1.0969369259852987e-09,0.5478274785964459,3.520141904428062e-11,80.29559383684874,14,Minimization exited successfully.
1295305,0.6117,0.006,0,0,56896.26358018663,5.879689659906485e-10,0.8631843310831755,3.317206663714225e-11,86.08440836992591,13,Minimization exited successfully.
1295921,0.5239,0.007,0,0,56889.49558956648,8.206615124111848e-10,1.3678430089057656,6.097958943989379e-11,22.26766280900383,12,Minimization exited successfully.
1296273,0.397,0.005,0,0,56910.075894253336,1.7631067938035993e-09,0.34969154440113925,2.965148354990211e-11,321.3272241706642,29,Minimization exited successfully.
1296321,0.1844,0.001,0,0,56913.839845810326,4.396203257316569e-09,0.2121906873799162,7.128836491783658e-11,244.639649011811,11,Minimization exited successfully.
1296657,0.1462,0.001,0,4,56906.335014601136,1.620837881191799e-08,0.2071154939076223,3.7632790555574926e-10,155.44066613347664,6,Minimization exited successfully.
1297026,0.2585,0.001,0,0,56911.32555192434,2.9005269106560773e-09,0.44844982205177075,6.199288282508801e-11,95.44717919986044,11,Minimization exited successfully.
1297465,0.2778,0.001,0,0,56918.60361627887,2.8981388013817594e-09,0.12083922110832646,3.1453047355467594e-11,1061.956161129503,12,Minimization exited successfully.
1298281,0.2351,0.003,0,0,56913.534878681836,2.752044261840513e-09,0.28414648490434047,5.5684564042039335e-11,61.271548685195214,13,Minimization exited successfully.
1298893,0.1962,0.001,0,0,56923.70205320881,3.388855165189804e-09,4.301577903745056,6.244685945657209e-10,4.65779834901731,2,Minimization exited successfully.
1299643,0.38,0.005,0,0,56919.377412419446,2.029011896460762e-09,0.25792471583918086,4.12152463657484e-11,595.9136116546254,31,Minimization exited successfully.
1299775,0.1598,0.001,0,0,56921.07095394702,9.14403883385091e-09,0.22571523125952808,2.844230591233923e-10,53.452921551848526,4,Minimization exited successfully.
1299785,0.3813,0.001,0,0,56927.966383981446,1.2952685541069135e-09,0.7131182100129081,4.0481391843317026e-11,92.81069785329183,31,Minimization exited successfully.
1300516,0.3104,0.005,0,0,56932.59343269314,2.453517847459145e-09,0.21174235303260502,5.309693158710443e-11,160.60576525247336,15,Minimization exited successfully.
1300912,0.3376,0.001,0,0,56927.5358035731,1.4251939668854322e-09,0.21644036658472032,1.4470390096177573e-11,748.4616166896836,30,Minimization exited successfully.
1301933,0.3299,0.005,0,0,56934.058424739706,2.589608926000412e-09,0.08758849996593199,2.1070819603632773e-11,801.1476234945675,14,Minimization exited successfully.
1302058,0.1984,0.001,0,0,56940.82618650274,8.227890999026279e-09,0.10044638983526966,8.211759989587997e-11,713.0047896380888,12,Minimization exited successfully.
1302141,0.6088,0.005,0,0,57261.64500300197,6.554622088346238e-10,1.3554417261730123,6.127835991450432e-11,24.900501939493985,20,Minimization exited successfully.
1302187,0.2195,0.001,0,0,56934.60796262355,4.432071860635919e-09,0.25847421304206364,2.003722830313737e-10,9.500408976534263,7,Minimization exited successfully.
1302523,0.4239,0.001,0,0,57267.517308986346,1.2686501196138178e-09,0.20332609627803322,2.2433572036363568e-11,324.06472560632625,26,Minimization exited successfully.
1302648,0.2319,0.001,0,0,56932.033940446236,3.896385559824575e-09,0.30476063679452636,9.281236086454011e-11,39.163743467533834,11,Minimization exited successfully.
1303004,0.2949,0.005,0,0,56945.9468676831,3.8708385343219985e-09,0.10927193653333234,5.2044889717526565e-11,426.6833614953756,16,Minimization exited successfully.
1303279,0.1724,0.001,0,0,56947.95136900322,1.4066579737031104e-08,0.1699596992584702,2.872283648197732e-10,109.26401346456157,6,Minimization exited successfully.
1303496,0.1798,0.001,0,0,56950.09973047017,6.818086351637842e-09,0.1914113448401622,1.1566330155411597e-10,96.17897031443329,8,Minimization exited successfully.
1303883,0.2591,0.005,0,0,57268.881724874576,4.367128031135294e-09,0.14140979536023224,8.461131576756887e-11,130.0728737033365,15,Minimization exited successfully.
1303952,0.5626,0.001,0,0,57265.25881113115,8.417652686922174e-10,0.9083658658710192,5.792245021886746e-11,29.301814912295526,19,Minimization exited successfully.
1304127,0.7286,0.005,0,0,57260.95414909669,4.09863745229409e-10,1.8371591270552017,4.5464286849455975e-11,35.548487935187175,19,Minimization exited successfully.
1304442,0.2171,0.001,0,0,56972.144062773725,1.8199951233043215e-09,94.20722878339802,1.3921544421381956e-09,0.31024044411676815,0,Covariance may not be accurate. Covariance not positive definite. Covariance forced positive definite.
1304678,0.2188,0.001,0,0,56946.75328343073,4.484640142826781e-09,0.5324976566334954,2.826882571286844e-10,6.6351881777021875,8,Minimization exited successfully.
1305504,0.4956,0.001,0,0,56956.31919614109,6.899688116909949e-10,0.4235805659845937,1.3147906075953363e-11,112.66466881956197,12,Minimization exited successfully.
1305626,0.3257,0.001,0,0,56960.59667230633,2.3575032425555813e-09,0.15904609230710776,1.823497193973491e-11,762.185878462398,13,Minimization exited successfully.
1306029,0.4289,0.005,0,0,57262.23207164877,1.110109556171163e-09,0.5623393558344105,3.064906816910633e-11,133.52739097029422,36,Minimization exited successfully.
1306073,0.3286,0.001,0,0,56958.105430516414,1.6838036098760684e-09,0.3516461943909235,3.680750634608222e-11,109.37502620356773,13,Minimization exited successfully.
1306141,0.3324,0.001,0,0,56958.575159085354,2.1456317591767536e-09,0.32905018225937965,3.829447454786351e-11,267.31500771207794,30,Minimization exited successfully.
1306360,0.4494,0.005,0,0,57261.94008688896,8.804790567621215e-10,1.5641520297140232,8.023355094849533e-11,12.317460125337826,17,Minimization exited successfully.
1306390,0.407,0.005,0,0,57263.211115158934,7.916563465349953e-10,1.295759797005303,4.359278718741245e-11,17.415281252884974,32,Minimization exited successfully.
1306537,0.4795,0.005,0,0,57266.50685885162,1.2120139304063363e-09,0.49219574366361485,5.134426439044759e-11,46.77382536248757,17,Minimization exited successfully.
1306626,0.4095,0.005,0,0,57265.450521166626,1.6490213438109718e-09,0.2912720740896475,4.0866688790976705e-11,194.57453282615964,34,Minimization exited successfully.
1306785,0.5787,0.005,0,0,57264.273944201545,7.141474228230871e-10,1.2339116873590683,8.960377803300464e-11,4.365635229208269,9,Minimization exited successfully.
1306980,0.5489,0.005,0,0,57262.3672215516,6.06313257688377e-10,1.749377193820692,7.482825901815479e-11,13.376617364982604,20,Minimization exited successfully.
1306991,0.4217,0.001,0,0,57267.576593806145,1.7343973342441564e-09,0.6820585968489468,1.140799254824834e-10,42.34284732226821,33,Minimization exited successfully.
1307277,0.4107,0.005,0,0,57264.836521575184,1.0287919939705446e-09,0.8056654583924683,5.464963996072603e-11,31.85548424223428,34,Minimization exited successfully.
1307830,0.3493,0.001,0,0,57267.57349078129,1.3074637941575794e-09,0.2089782701295917,1.947114782204188e-11,211.39899903717227,29,Minimization exited successfully.
1308314,0.4065,0.005,0,0,56959.68319611526,1.2699789165461807e-09,0.3826108565190225,2.2415559842624224e-11,322.4750963337431,35,Minimization exited successfully.
1308326,0.3262,0.001,0,0,56961.780517813764,2.4736108614726807e-09,0.23218895344325574,4.2454282085767446e-11,201.28378211835192,14,Minimization exited successfully.
1308568,0.6431,0.005,0,0,57268.156440024395,8.22136693731968e-10,0.9273767541671987,8.832067473806351e-11,39.531256721032186,17,Minimization exited successfully.
1308582,0.3669,0.001,0,0,57268.25906080077,1.7772573565613928e-09,0.35373202028131345,5.0631443869211466e-11,116.12219718658196,27,Minimization exited successfully.
1308884,0.0772,0.001,0,10,57279.5278222569,3.4660043724968496e-08,0.032013008327339776,1.7764519611291188e-10,1054.6035027770804,8,Minimization exited successfully.
1308957,0.6187,0.005,0,0,57264.90021201795,6.488478407215237e-10,1.18012522799836,6.39306359674402e-11,48.55403656899334,17,Minimization exited successfully.
1309288,0.2684,0.001,0,0,56991.17003323525,3.06250141642467e-09,2.2080095776000235,4.743832492716021e-10,0.8505384472001865,4,Minimization exited successfully.
1309492,0.3335,0.001,0,0,56972.98211852601,2.4784586330708874e-09,0.0655604530547862,1.5078438494107335e-11,3606.3356011134847,28,Minimization exited successfully.
1309749,0.7893,0.01,0,0,56959.968895578175,3.417298768373036e-10,0.5783614231659158,1.175524549764308e-11,65.67459518123837,17,Minimization exited successfully.
1310338,0.4388,0.01,0,0,56959.39075796535,1.344182378507283e-09,0.29171043129099417,2.4565925921884413e-11,149.5591881726831,24,Minimization exited successfully.
1310395,0.289,0.01,0,0,56963.630894298774,2.0219523388200894e-09,0.20157632066548103,3.9556274946601606e-11,80.05554192552127,16,Minimization exited successfully.
1312274,0.438,0.006,0,0,56959.765700110824,9.69293733913998e-10,0.5180865496222395,3.069374984352309e-11,58.432250578171384,30,Minimization exited successfully.
1313594,0.2883,0.001,0,0,56988.679437347506,3.3240047606759623e-09,0.23104173473257106,5.062404748198709e-11,348.3153362568508,10,Minimization exited successfully.
1314897,0.3369,0.005,0,0,57283.017804834984,2.538092362341113e-09,0.3071186668239534,6.484309073827735e-11,203.80361248593874,23,Minimization exited successfully.
1315192,0.2254,0.001,0,0,56992.565089703276,6.880919054627725e-09,0.1533970453310758,1.7114434400394127e-10,56.52510351743836,5,Minimization exited successfully.
1315259,0.228,0.001,0,0,56988.55454294167,3.3324313732312263e-09,0.21886662627002806,4.818616796449075e-11,150.6766271362005,8,Minimization exited successfully.
1315296,0.4126,0.001,0,0,56988.176988132975,8.864846320639368e-10,0.6749027638870757,3.33041076137336e-11,87.5353011472778,25,Minimization exited successfully.
1316385,0.1478,0.001,0,8,57002.041813842545,2.5956341566009912e-08,0.16928357080905698,5.611092755178896e-10,642.8424604121046,9,Minimization exited successfully.
1316431,0.1981,0.005,0,0,57001.828584543895,7.48510143422896e-09,0.14715535497452947,5.887924228053334e-11,1488.6752211310513,8,Minimization exited successfully.
1316437,0.482,0.001,0,0,56987.7570774045,7.381427813723464e-10,1.2763585616448836,3.7200512158242226e-11,27.02645962789572,11,Minimization exited successfully.
1316465,0.3291,0.001,0,0,57005.95242721602,2.7745226848443216e-09,0.0807825141819194,1.9433453901199652e-11,2121.2139548600735,9,Minimization exited successfully.
1317164,0.1547,0.001,0,0,57299.22003897298,2.4162159863400603e-09,0.7652481076365802,1.0399019658479032e-10,12.098646495509973,3,Minimization exited successfully.
1317277,0.2371,0.001,0,0,56991.255398344816,3.089322104747614e-09,0.292043345158163,7.342156907391878e-11,24.838424177334037,10,Minimization exited successfully.
1317286,0.279,0.01,0,0,56995.47963584366,3.6846577073984466e-09,0.14195241289417027,4.0699433507327345e-11,729.7690838710687,12,Minimization exited successfully.
1317454,0.5688,0.01,0,0,56993.319273775836,5.799056652271602e-10,1.2090961442263506,3.505640796585095e-11,38.86670175337137,8,Minimization exited successfully.
1317666,0.1414,0.001,0,10,57287.765957567695,1.0264400982922122e-08,0.10994856154138688,9.237111574712071e-11,1809.1989663572617,20,Minimization exited successfully.
1319366,0.2361,0.005,0,0,57289.376692948645,5.106617787825769e-09,0.1879710319226433,6.707945747862078e-11,267.3725928267888,15,Minimization exited successfully.
1319821,0.3088,0.001,0,0,57007.65610826653,2.36057415519499e-09,0.6040814977677655,9.822286331617457e-11,67.56229381519775,8,Minimization exited successfully.
1320166,0.449,0.01,0,0,57000.31638933516,8.605556697053624e-10,0.4909452645442798,4.108105021908567e-11,35.189685770347445,8,Minimization exited successfully.
1322229,0.5261,0.001,0,0,57009.7247571085,7.135502110810122e-10,0.7761908799366211,2.559974927965704e-11,34.732984964148216,5,Minimization exited successfully.
1322979,0.5294,0.005,0,0,57017.326780736534,6.878691415136843e-10,0.3254698379278125,1.0703526831544288e-11,183.30249092627602,7,Minimization exited successfully.
1324542,0.5415,0.0005,0,0,57021.71147658132,5.928560449671593e-10,0.9455660800158512,3.47516477186613e-11,21.33389892136012,7,Minimization exited successfully.
1325358,0.7793,0.005,0,0,57016.69310392343,3.507979601510086e-10,2.142187090932566,3.2564860573721496e-11,8.39984093941718,5,Minimization exited successfully.
1327978,0.2073,0.001,0,0,57290.16623748831,4.8358147230923605e-09,1.019412635705521,2.704309874631214e-10,6.923546025229765,8,Minimization exited successfully.
1328066,0.4489,0.005,0,0,57277.549537459556,1.35725458155806e-09,1.6750786826996773,9.721265490944447e-11,49.391529264576064,18,Minimization exited successfully.
1328105,0.4402,0.001,0,0,57285.08045559034,1.4360296381018466e-09,0.5487476965608948,4.861178096395302e-11,139.04520438010758,40,Minimization exited successfully.
1329166,0.7316,0.005,0,0,57286.76248853569,3.165302882060934e-10,1.671334547605511,1.4081456557213242e-11,47.657123972297754,15,Minimization exited successfully.
1329196,0.7693,0.005,0,0,57289.72968490714,3.122577915636702e-10,1.1738139353583392,1.1080189960956589e-11,69.12091563245994,18,Minimization exited successfully.
1329312,0.3444,0.001,0,0,57294.13512712609,1.4163925377692298e-09,0.6127179921459174,4.422523864688805e-11,63.55560862157155,29,Minimization exited successfully.
1329615,0.4039,0.005,0,0,57287.66006147882,1.1021080132700382e-09,0.562653183387738,3.901200796343572e-11,64.41560721981443,32,Minimization exited successfully.
1330031,0.1041,0.005,0,13,57318.89965947788,1.1795023667455136e-08,0.1402872622711584,1.6584172869351757e-10,3299.1457503970323,11,Minimization exited successfully.
1330426,0.2595,0.005,0,0,57300.05940935195,5.341116180193226e-09,0.19666409917772398,4.4265559938533606e-11,1535.3810409142911,14,Minimization exited successfully.
1330642,0.6339,0.001,0,0,57297.46471624527,8.750877809736658e-10,0.36373119576091995,2.3574947799964902e-11,91.89297290775822,15,Minimization exited successfully.
1330903,0.5638,0.005,0,0,57283.20488624429,6.266483633557121e-10,1.2791792427269684,4.0170108266758697e-11,32.219012611648,18,Minimization exited successfully.
1331123,0.2291,0.005,0,0,57301.55900276104,3.546381260864389e-09,0.18200565706865746,6.141314225933162e-11,56.37280105659067,15,Minimization exited successfully.
1331993,0.7196,0.005,0,0,57301.20976747846,4.245806807985407e-10,0.42641904193442315,1.3647304841964788e-11,148.4987828727197,28,Minimization exited successfully.
1332059,0.5788,0.005,0,0,57301.19529072715,7.210124997326756e-10,0.553989876563719,4.370944680223828e-11,29.11529370489381,16,Minimization exited successfully.
1332413,0.6087,0.005,0,0,57301.03875376376,7.392388508738243e-10,0.521409976954601,3.7193249836872485e-11,81.802231041011,15,Minimization exited successfully.
1333246,0.4379,0.005,0,0,57302.69046784819,1.114444959514138e-09,0.597372089538112,6.651169968079325e-11,46.56129021858088,28,Minimization exited successfully.
1333438,0.3995,0.005,0,0,57304.80741675445,1.2038711951565122e-09,0.4608773039326479,4.189576225581292e-11,112.92993910324043,29,Minimization exited successfully.
1334084,0.1335,0.001,0,6,57330.077906100356,7.292656337740351e-09,0.5643394032485958,2.1308859665037187e-10,35.08803885731828,12,Minimization exited successfully.
1334087,0.2663,0.001,0,0,57345.94361600083,4.143788595409023e-09,1.223942973283556,1.1836128662751027e-09,12.842046936274745,2,Minimization exited successfully.
1334302,0.4549,0.005,0,0,57312.923233838024,8.562566345375138e-10,1.3151669518811104,5.171106391653061e-11,14.864708772470184,15,Minimization exited successfully.
1334423,0.3577,0.001,0,0,57316.46235064541,1.6347813179860943e-09,0.26112884288158966,4.033539628400674e-11,163.9270419934036,26,Minimization exited successfully.
1334448,0.5167,0.005,0,0,nan,nan,nan,nan,nan,nan,No data points with S/N > 5.0. Initial guessing failed.
1334470,0.5188,0.005,0,0,57312.30570116212,8.46213252855555e-10,0.8536548402080371,4.262041687785896e-11,30.825591430019937,13,Minimization exited successfully.
1334597,0.289,0.005,0,0,57325.051561985645,3.673400951036534e-09,0.13415471424013958,3.713340023740372e-11,2577.7898465861686,10,Minimization exited successfully.
1334620,0.1961,0.001,0,0,57318.19725173138,3.785416419173127e-09,0.3080850678416027,1.0422884536543371e-10,56.35957373262387,13,Minimization exited successfully.
1334644,0.2881,0.001,0,0,57315.96719377805,2.404535561724257e-09,0.42238516273209825,6.704875829412416e-11,27.043660623548647,13,Minimization exited successfully.
1334645,0.2312,0.001,0,0,57318.173030856866,4.320711867227795e-09,0.16764962353772717,6.641666892919958e-11,125.52207371212634,10,Minimization exited successfully.
1334707,0.6488,0.001,0,0,57315.787958696244,5.479297365387401e-10,0.28988443541311426,1.0198065940968032e-11,341.4107391179008,29,Minimization exited successfully.
1334879,0.6393,0.005,0,0,57314.006130574366,4.58150300592498e-10,0.41133126967179123,1.1936966399317131e-11,79.69883538612444,14,Minimization exited successfully.
1335472,0.4989,0.005,0,0,57322.50789195515,8.113158139049478e-10,0.7099035961946356,3.8513713876194957e-11,43.59092776990903,12,Minimization exited successfully.
1335564,0.6077,0.005,0,0,57321.32657858093,6.233098916866786e-10,1.379436098581209,4.5666110417496046e-11,23.738878350162814,13,Minimization exited successfully.
1335694,0.2591,0.005,0,0,57330.66487447659,4.674414027586374e-09,0.1257940023424453,5.3753217830879083e-11,674.9347343149284,9,Minimization exited successfully.
1335717,0.3048,0.001,0,0,57330.39304691068,2.0482450718113233e-09,0.10088369737786707,2.0328661948592243e-11,543.5689844762497,11,Minimization exited successfully.
1335718,0.6993,0.005,0,0,57327.608883276946,4.6304919265307173e-10,0.3036336875120469,8.432020216393655e-12,384.3988333495267,27,Minimization exited successfully.
1335868,0.6194,0.005,0,0,57323.64167419887,6.537173265251072e-10,1.1665090475253237,4.2743897714383447e-11,36.2313462199615,15,Minimization exited successfully.
1336008,0.438,0.005,0,0,57326.9024854853,1.7017382343826646e-09,0.30663855315651745,3.836455653510747e-11,270.5128397347343,22,Minimization exited successfully.
1336009,0.3416,0.005,0,0,57325.4228484666,1.1692392718757727e-09,0.4744498447107617,3.248618652809807e-11,134.9910940372061,23,Minimization exited successfully.
1336453,0.1848,0.001,0,0,57336.41432170174,8.386888162018263e-09,0.12545515968304244,1.1099824089185529e-10,641.3926954254359,7,Minimization exited successfully.
1336480,0.256,0.001,0,0,57332.96225229305,3.022679579049695e-09,0.38169407968598534,8.45751412649245e-11,78.31908328002845,5,Minimization exited successfully.
1336687,0.2337,0.001,0,0,57332.47630501126,3.9391826031985114e-09,0.13471994947030907,5.2152724569337964e-11,320.04553074996943,10,Minimization exited successfully.
1337117,0.5539,0.005,0,0,57340.34011819077,9.606332334743878e-10,0.9762392453631037,3.367962071373822e-11,93.8346115495603,9,Minimization exited successfully.
1337221,0.6688,0.005,0,0,57334.925296173926,5.312360801522228e-10,0.8296513559871528,2.4766380246659316e-11,47.06392841398114,26,Minimization exited successfully.
1337228,0.5788,0.005,0,0,57338.671803930265,4.877196257756962e-10,1.795336485683947,4.6433405157191196e-11,14.220389842501579,12,Minimization exited successfully.
1337272,0.5027,0.005,0,0,57335.04897638907,7.455068681044542e-10,0.8096377802612551,3.801893742019056e-11,21.96447841444759,10,Minimization exited successfully.
1337325,0.6387,0.005,0,0,57335.36099028698,6.35975007425924e-10,1.221157812851743,3.845163693571355e-11,24.635420752269425,10,Minimization exited successfully.
1337649,0.2491,0.005,0,0,57347.75574031407,3.1043822268128208e-09,0.2517770989361452,4.1137365014881416e-11,515.9764391775012,7,Minimization exited successfully.
1337655,0.8485,0.005,0,0,57336.2776554403,3.216752866720642e-10,0.9625599655264523,1.2522930379510096e-11,53.74914029522424,8,Minimization exited successfully.
1337687,0.3195,0.005,0,0,57342.083610146896,3.3859994186406503e-09,0.3313382194573933,7.23125530235523e-11,514.4509156407614,10,Minimization exited successfully.
1337703,0.5334,0.005,0,0,57337.02902695881,8.690897049189229e-10,1.5992332454843563,7.613337721540002e-11,18.28153568081431,13,Minimization exited successfully.
1337838,0.3119,0.005,0,0,57345.76402264926,2.88502960211502e-09,0.1357697498970083,3.7343547137991164e-11,486.44855559459097,9,Minimization exited successfully.
1338128,0.3117,0.001,0,0,57351.66101831399,2.176222617530602e-09,0.5702294562324823,8.066278969605949e-11,59.94547260297505,9,Minimization exited successfully.
1338170,0.389,0.005,0,0,57344.13962526223,1.233553501964972e-09,0.5822091195695975,4.951615057050524e-11,60.61750780350984,20,Minimization exited successfully.
1338233,0.598,0.001,0,0,57337.022522144034,4.332525962222062e-10,1.772978403056186,5.000256207958853e-11,5.825771951481158,11,Minimization exited successfully.
1338266,0.6476,0.005,0,0,57343.69985723389,3.599549549729014e-10,0.8244218498875853,1.853419291202175e-11,55.23533025474927,38,Minimization exited successfully.
1338278,0.5639,0.001,0,0,57343.468598071646,6.696073491895365e-10,0.8063739967801666,3.7078364745565896e-11,27.43688806693143,8,Minimization exited successfully.
1338387,0.5838,0.005,0,0,57343.69375658412,6.966342606270696e-10,0.8724512519147538,3.034985686709519e-11,65.35244754488585,8,Minimization exited successfully.
1338430,0.5089,0.005,0,0,57343.35284187653,8.352450801320294e-10,0.9355127419039491,4.0274583666995435e-11,23.945631518666445,7,Minimization exited successfully.
1338471,0.5309,0.005,0,0,57334.25907467331,4.705841857184128e-10,1.6249006693797128,4.918620405663184e-11,5.984059793321648,9,Minimization exited successfully.
1338675,0.3306,0.001,0,0,57353.625783557,1.6568971528888206e-09,0.19109327285332256,1.928473928481913e-11,778.1550353117011,15,Minimization exited successfully.
1339002,0.3025,0.001,0,0,57351.6717674655,1.6782384013410454e-09,0.6518472036441381,6.96483363886196e-11,38.631478547462635,7,Minimization exited successfully.
1339149,0.4678,0.005,0,0,57353.606651859685,9.761830293154174e-10,0.7840532897171215,4.284250866801923e-11,22.283242696962297,7,Minimization exited successfully.
1339392,0.1804,0.001,0,0,57365.06947610988,7.069384459541966e-09,1.5853074426486273,7.642790781490953e-10,66.55993541356592,4,Minimization exited successfully.
1339450,0.5505,0.001,0,0,57349.395695770625,5.348269033430745e-10,3.791297503248643,7.500077085674939e-11,12.936003197930457,11,Minimization exited successfully.
1340454,0.421,0.005,0,0,57354.89363531535,1.4318344767992893e-09,0.2041485904228466,3.151953031521778e-11,211.89410608418987,20,Minimization exited successfully.
1341370,0.409,0.005,0,0,57355.82960776391,1.4819691809690388e-09,0.2164454574995034,3.3802362722223434e-11,292.67932810965397,14,Minimization exited successfully.
1341894,0.3121,0.001,0,0,57375.08264576083,2.2284935328224716e-09,0.5514938801643439,7.795628797481846e-11,50.63615675103385,5,Minimization exited successfully.
1342255,0.2141,0.005,0,0,57373.467600353564,5.751977549530547e-09,0.1234037835674826,5.26462075411753e-11,201.864268575992,4,Minimization exited successfully.
1343208,0.4993,0.001,0,0,57369.38164720018,6.757808736030165e-10,0.8254493479144003,2.9949472229810985e-11,3.8407541420728775,4,Minimization exited successfully.
1343337,0.3389,0.001,0,0,57375.682140796365,1.5084011021462876e-09,0.4244938193296548,4.086241535977934e-11,82.82841340808389,14,Minimization exited successfully.
1343401,0.3829,0.005,0,0,57376.55056434292,2.001817860871328e-09,0.41374315412758733,5.8057544483772744e-11,95.11865467081563,10,Minimization exited successfully.
1343533,0.368,0.005,0,0,57370.89601855003,1.1982472816774195e-09,0.8618968677365046,7.838425854909286e-11,16.569555989696248,14,Minimization exited successfully.
1343759,0.508,0.001,0,0,57373.32352184639,8.515934014199838e-10,0.2859593628854782,1.478496989569687e-11,36.81430563642505,5,Minimization exited successfully.
1343871,0.6379,0.005,0,0,57370.30848951935,5.395277345071849e-10,1.0681663275427127,3.177520894708191e-11,18.949006211809767,5,Minimization exited successfully.
1344692,0.3795,0.001,0,0,57374.8645358449,7.65161690013516e-10,0.705858448131039,5.4808777928560684e-11,4.75855345910205,12,Minimization exited successfully.
1345553,0.3189,0.005,0,0,57377.00506085153,2.6358241185114697e-09,0.3082627139701799,6.760698378011381e-11,51.779049234180235,4,Minimization exited successfully.
1345582,0.4588,0.005,0,0,57375.83428571227,9.469453560751355e-10,0.7966149201638473,4.6001144418329254e-11,1.0188376036797564,5,Minimization exited successfully.
1345594,0.4224,0.001,0,0,57375.844529514805,1.3735277710985927e-09,0.877968677701574,7.040368300568197e-11,9.94403155962404,9,Minimization exited successfully.
1346137,0.3635,0.005,0,0,57380.342541341444,1.511686267651802e-09,0.5325149961427087,5.115378181863008e-11,64.35178183058501,12,Minimization exited successfully.
1346387,0.3445,0.005,0,0,57376.212956719486,1.1854477382880541e-09,0.11408279848183156,1.1858579491791532e-11,476.6551222807062,11,Minimization exited successfully.
1346956,0.3335,0.005,0,0,57390.56476461177,2.2618206102714054e-09,0.21330742532518343,5.6680954945827974e-11,317.11995368478864,8,Minimization exited successfully.
1346966,0.3355,0.005,0,0,57385.84046480748,2.21813560520615e-09,0.335393826066138,5.492168599321785e-11,113.0325968647747,12,Minimization exited successfully.
