cid,z,z_err,num_points_desr,num_points_desi,num_points_desz,t0,x0,x1,c,t0_err,x0_err,x1_err,c_err,chi,dof,message
1248677,0.3502,0.001,0,0,16,56554.755675270746,3.108279718274571e-07,0.8614461198671939,2.818267780061641,0.27508837958521326,5.131528189639083e-08,0.18988560375068675,0.10269387202330962,82.45544229088149,12,Covariance may not be accurate. Covariance not positive definite. Covariance forced positive definite.
1250017,0.1817,0.001,0,15,15,56553.361150152305,0.0001534007565985931,1.193808948777732,-0.23639024538631162,0.1535428677489108,1.8726732865106566e-05,0.1709737201913565,0.07481996173304827,51.972245620536604,26,Minimization exited successfully.
1253039,0.4535,0.006,0,0,20,56575.453602703856,3.8446820030209697e-10,-1.154823467213086,7.04569439287555,0.7442323997966014,1.9942321871170848e-10,0.640996387933582,0.3383024739216542,16.950497805426608,16,Covariance may not be accurate. Covariance not positive definite. Covariance forced positive definite.
1253101,0.4596,0.0005,0,0,17,56576.39836169193,0.3602229621106187,3.4320252068658657,-7.366392312510971,1.126078786310245,0.2130081434306509,1.1231230953288325,0.4468236012155625,16.730281299873553,13,Covariance may not be accurate. Covariance not positive definite. Covariance forced positive definite.
1253920,0.1956,0.001,0,14,15,56583.54662773474,6.610335597319626e-05,-0.5931120761660938,0.20964649026311244,0.18331606840001768,1.0985863603917317e-05,0.1980128371047897,0.10266316746766503,73.06611506533909,25,Minimization exited successfully.
1255502,0.1482,0.001,0,4,15,56592.122636738924,0.00019323457417647454,0.9463450008503972,0.045664589421464286,0.18479438186477637,3.1668911425746414e-05,0.13365005665460417,0.09204972967097823,68.55424840644723,15,Minimization exited successfully.
1257366,0.2114,0.001,0,10,15,56611.89071432996,3.0307880161774955e-05,-0.07852380769289535,0.39136619273376416,0.3953842522787454,8.821241817984184e-06,0.3723735876876711,0.17870091669216817,32.83436707273751,21,Minimization exited successfully.
1257695,0.1838,0.001,0,13,12,56613.3520908387,7.793472326743562e-05,0.4275557862804939,0.21698556778803862,0.13703127258486347,7.948194592229829e-06,0.11482997667886867,0.06184643547284755,97.06106889339775,21,Minimization exited successfully.
1258906,0.3492,0.001,0,0,15,56620.98218882854,2.1137425978436377e-05,-0.4324414092807913,0.010214288727390776,0.7317744290994597,1.3566056127457256e-05,0.7934540132280111,0.4025144456253375,6.9200429496490115,11,Covariance may not be accurate. Covariance not positive definite. Covariance forced positive definite.
1258940,0.4259,0.001,0,0,18,56620.36883596927,6.759716273218504e-15,-1.3223729291920672,13.885435696191337,0.7824929338494258,3.130025388218232e-15,0.8197441899562193,0.2874831826153258,16.12217414693158,14,Covariance may not be accurate. Covariance not positive definite. Covariance forced positive definite.
1259412,0.3047,0.001,0,12,12,56624.38746805186,3.929090634791829e-05,1.0278780172132957,-0.0702805853579781,0.21443222135712858,3.6035634183806115e-06,0.1774809008471804,0.0633619484590308,84.79502594717748,20,Minimization exited successfully.
1261579,0.3222,0.001,0,10,10,56638.55231398103,2.8996953790237354e-05,-0.19124761390012363,0.04419599041474142,0.156766429572599,2.0312844827438116e-06,0.19488236235847997,0.050638249397971236,23.65024718425225,16,Minimization exited successfully.
1262214,0.6894,0.01,0,0,0,nan,nan,nan,nan,nan,nan,nan,nan,nan,nan,zero-size array to reduction operation minimum which has no identity
1262715,0.6894,0.01,0,0,0,nan,nan,nan,nan,nan,nan,nan,nan,nan,nan,zero-size array to reduction operation minimum which has no identity
1263369,0.3125,0.001,0,9,9,56666.042562544375,1.7693202767123565e-05,0.5023144922961584,0.37205921767847955,0.7075460450469109,4.931868907748354e-06,0.8676718470159861,0.19131934900424352,3.6805197467331228,14,Minimization exited successfully.
1263715,0.2919,0.001,0,9,9,56666.901446989585,3.622498467458236e-05,0.8875390857846807,0.01078339209014266,0.3939934270674712,6.9547409530609105e-06,0.5052999213091105,0.13522258069631932,7.2799298919176305,14,Minimization exited successfully.
1275946,0.2321,0.005,0,19,19,57261.81716288454,9.046860634551202e-05,1.5356527269327798,-0.13647909013431408,0.1702454226797272,9.143473283008801e-06,0.17723187368637203,0.06531403606937336,246.12918914841106,34,Minimization exited successfully.
1279500,0.235,0.005,0,12,11,57251.887003906246,6.523572906814141e-05,0.7783005547451183,-0.0687602718884668,0.4168993379098538,5.748682127891488e-06,0.14131741072143833,0.05877450609703363,100.96166360838038,19,Minimization exited successfully.
1280217,0.359,0.005,0,0,17,57251.21043508832,2.466060797557951e-05,2.4446454572029803,0.045627148844635194,0.005821395039674826,8.799941680344926e-07,0.6264019793867727,0.025060277900881778,26.451261547936316,13,Minimization exited successfully.
1281668,0.3071,0.005,0,21,22,57270.83264962698,3.4358251147277026e-05,0.004481624866254717,-0.0021709942317217745,0.4817980683292262,5.665984842305885e-06,0.41631339347761936,0.11639689874039563,50.184986806863925,39,Minimization exited successfully.
1281886,0.384,0.005,0,0,19,57269.92601480366,1.943225732653227e-05,1.384231209343962,-0.00016485287632717595,0.001421567372744903,8.670724738833037e-07,0.7429165269115507,0.028457307700735318,10.931853753098878,15,Minimization exited successfully.
1282736,0.3689,0.005,0,0,20,57266.2145950225,34865349.386672184,0.023586995492686752,-18.55178012945351,0.0,0.0,0.0,0.0,7.812516948267648,16,Hesse Failed. Covariance may not be accurate. Covariance not positive definite.
1283373,0.2075,0.001,0,15,18,57268.84310834287,0.00010829681714306249,-0.8735841432881398,-0.4328691160539295,0.0014730201437487267,3.601207224777937e-05,0.33206502307309,0.21148342814869864,23.034792261376904,29,Minimization exited successfully.
1283878,0.3135,0.001,0,14,14,57265.552625325145,4.119783362281278e-05,-0.9247645166801862,-0.36911230384751453,0.7989093995929579,1.8554226426659004e-05,0.8961511059570011,0.3357945236266773,4.604907376035026,24,Minimization exited successfully.
1283936,0.369,0.005,0,0,23,57270.953371616975,1.426736962079207e-05,1.0976798176012155,0.010675074684600022,1.4863648413738701,1.073460093253545e-05,1.052290148448653,0.4783533678757572,16.6455799955236,19,Covariance may not be accurate. Covariance not positive definite. Covariance forced positive definite.
1285160,0.7493,0.005,0,0,0,nan,nan,nan,nan,nan,nan,nan,nan,nan,nan,zero-size array to reduction operation minimum which has no identity
1285317,0.5649,0.005,0,0,24,57268.84104775729,3.556298475268695e-05,-0.15631899363077717,-1.1687780257535456,0.003987215899542207,3.997873452836036e-05,1.0460437768486754,1.0893013054737617,13.023141630779714,20,Covariance may not be accurate.
1286398,0.1503,0.001,0,13,13,57271.60105608681,9.763419302087755e-05,-2.2087331220638435,0.02781742507637911,6.88191139488481e-05,2.0759898461646094e-05,0.19648516731025642,0.1269825478732701,32.07448143904932,22,Minimization exited successfully.
1287626,0.304,0.005,0,7,6,56682.31724535096,5.055562656538158e-05,-0.14439635459212696,-0.2627846478502674,0.48299087429768406,9.411719778142996e-06,0.5573828314939865,0.13816444639415623,2.942324836397382,9,Minimization exited successfully.
1289288,0.2897,0.001,0,21,23,57273.37412740202,4.501989176979622e-05,-2.6770624083080885,-0.3462160051312166,0.9120489151500806,1.927677787858218e-05,0.9205486360640243,0.2984728650843841,23.403141497753694,40,Minimization exited successfully.
1289555,0.5588,0.005,0,0,21,57276.91631947141,2.8797007638078623e-08,-1.0773470576247688,4.49370183846281,1.5238677406196075,2.8439403566075054e-08,1.3055267507794392,0.7259944078614138,10.059417696024836,17,Covariance may not be accurate. Covariance not positive definite. Covariance forced positive definite.
1289600,0.4196,0.001,0,0,16,57281.50915572878,1.3247754814296208e-05,1.265505386915861,0.01501324583816681,0.8973790552190621,6.173461786555436e-06,0.501478549146792,0.30943306097509193,34.97293963022722,12,Covariance may not be accurate. Covariance not positive definite. Covariance forced positive definite.
1289656,0.5394,0.005,0,0,21,57272.26988892727,1.5603375546938013e-08,-1.3708056000094682,4.718300724197864,1.7166241883969633,1.3585649373739476e-08,1.0228800955954152,0.6208984087426365,26.632841795723188,17,Covariance may not be accurate. Covariance not positive definite. Covariance forced positive definite.
1289664,0.2491,0.005,0,17,18,57279.694762516825,2.6736874331005355e-05,-1.024203861342098,0.42290681898861043,0.2668988150689984,3.3737031740893216e-06,0.18278778386538566,0.0830832453587423,51.91123505612774,31,Minimization exited successfully.
1290779,0.3895,0.01,0,0,12,56886.877517428446,1.7375786110808795e-05,0.40975537694667497,-0.021208333930125143,0.0057556458414183,6.095919071297098e-07,0.604465302253138,0.021361328051972283,18.188033701518027,8,Minimization exited successfully.
1290816,0.2185,0.001,0,10,10,56891.94005015835,7.386923138829898e-05,1.1701402582602816,-0.09065740456835086,0.6506466253813414,1.0966765635523646e-05,0.2564667518559471,0.09603990076092427,94.02886156841848,16,Minimization exited successfully.
1291080,0.4438,0.005,0,0,14,56888.04487423672,43.40024873342999,-0.29311161514044964,-10.892382227511504,0.018525197854614817,70.72143134881789,1.0995691784345678,1.3959510327372768,13.813595787494469,10,Covariance may not be accurate.
1291090,0.292,0.001,0,11,14,56904.8592685328,5.745627166854908e-05,1.2047573400434428,-0.21922700689176725,0.31308213053489453,1.2585677770781728e-05,0.30619091802431087,0.1515329972609624,61.30578058909536,21,Minimization exited successfully.
1291794,0.3951,0.001,0,0,18,57276.109783051616,1.8582822211732146e-05,0.07408038208953084,-0.016981482680532813,1.5428006692418421,2.1522510532031664e-05,1.0065169510023382,0.7493373121916497,3.2939046148526234,14,Covariance may not be accurate. Covariance not positive definite. Covariance forced positive definite.
1291957,0.36,0.005,0,0,15,56906.07843077724,2.3077196116551373e-05,0.854861772181388,0.012442097819688842,0.5810286313608231,1.2483035068086172e-05,0.4715596853222373,0.3419226207840067,19.34287070186671,11,Covariance may not be accurate. Covariance not positive definite. Covariance forced positive definite.
1292145,0.4925,0.005,0,0,19,57272.68303252909,8.289449959020206e-06,1.5512385003951992,-0.03414941667207838,1.9558677090644778,8.59827966040276e-06,1.313165041839348,0.7556493401032719,8.555062598358756,15,Covariance may not be accurate. Covariance not positive definite. Covariance forced positive definite.
1292195,0.8293,0.005,0,0,0,nan,nan,nan,nan,nan,nan,nan,nan,nan,nan,zero-size array to reduction operation minimum which has no identity
1292332,0.2735,0.001,0,13,12,56901.21572249571,5.2829557287827774e-05,0.7519951633401485,-0.0840997229129065,0.6226857540350466,1.7119951706277947e-05,0.4842094800444329,0.21566333531464787,35.88066482585356,21,Minimization exited successfully.
1292336,0.2336,0.001,0,13,12,56902.056855799194,5.945667415771284e-05,-0.2680269844887427,-0.09366726121324002,0.3683083043906663,1.6431868343991285e-05,0.2774493654855382,0.17513266791126061,84.99376982623849,21,Minimization exited successfully.
1292560,0.2248,0.001,0,14,13,56904.79338655687,9.889344469336886e-05,0.36984061706186805,-0.22587325384059698,0.23688712054354255,1.6794484145578705e-05,0.1677413043829535,0.10989476319631149,78.85900802763035,23,Minimization exited successfully.
1293319,0.2969,0.0005,0,14,15,56913.41759848205,4.64753193385492e-05,1.7904479437902303,-0.09066643205992324,0.33973035397866624,5.922117446405191e-06,0.2990724490284565,0.0898473948454087,63.461253597561054,25,Minimization exited successfully.
1293758,0.1472,0.001,0,1,17,56916.4773753977,4.9520135374349256e-05,-1.4586820885882763,0.46800454836915645,0.3986355145680136,1.5799237069623615e-05,0.19535724815899794,0.16946526647890847,48.88396348623711,14,Covariance may not be accurate. Covariance not positive definite. Covariance forced positive definite.
1294014,0.3627,0.001,0,0,6,56916.635134773824,2.38103285394019e-05,0.7339688041743488,0.01842720185238548,1.9067191726353485,0.0002516429322982514,0.9475277421738572,6.686631880803902,5.4688191974297915,2,Minimization exited successfully.
1294743,0.3126,0.001,0,11,14,56912.846949905084,1.5726005440399916e-05,-0.5022617177165227,0.22389622291731892,0.5881002675159834,3.380208738528157e-06,0.4473272570347438,0.14382951985858958,36.584389243137664,21,Minimization exited successfully.
1295027,0.4254,0.001,0,0,19,56910.78400918552,1.7746528049130648e-10,-0.012956924446893526,7.390912536349541,1.756848906072264,1.6196561908614894e-10,1.0586844925705965,0.586731716908442,10.929095024335162,15,Covariance may not be accurate. Covariance not positive definite. Covariance forced positive definite.
1295256,0.4425,0.007,0,0,17,56928.774958341884,1.2487371706170008e-09,-1.1489521081841223,6.154597202996409,0.8051998658847879,7.889951254770898e-10,0.621896429817298,0.41160572088680586,7.190766341579578,13,Covariance may not be accurate. Covariance not positive definite. Covariance forced positive definite.
1295305,0.6117,0.006,0,0,18,56915.55737533786,5.8074643845039424e-05,-0.9558068515146715,-2.057678384091621,0.781267771806597,2.1671053591202612e-05,0.6603999959992926,0.363403168930295,23.34738797237779,14,Covariance may not be accurate. Covariance not positive definite. Covariance forced positive definite.
1295921,0.5239,0.007,0,0,13,56914.008242496646,0.004118013735674512,2.325206807479626,-4.951491494078659,0.0008911823933885898,0.0018251176247861133,1.8408136045985068,0.40714347511462257,7.02183506037807,9,Covariance may not be accurate.
1296273,0.397,0.005,0,0,16,56926.7966040263,696827157.1395729,0.43681554817647295,-21.096619041562864,0.0,0.0,0.0,0.0,17.856328316492093,12,Hesse Failed. Covariance may not be accurate. Covariance not positive definite.
1296321,0.1844,0.001,0,12,13,56929.95770652441,5.4911807201809385e-05,0.3573618099616754,0.09190523164770478,0.4224104254026315,1.217757507425829e-05,0.2717438571616479,0.13596641913432078,26.2094541568888,21,Minimization exited successfully.
1296657,0.1462,0.001,0,10,14,56923.773351338474,0.0002844708735988376,0.9930251442322082,-0.3749167068810157,0.2972023439069744,5.048194329690362e-05,0.23868918928252286,0.1013794332845993,52.95402272376293,20,Minimization exited successfully.
1297026,0.2585,0.001,0,13,16,56928.4369103027,3.9268420945914143e-05,-0.6082800451255392,0.04121619322450745,0.623191104925354,9.59567896918193e-06,0.39680924805224593,0.16492959250587544,13.019915680054025,25,Minimization exited successfully.
1297465,0.2778,0.001,0,16,16,56938.607882956,3.354570086251358e-05,1.103792303740712,0.022292513358320533,0.1429906843986828,3.521979567289689e-06,0.1341814119401998,0.07404529258832565,101.83491840570882,28,Minimization exited successfully.
1298281,0.2351,0.003,0,14,15,56930.98807668476,5.310122304507596e-05,-1.5346398626464195,-0.1540658417295474,0.36056623737022164,1.0689444248042779e-05,0.25622462146947,0.1303601417786951,20.22768128820989,25,Minimization exited successfully.
1298893,0.1962,0.001,0,5,10,56935.44262939682,0.00010211253808326906,-3.4564046006232125,-0.30256745783788325,0.7113709755467426,7.239478973367526e-05,1.0108954456296428,0.4338668195606797,5.729118902387529,11,Minimization exited successfully.
1299643,0.38,0.005,0,0,17,56941.19005705208,2.1217359113815535e-05,0.7781015944340726,0.019814387286373525,0.7244023194398324,1.0265495917418163e-05,0.5059795876689924,0.310138044203124,10.28701369764401,13,Covariance may not be accurate. Covariance not positive definite. Covariance forced positive definite.
1299775,0.1598,0.001,0,9,14,56940.45820069546,0.0001747077730592688,-0.02705045766562178,-0.17277514306956435,0.49433526052962407,6.42088928666217e-05,0.3765131786981924,0.22031155808545155,17.23292638736016,19,Minimization exited successfully.
1299785,0.3813,0.001,0,0,15,56943.7701094181,1.760679581256949e-05,0.6964412123192796,0.0159518787760293,1.4491110377748555,1.4752526077407923e-05,0.9461078199675305,0.5374836902130049,7.330566649155779,11,Covariance may not be accurate. Covariance not positive definite. Covariance forced positive definite.
1300516,0.3104,0.005,0,18,18,56949.295592294264,3.1033592115108076e-05,0.7346728102754038,0.05790757146894371,0.4463383682523272,5.266039916864663e-06,0.37368327121550926,0.12003591731002623,56.99157941656835,32,Minimization exited successfully.
1300912,0.3376,0.001,0,0,17,56947.47108733568,6.054922525751183e-09,-1.0356961761721528,4.997917770176618,0.7017420083902834,1.9491818020855525e-09,0.4112037287769456,0.1971777755400021,11.35795514912006,13,Covariance may not be accurate. Covariance not positive definite. Covariance forced positive definite.
1301933,0.3299,0.005,0,15,16,56952.62864017613,3.1964945735181074e-05,-0.287949009526833,-0.12415568850223717,0.13095569333745516,1.6314421608607005e-06,0.11184986559449553,0.036994574237178515,89.00402993365061,27,Minimization exited successfully.
1302058,0.1984,0.001,0,16,15,56960.185664576034,8.419479962251249e-05,0.3225771268974284,0.20758538032899845,0.18860603826033184,1.2161139688744793e-05,0.18036111766118065,0.08861407512089994,69.95163460811492,27,Minimization exited successfully.
1302141,0.6088,0.005,0,0,24,57278.86122035846,1.8105906751057202e-09,0.11905338066836027,6.921896450141141,1.5925433498050552,1.7120353933305014e-09,1.2108942341621476,0.7321236288063391,31.256818149598598,20,Covariance may not be accurate. Covariance not positive definite. Covariance forced positive definite.
1302187,0.2195,0.001,0,15,16,56953.338442412416,7.589136692065919e-05,-1.3408764192813334,-0.13935595365001574,0.3659338584620855,2.4122536911188358e-05,0.3708300232893177,0.20160209179278046,23.419122120960914,27,Minimization exited successfully.
1302523,0.4239,0.001,0,0,15,57288.09871732241,1.5182451734776459e-05,0.16402392215405293,0.003754899837891056,0.730552124503447,6.091226415709939e-06,0.4985787869828034,0.2667034596916486,12.232929799761036,11,Covariance may not be accurate. Covariance not positive definite. Covariance forced positive definite.
1302648,0.2319,0.001,0,15,15,56948.55719073217,4.987698838720075e-05,-0.6997001314787678,0.03844933504101463,0.5669314259648672,1.3361960995020793e-05,0.3291412144139362,0.17388120611381266,47.24500308081711,26,Minimization exited successfully.
1303004,0.2949,0.005,0,18,19,56960.294429008194,5.742689211213723e-05,0.5712743928876893,-0.2662051400927925,0.24265730910701677,7.3346047931885e-06,0.2121984428752582,0.09126367980134387,84.0733688488474,33,Minimization exited successfully.
1303279,0.1724,0.001,0,9,17,56965.99409778013,0.00024954101117373255,0.35249621859312197,-0.25057230457053253,0.3262575577136886,6.297272384385468e-05,0.3372623120508979,0.15171122757717187,42.390628017044946,22,Minimization exited successfully.
1303496,0.1798,0.001,0,9,13,56966.15838690787,5.7805207214463713e-05,0.2042913582518826,0.2979413471592075,0.5454600813718571,2.1219951915545278e-05,0.6269928764971062,0.22536506755333005,17.300115116880388,18,Minimization exited successfully.
1303883,0.2591,0.005,0,18,20,57286.12933234769,4.1000418292688885e-05,0.7125547801633013,0.12932180137154828,0.40369125724828336,8.272194728413873e-06,0.2875319708339013,0.1334362137004147,45.59045642181838,34,Minimization exited successfully.
1303952,0.5626,0.001,0,0,21,57288.27696267972,0.002270860939535888,-0.53186942775161,-4.868929205651266,1.6454091390987742,0.0027714322724340904,1.7456014690299269,1.125904289941093,8.10808536703624,17,Covariance may not be accurate. Covariance not positive definite. Covariance forced positive definite.
1304127,0.7286,0.005,0,0,0,nan,nan,nan,nan,nan,nan,nan,nan,nan,nan,zero-size array to reduction operation minimum which has no identity
1304442,0.2171,0.001,0,2,7,56965.42325480287,4.581678249249308e-05,1.2189992705418449,0.27237045024707296,0.5222094748678501,1.0416080385063765e-05,0.4058757844865384,0.12950632902197634,3.892761397474966,5,Minimization exited successfully.
1304678,0.2188,0.001,0,13,16,56963.15063976757,0.00010114008338494674,-2.18176487203412,-0.41093171700602393,0.6881223951932043,6.122495789458537e-05,0.7241023393553914,0.38479824422373654,4.3918959775951,25,Minimization exited successfully.
1305504,0.4956,0.001,0,0,16,56974.015528079275,2.264166801435801e-07,-0.9246930506678072,2.698200336512514,0.5891490631802299,7.4097709058733e-08,0.520872690718795,0.22881260477022156,9.107194180935968,12,Covariance may not be accurate. Covariance not positive definite. Covariance forced positive definite.
1305626,0.3257,0.001,0,13,13,56974.96873269352,2.930426165695311e-05,-0.44733449924235213,-0.04441157698924534,0.24382136445274227,2.1346618262957067e-06,0.184203527018833,0.05285156010328538,17.45758933075481,22,Minimization exited successfully.
1306029,0.4289,0.005,0,0,20,57279.70725842899,1.6521295813806496e-07,0.18202817597695872,2.9057630120039932,1.6493509082938544,1.3787330673163684e-07,0.9681222522329072,0.5482185801498771,18.587993490650945,16,Covariance may not be accurate. Covariance not positive definite. Covariance forced positive definite.
1306073,0.3286,0.001,0,13,14,56972.611646798985,2.6883976829205726e-05,-1.4582859609984984,-0.15224904159536837,0.0002593762401374988,4.50354467830748e-06,0.39740568257944625,0.12056407705240495,9.00441884466313,23,Minimization exited successfully.
1306141,0.3324,0.001,0,0,16,56978.64258690106,2.1208837080596412e-11,-0.17174729545217743,8.63658533654079,1.1354275974590564,1.1582331011781703e-11,0.6912315857742396,0.32939556980198886,10.31644415745514,12,Covariance may not be accurate. Covariance not positive definite. Covariance forced positive definite.
1306360,0.4494,0.005,0,0,21,57277.72087552703,0.016299217380424936,0.09916791014509825,-5.0947639742863515,2.262366985090921,0.021921744299337697,1.5802093798146695,0.969786818925427,5.2009572012532335,17,Covariance may not be accurate. Covariance not positive definite. Covariance forced positive definite.
1306390,0.407,0.005,0,0,17,57281.93009440285,1.0562512806843869e-15,0.0504904369351928,14.761024775695132,3.321940433117561,4.636952005957225e-16,1.0715754339599681,0.26160568417607233,4.730929861488446,13,Covariance may not be accurate. Covariance not positive definite. Covariance forced positive definite.
1306537,0.4795,0.005,0,0,20,57288.951480436976,0.00021277513125426555,1.8027904786323576,-2.0376425783249807,1.1235405081934005,0.00014056441854461144,1.1943826104871171,0.48730839635036705,29.699967989530784,16,Covariance may not be accurate. Covariance not positive definite. Covariance forced positive definite.
1306626,0.4095,0.005,0,0,20,57284.77112758235,3.027487260302818e-16,-0.41316462197546056,15.77092884060093,141.13542478801537,1.0000010010820504,1.2361365066631298,1.3169763832604,12.241324784020646,16,Covariance may not be accurate.
1306785,0.5787,0.005,0,0,12,57281.69964746202,8.382854392776128e-06,0.40966618232754387,0.040003987025047864,3.590254632923461,1.2049355225997532e-05,6.356117645835657,1.2081319760695473,7.65382300207075,8,Covariance may not be accurate. Covariance not positive definite. Covariance forced positive definite.
1306980,0.5489,0.005,0,0,24,57279.7116592191,6.653519192391541e-07,-1.3703808319926216,1.9880423625107284,1.962082449314039,9.78623397524077e-07,1.3100190502803115,1.1182749840001092,15.470824570683758,20,Covariance may not be accurate. Covariance not positive definite. Covariance forced positive definite.
1306991,0.4217,0.001,0,0,20,nan,nan,nan,nan,nan,nan,nan,nan,nan,nan,No data points with S/N > 5.0. Initial guessing failed.
1307277,0.4107,0.005,0,0,19,57284.747532583446,1.4902616431584197e-05,0.3398968297872571,0.02795181688889933,2.179123840200191,1.9359798475019612e-05,1.6518861931175945,0.8518236048548209,5.259802050561615,15,Covariance may not be accurate. Covariance not positive definite. Covariance forced positive definite.
1307830,0.3493,0.001,0,0,15,57286.029791363275,0.6075429101168466,-1.8698921092052654,-6.654103342527409,0.6925274249442737,0.3441555919535935,0.628904924816341,0.36170184089221097,13.301291653462656,11,Covariance may not be accurate. Covariance not positive definite. Covariance forced positive definite.
1308314,0.4065,0.005,0,0,19,56978.760014484375,1.475086188342413e-05,1.3722104040689003,0.02446767727295879,0.9425419192302797,8.097565300162923e-06,0.6354212641450453,0.3593534231999528,14.022765214896063,15,Covariance may not be accurate. Covariance not positive definite. Covariance forced positive definite.
1308326,0.3262,0.001,0,16,15,56975.999519251214,4.005321745123471e-05,0.0844797761057163,-0.22491955004812533,0.4383655686797283,6.002179962975488e-06,0.3508898665536343,0.11116924850936577,31.10803788745777,27,Minimization exited successfully.
1308568,0.6431,0.005,0,0,21,57289.61960726069,0.00018243029247633837,2.0850926472782074,-3.409254637271373,2.3884171076679195,0.00020167493570288065,2.2823750968148513,1.2322289834109978,16.984612677762527,17,Covariance may not be accurate. Covariance not positive definite. Covariance forced positive definite.
1308582,0.3669,0.001,0,0,15,57288.49911866966,1.3464106524322634,0.013180649158887114,-7.040152459722824,1.2912419500644319,0.9354481996719027,0.7744686178062694,0.45061631795906987,4.0710552340535555,11,Covariance may not be accurate. Covariance not positive definite. Covariance forced positive definite.
1308884,0.0772,0.001,13,13,12,57293.52403460442,0.00032884048409483356,-1.5275061680611457,0.05453375030479821,0.0336315866879886,6.680312567293684e-06,0.038264269805393394,0.013752863839172133,218.0371304128406,22,Minimization exited successfully.
1308957,0.6187,0.005,0,0,18,nan,nan,nan,nan,nan,nan,nan,nan,nan,nan,No data points with S/N > 5.0. Initial guessing failed.
1309288,0.2684,0.001,0,13,17,56989.62153207641,6.432928650784959e-05,0.27084899070075313,-0.14956150946499533,0.8047019832229125,2.5821515468565336e-05,0.6381654456023135,0.27202957582656867,4.089802551205442,26,Minimization exited successfully.
1309492,0.3335,0.001,0,0,17,56993.248663146485,2.4349773561476336e-06,0.4061654036232082,1.5646927897418799,0.2573496440782037,5.101563333663635e-07,0.18896198556792532,0.12920469226282894,26.446605234692665,13,Covariance may not be accurate. Covariance not positive definite. Covariance forced positive definite.
1309749,0.7893,0.01,0,0,0,nan,nan,nan,nan,nan,nan,nan,nan,nan,nan,zero-size array to reduction operation minimum which has no identity
1310338,0.4388,0.01,0,0,19,56977.671361332264,95.4626978122946,0.6814387088805489,-11.09528954585065,1.1056684015638893,49.40288048806452,0.7523517855594661,0.3857595953623209,9.77387574426729,15,Covariance may not be accurate. Covariance not positive definite. Covariance forced positive definite.
1310395,0.289,0.01,0,17,18,56981.06393990964,1.6852931441852644e-05,-0.49716844634152985,0.37393777287537316,0.40767123077239376,2.861020781271278e-06,0.3353837760332238,0.11585590301332899,40.65499403727486,31,Minimization exited successfully.
1312274,0.438,0.006,0,0,14,56977.75673394559,0.01924397176059545,-1.5505401113180706,-5.107273196940183,2.288873036264704,0.023257576802770165,1.4327403101982825,0.8489767871735332,3.6034872740624144,10,Covariance may not be accurate. Covariance not positive definite. Covariance forced positive definite.
1313594,0.2883,0.001,0,14,14,57002.267674450166,4.574594967657355e-05,0.6864286006562539,-0.07485865136254419,0.331940500120254,6.771071130952831e-06,0.26131661697869085,0.10412958316804709,5.121066260064024,24,Minimization exited successfully.
1314897,0.3369,0.005,0,0,15,57301.00988175034,2.9768695202563303e-05,0.9422927105391875,0.017015637875148485,0.541886014812917,1.4469905373068288e-05,0.518840134520823,0.3019209210944359,16.474543170583274,11,Covariance may not be accurate. Covariance not positive definite. Covariance forced positive definite.
1315192,0.2254,0.001,0,12,10,57009.12889545284,4.781001356985914e-05,0.8689107507106968,0.2209867024082074,0.3193254208745202,9.040487062003891e-06,0.27823640284824064,0.12168978986753415,17.13728754318871,18,Minimization exited successfully.
1315259,0.228,0.001,0,11,13,57003.931297252464,2.775342850677069e-05,-0.24366991219982306,0.43081780379758866,0.38265098385090823,4.9345530009794605e-06,0.2623468450004167,0.11286298623892671,15.998792298569278,20,Minimization exited successfully.
1315296,0.4126,0.001,0,0,14,57004.04316519915,2.1628717119745424,1.2951503250647196,-8.096943937761118,1.5680048572976375,1.8965086568218579,1.5997377370260089,0.6064432653816629,5.943413877309762,10,Covariance may not be accurate. Covariance not positive definite. Covariance forced positive definite.
1316385,0.1478,0.001,0,8,13,57019.808799681174,0.00012808099331821808,1.040167968462221,0.2784170844624145,0.23933200629107887,1.676884284133583e-05,0.14556558754424506,0.07411935193738271,26.254215588414187,17,Minimization exited successfully.
1316431,0.1981,0.005,0,10,9,57018.63790674119,9.950879713025061e-05,1.439643972641369,-0.05584114296230956,0.17853268869657768,1.181636032974732e-05,0.19974346599627715,0.07492869492253469,40.29675289496409,15,Minimization exited successfully.
1316437,0.482,0.001,0,0,11,57011.26473016113,9.111249458861682e-15,1.8891958416640973,13.853700368040021,1.5868715984834125,6.286242356881732e-15,7.163925733466858,0.37752552567906433,13.274317495288077,7,Covariance may not be accurate. Covariance not positive definite. Covariance forced positive definite.
1316465,0.3291,0.001,0,10,11,57021.72816787215,2.9962644312510465e-05,0.7099164012858833,-0.04180301536928112,0.1398594082056661,1.5975291114446137e-06,0.14941421950109793,0.038076648359082754,13.821837352590371,17,Minimization exited successfully.
1317164,0.1547,0.001,0,6,15,57295.667889957986,7.969001491241827e-05,-2.3706509485146365,0.07411250894535847,0.5875425069134508,5.114938633960927e-05,0.403956280004222,0.3580576760548509,47.945995935288735,17,Minimization exited successfully.
1317277,0.2371,0.001,0,13,14,57008.29749006983,8.6901010386267e-05,-1.804092458609045,-0.4574550740086023,0.5134640773030696,3.092498977053825e-05,0.5046218388753728,0.23289450974333115,10.68592475707431,23,Minimization exited successfully.
1317286,0.279,0.01,0,13,14,57015.341711543246,5.051249113216344e-05,0.5963181700570109,-0.04408877722469649,0.2603708143760741,5.553465493047486e-06,0.2412390248705935,0.07635170251287438,35.7103085399489,23,Minimization exited successfully.
1317454,0.5688,0.01,0,0,10,57015.34908338573,8.494614853410961e-06,1.6198879720465464,-0.010993194070566734,1.761936079892621,5.625769632167453e-06,2.029250389828644,0.5477947448069681,4.343298993572772,6,Covariance may not be accurate. Covariance not positive definite. Covariance forced positive definite.
1317666,0.1414,0.001,0,12,13,57301.041959930626,8.849670896526825e-05,-0.004688187736469987,0.25060446456985136,0.0891008464168408,6.88911598534398e-06,0.06977942318894778,0.04380786069693041,67.04818362788698,21,Minimization exited successfully.
1319366,0.2361,0.005,0,17,18,57304.23376688493,6.313433707526903e-05,1.323849215224811,0.07702198284784235,0.3110491695370001,1.0348524861511397e-05,0.21986784665613676,0.10812632006736342,88.98833712452692,31,Minimization exited successfully.
1319821,0.3088,0.001,0,13,13,57020.316013694726,2.8214049476085295e-05,-0.21381457346969857,0.02272739526910147,0.34441601252547116,4.76550666614635e-06,0.4009028830853805,0.11770881770027126,8.581847299182495,22,Minimization exited successfully.
1320166,0.449,0.01,0,0,9,57021.627167404935,4.6259964560542037e-10,-1.7708788080201088,6.874547365474557,0.7800530071981484,3.360639191479161e-10,1.1683484630066048,0.4734476515754567,2.770508638513446,5,Covariance may not be accurate. Covariance not positive definite. Covariance forced positive definite.
1322229,0.5261,0.001,0,0,7,57034.433631998574,9.789765028397813e-06,2.322088183621414,0.013887281715686702,1.1873462596086028,5.625211749298181e-06,1.2877394600661334,0.4415127693656039,1.358724440305082,3,Covariance may not be accurate. Covariance not positive definite. Covariance forced positive definite.
1322979,0.5294,0.005,0,0,10,57038.108523218616,0.0012000235173364212,-0.774380302864603,-3.878136376970754,0.4372771179587289,0.00029521339838198225,0.5316844464216776,0.20537870843239547,4.169362865909205,6,Covariance may not be accurate. Covariance not positive definite. Covariance forced positive definite.
1324542,0.5415,0.0005,0,0,10,57043.78948399899,0.021117855657871994,1.3791419420075712,-6.691657856757882,1.6241750027365924,0.021155966139003408,2.03286939277251,0.9013517530325303,7.542273220857824,6,Covariance may not be accurate. Covariance not positive definite. Covariance forced positive definite.
1325358,0.7793,0.005,0,0,0,nan,nan,nan,nan,nan,nan,nan,nan,nan,nan,zero-size array to reduction operation minimum which has no identity
1327978,0.2073,0.001,0,13,19,57307.33578978755,4.057839343154527e-05,0.540207685919817,0.3894829464953423,0.8869889774068724,2.8402973088094847e-05,0.7139426288312002,0.42733570888159395,8.260133126572603,28,Minimization exited successfully.
1328066,0.4489,0.005,0,0,22,57299.59800789113,1.2799868550457617e-05,1.1760624421056058,0.07854529227765769,0.002424041049380321,8.099338106533758e-07,1.1795192588383556,0.051248597323738064,9.222974794439178,18,Minimization exited successfully.
1328105,0.4402,0.001,0,0,23,57300.80267426952,637517.7514004032,2.906284316434199,-17.842095238500736,1.4195605974891805,433181.93169695645,1.2048604195054569,0.5333969490632408,22.449966893703515,19,Covariance may not be accurate. Covariance not positive definite. Covariance forced positive definite.
1329166,0.7316,0.005,0,0,0,nan,nan,nan,nan,nan,nan,nan,nan,nan,nan,zero-size array to reduction operation minimum which has no identity
1329196,0.7693,0.005,0,0,0,nan,nan,nan,nan,nan,nan,nan,nan,nan,nan,zero-size array to reduction operation minimum which has no identity
1329312,0.3444,0.001,0,0,15,57310.43795896617,683.1927702479686,-0.8656327605792913,-11.007710679943076,1.2157288824819261,611.3404744934796,0.9754440367947961,0.5747662628460296,2.2924675597144555,11,Covariance may not be accurate. Covariance not positive definite. Covariance forced positive definite.
1329615,0.4039,0.005,0,0,16,57303.515743157215,1.6062273925587426e-05,-0.04416990271533815,-0.023856615827725452,2.4645952300525096,1.6971681071174993e-05,1.161103171440854,0.6885653913453711,8.993488066474733,12,Covariance may not be accurate. Covariance not positive definite. Covariance forced positive definite.
1330031,0.1041,0.005,13,13,0,57314.8167384524,0.0004060872418838765,0.13794057675397164,-0.09496732625397376,0.07721619574294891,1.2732516823330442e-05,0.06953299011582634,0.02217949932226762,884.1039814423185,22,Minimization exited successfully.
1330426,0.2595,0.005,0,17,17,57315.96720691388,6.0797487886750484e-05,1.399229347273742,-0.015490402174706167,0.1761859932594234,4.985036225050831e-06,0.11599217572452236,0.05531571948065007,307.56790682891176,30,Minimization exited successfully.
1330642,0.6339,0.001,0,0,17,57317.38809924333,3.360936009868847e-07,1.3373815301426786,2.818510753180723,0.7279108835391526,1.0909271807367349e-07,0.603353048174313,0.2789253732956409,22.50042676767466,13,Covariance may not be accurate. Covariance not positive definite. Covariance forced positive definite.
1330903,0.5638,0.005,0,0,21,57309.732767007314,1.535644273019817e-06,1.7610748574743404,1.1349704511058272,2.6451426930325397,1.8121811406422034e-06,1.5858171955046667,0.9420539356930911,13.03556828748139,17,Covariance may not be accurate. Covariance not positive definite. Covariance forced positive definite.
1331123,0.2291,0.005,0,17,17,57318.345337373605,5.598589707235587e-05,-1.4822621540489154,-0.12446518455635343,0.40324581507229595,1.3624804840040888e-05,0.30328945020686254,0.15708905714164903,37.778963366052295,30,Minimization exited successfully.
1331993,0.7196,0.005,0,0,0,nan,nan,nan,nan,nan,nan,nan,nan,nan,nan,zero-size array to reduction operation minimum which has no identity
1332059,0.5788,0.005,0,0,19,57323.90350217413,5.688412738747972e-08,0.9919941917699007,3.9580685056843428,1.44915889724507,4.658492460835822e-08,1.1740685667818354,0.6312073207617027,19.367034988628518,15,Covariance may not be accurate. Covariance not positive definite. Covariance forced positive definite.
1332413,0.6087,0.005,0,0,17,57323.89968446842,0.04275417823513127,0.01351545701748093,-8.688639270732134,1.2498648621804023,0.03020482344360726,0.9363780547057269,0.7977510538365371,15.849488832867983,13,Covariance may not be accurate. Covariance not positive definite. Covariance forced positive definite.
1333246,0.4379,0.005,0,0,16,nan,nan,nan,nan,nan,nan,nan,nan,nan,nan,No data points with S/N > 5.0. Initial guessing failed.
1333438,0.3995,0.005,0,0,9,nan,nan,nan,nan,nan,nan,nan,nan,nan,nan,No data points with S/N > 5.0. Initial guessing failed.
1334084,0.1335,0.001,0,11,0,57336.897998522836,1.372835967725193e-06,-1.23405220950115,2.8947119812063202,0.4315391062555136,6.1172865306071e-07,0.5110108060077793,0.27295411907778433,10.079493835143428,7,Covariance may not be accurate. Covariance not positive definite. Covariance forced positive definite.
1334087,0.2663,0.001,0,3,12,57339.78837819924,2.809696041549241e-05,2.000157741755553,0.4480040277150251,0.0004206302764941938,1.2656847479827889e-05,0.7666309060130078,0.28254455287773544,4.56506954110062,11,Minimization exited successfully.
1334302,0.4549,0.005,0,0,19,57331.87578549812,0.4255938874221446,-0.9366916044752435,-7.4619031824795945,1.8402688641035638,0.39112599398108466,1.0785122096476536,0.685372370798513,9.304477412708033,15,Covariance may not be accurate. Covariance not positive definite. Covariance forced positive definite.
1334423,0.3577,0.001,0,0,14,57335.28848524766,2.124655100861673e-05,0.8555446007825828,0.002008845752997816,1.3945109340784256,0.00010456175793096779,0.717838689509786,3.103346221129377,4.657992244953272,10,Minimization exited successfully.
1334448,0.5167,0.005,0,0,16,nan,nan,nan,nan,nan,nan,nan,nan,nan,nan,No data points with S/N > 5.0. Initial guessing failed.
1334470,0.5188,0.005,0,0,15,57334.40652042424,4.4103667954708985e-08,-1.0525176406024903,3.974465102644825,1.5051883197229472,3.979719276575698e-08,1.1232131014689049,0.6343247942478233,12.86340560001964,11,Covariance may not be accurate. Covariance not positive definite. Covariance forced positive definite.
1334597,0.289,0.005,0,12,11,57343.6144966482,4.163377980597296e-05,0.6467520325242463,-0.000868297051265521,0.160397704657953,2.8068422143143767e-06,0.1109245305262217,0.04711065351210379,16.961770495585952,19,Minimization exited successfully.
1334620,0.1961,0.001,0,14,15,57336.26232746819,5.11446339101279e-05,-0.38234006503540685,0.09716047013007738,0.0007038019466563128,1.898450677837317e-05,0.44421825823286815,0.2291939412082434,27.961709993852708,25,Minimization exited successfully.
1334644,0.2881,0.001,0,13,14,57332.15242700168,3.994388891178056e-05,-2.1401034771549377,-0.20019848285097525,0.5856963601399912,1.1277018520525288e-05,0.4121668153255921,0.19330098041716917,23.275738575690987,23,Minimization exited successfully.
1334645,0.2312,0.001,0,14,14,57335.52530460056,4.125527735393898e-05,-0.8392876637178233,0.22510001100360674,0.28325169753225055,7.792488549542097e-06,0.23709196984131076,0.12198709490377696,18.739955694193007,24,Minimization exited successfully.
1334707,0.6488,0.001,0,0,0,nan,nan,nan,nan,nan,nan,nan,nan,nan,nan,zero-size array to reduction operation minimum which has no identity
1334879,0.6393,0.005,0,0,17,57337.808967900215,1.564696453602053e-05,1.5582415353012957,-1.1508223327652132,0.8638720939088671,5.6721136133494905e-06,0.7033636976279403,0.36632100564481856,11.904045204695432,13,Covariance may not be accurate. Covariance not positive definite. Covariance forced positive definite.
1335472,0.4989,0.005,0,0,15,57346.55685456258,0.09141557767293591,2.3807235577335786,-7.012761673421984,1.2130956365144812,0.055685944567982225,1.5275254402339564,0.49763510037498043,7.857085785371984,11,Covariance may not be accurate. Covariance not positive definite. Covariance forced positive definite.
1335564,0.6077,0.005,0,0,14,57346.67869277123,41.54243652592261,0.5559790083496519,-17.15063208612343,0.04158324726449791,40.71542206078995,1.3991815760121795,1.2565641737118878,14.62863266422405,10,Covariance may not be accurate.
1335694,0.2591,0.005,0,8,12,57347.790838830304,4.4573365471950014e-05,1.0544518749417706,0.1277201169064679,0.2352405827041366,5.6554788002410246e-06,0.25480250547938177,0.08380434852401507,16.884047391467238,16,Minimization exited successfully.
1335717,0.3048,0.001,0,12,13,57346.697241468726,2.281792506673073e-05,0.0684957815210751,0.045808499346989925,0.18482351511192974,2.1019192835490784e-06,0.1556241342578126,0.06578667233141461,9.644398036961945,21,Minimization exited successfully.
1335718,0.6993,0.005,0,0,0,nan,nan,nan,nan,nan,nan,nan,nan,nan,nan,zero-size array to reduction operation minimum which has no identity
1335868,0.6194,0.005,0,0,16,57348.878615819456,0.0001789698848891646,1.319305689577934,-3.092362797659973,1.6133386702313146,0.00013301323959530206,1.185508323415831,0.7668681284200601,14.65383051562986,12,Covariance may not be accurate. Covariance not positive definite. Covariance forced positive definite.
1336008,0.438,0.005,0,0,13,57347.321770968476,17879279581.840084,2.6038510102515926,-26.0026995692476,0.0,0.0,0.0,0.0,6.451541028324849,9,Hesse Failed. Covariance may not be accurate. Covariance not positive definite.
1336009,0.3416,0.005,0,0,13,57344.52671438025,1.8198941480348795e-05,-0.3836535752334959,-0.017966581239430474,0.8906126183719607,1.276479177285722e-05,0.7691849049509906,0.4375127726444899,1.784988291394358,9,Covariance may not be accurate. Covariance not positive definite. Covariance forced positive definite.
1336453,0.1848,0.001,0,10,10,57355.070604526576,0.00010986505863233193,1.0357720329144962,-0.048337086571982865,0.19345556029657018,1.703974908782594e-05,0.19789972236970313,0.09483796026019603,28.583645489719803,16,Minimization exited successfully.
1336480,0.256,0.001,0,10,11,57350.258709469985,2.6860635059453707e-05,0.04271971572691448,0.24646830501543068,0.6868362020104541,8.543684268527548e-06,0.43993445533982184,0.20721101963859342,7.198754947976689,17,Minimization exited successfully.
1336687,0.2337,0.001,0,11,11,57351.370087507734,5.430939376825611e-05,0.5428055212784599,-0.0660164258161401,0.29538324204986566,8.789086160840928e-06,0.20223189124029342,0.1064904649338956,20.112290465504675,18,Minimization exited successfully.
1337117,0.5539,0.005,0,0,12,57361.363305769555,2.4528984730700333e-08,0.6769661803448612,4.732269972128046,1.0719412940597977,1.3773760799215712e-08,0.956560630976723,0.4097726030760787,2.058848229162585,8,Covariance may not be accurate. Covariance not positive definite. Covariance forced positive definite.
1337221,0.6688,0.005,0,0,0,nan,nan,nan,nan,nan,nan,nan,nan,nan,nan,zero-size array to reduction operation minimum which has no identity
1337228,0.5788,0.005,0,0,14,57355.66479640214,6.385711818892812e-06,-0.24302133729148692,-0.010287723144741436,2.5276677084002586,7.583764308499773e-06,2.4288243223507435,1.0058083474330526,4.0187454735661,10,Covariance may not be accurate. Covariance not positive definite. Covariance forced positive definite.
1337272,0.5027,0.005,0,0,12,57356.10340164014,9.306986434009973e-06,-1.869222031596228,-0.024134441780785054,1.5022398541223083,1.0015457661957573e-05,1.4233624093461203,0.788858921792189,3.881697885606102,8,Covariance may not be accurate. Covariance not positive definite. Covariance forced positive definite.
1337325,0.6387,0.005,0,0,12,57358.61889371863,3.4233821738815386e-09,-0.9526110695463381,6.546401904315343,2.062674757155037,3.1923683939693013e-09,1.5309882208233148,0.7549694124162037,8.76227847954846,8,Covariance may not be accurate. Covariance not positive definite. Covariance forced positive definite.
1337649,0.2491,0.005,0,9,9,57363.42015930336,4.892891336653991e-05,0.43524360683662955,-0.021634462015313653,0.31987144083177554,6.998548632270932e-06,0.22180862974945598,0.09539372576499668,19.01060712281099,14,Minimization exited successfully.
1337655,0.8485,0.005,0,0,0,nan,nan,nan,nan,nan,nan,nan,nan,nan,nan,zero-size array to reduction operation minimum which has no identity
1337687,0.3195,0.005,0,12,11,57361.03751056776,4.058534813974031e-05,0.6075389770176688,-0.13871188474496635,0.3723967419609835,4.401237664154067e-06,0.23483926707676753,0.07906228596190712,7.038460646670157,19,Minimization exited successfully.
1337703,0.5334,0.005,0,0,14,57358.82480484768,0.17537052291886224,1.1045398001134046,-8.114485631740822,2.0239881313755177,0.17497937930548374,1.57146106731238,0.8977131201135177,3.6228534744581484,10,Covariance may not be accurate. Covariance not positive definite. Covariance forced positive definite.
1337838,0.3119,0.005,0,10,11,57364.623745084864,2.812821703984238e-05,1.101719963211778,0.1303738721619565,0.31476606894648285,3.3177074690821837e-06,0.357250427880423,0.08406873816672622,29.57735536962886,17,Minimization exited successfully.
1338128,0.3117,0.001,0,11,11,57366.36789153893,1.6755540279915063e-05,-0.9455450996802295,0.2651911594087612,0.4530914017086616,3.4673692955729315e-06,0.494267753372822,0.143113797008162,6.389123718533118,18,Minimization exited successfully.
1338170,0.389,0.005,0,0,11,57363.051569834446,1.7419884049577518e-05,1.0361495517635513,0.035825469941876756,1.4096113221639825,1.4897635067679749e-05,1.1788522560744077,0.5513373710176491,6.471570582235337,7,Covariance may not be accurate. Covariance not positive definite. Covariance forced positive definite.
1338233,0.598,0.001,0,0,13,nan,nan,nan,nan,nan,nan,nan,nan,nan,nan,No data points with S/N > 5.0. Initial guessing failed.
1338266,0.6476,0.005,0,0,0,nan,nan,nan,nan,nan,nan,nan,nan,nan,nan,zero-size array to reduction operation minimum which has no identity
1338278,0.5639,0.001,0,0,10,57367.59279466831,8.800793566907088e-06,-1.364141134489467,0.019878795771889807,3.0030711958861502,9.191721538565663e-06,3.895819696407342,0.8543824065785999,4.048545308526703,6,Covariance may not be accurate. Covariance not positive definite. Covariance forced positive definite.
1338387,0.5838,0.005,0,0,10,57364.277463549,0.0002696250267777882,-0.9150159429904978,-2.9349522744083965,1.6064103143326065,0.00017684003531422238,1.6275592029919714,0.6088610228170782,9.62955653052761,6,Covariance may not be accurate. Covariance not positive definite. Covariance forced positive definite.
1338430,0.5089,0.005,0,0,9,57364.626020528136,5.3257663672287405,1.2215523181112282,-10.505811691586883,1.6005499090169906,3.89738233713005,2.1947931348544247,0.6354309405985058,2.2805064440417486,5,Covariance may not be accurate. Covariance not positive definite. Covariance forced positive definite.
1338471,0.5309,0.005,0,0,12,57347.693384660015,2.7669175079472394e-08,-1.5554702784624617,4.032944000945918,3.3520374803956656,4.367632114899487e-08,2.099266666332991,1.12333198387356,2.8586301544580737,8,Covariance may not be accurate. Covariance not positive definite. Covariance forced positive definite.
1338675,0.3306,0.001,0,0,8,57370.75892371065,2.1344338090374203e-05,-0.9779116587432147,-0.012261372345775595,1.1470510292310792,7.784039906378692e-06,1.1035033321003398,0.22586237132191297,0.9428262030417025,4,Covariance may not be accurate. Covariance not positive definite. Covariance forced positive definite.
1339002,0.3025,0.001,0,9,10,57371.437628086765,1.216098297965129e-05,0.44933541878385913,0.5524148501143024,0.9399674408487044,5.22376205503223e-06,0.9819165609525446,0.30032051126065606,9.665206102524586,15,Minimization exited successfully.
1339149,0.4678,0.005,0,0,9,57373.53564118139,4.0471357907976943e-13,0.49713760060468265,11.509358775068797,1.326133819118695,3.886953362847213e-13,1.224345150818076,0.6175990769047022,2.070493358781601,5,Covariance may not be accurate. Covariance not positive definite. Covariance forced positive definite.
1339392,0.1804,0.001,0,7,12,57370.526225955924,0.000131669891798074,-0.566430891110627,-0.03210649400077125,0.7315335427192622,5.9630445790321504e-05,0.5164389826321223,0.2627850823180996,11.973332795765437,15,Minimization exited successfully.
1339450,0.5505,0.001,0,0,13,57367.9090501835,5.934483620975187e-06,-0.48107731061178005,0.026376427884234173,2.3733841507855686,9.567708864994244e-06,3.3019963842024236,1.288133804731473,11.708087695369766,9,Covariance may not be accurate. Covariance not positive definite. Covariance forced positive definite.
1340454,0.421,0.005,0,0,10,57378.007497165025,1.7418208650680492e-05,3.6622147234069855,0.02096543266189897,1.326270682598988,8.888047932857123e-06,1.1718683680331659,0.341894101526722,9.770612410027924,6,Covariance may not be accurate. Covariance not positive definite. Covariance forced positive definite.
1341370,0.409,0.005,0,0,8,57375.42785117942,1.6313764680209274e-05,1.7068776965894201,0.013651193357679014,1.2772525125583343,1.1122382894358475e-05,1.7415651121914908,0.4479852009612591,5.562609342016392,4,Covariance may not be accurate. Covariance not positive definite. Covariance forced positive definite.
1341894,0.3121,0.001,0,7,7,57389.90900304537,2.3299901987013507e-05,-0.24586493458224076,0.14452674851122374,0.6071263166304561,6.927706586151157e-06,0.6945930296883615,0.2128623068197524,3.5455537264294765,10,Minimization exited successfully.
1342255,0.2141,0.005,0,6,6,57390.767239969275,7.885164249992583e-05,1.3698508263113982,0.0062998381003571535,0.3127029140596278,1.1088073470727328e-05,0.4239755389732398,0.09076724093665438,8.883392167305544,8,Minimization exited successfully.
1343208,0.4993,0.001,0,0,10,57390.28368228159,1.090486578133235e-05,-0.8833321269649408,0.014572595836579272,0.7123836555037997,5.039509238596667e-06,0.9688413476916361,0.3383641148928697,2.206416632717457,6,Covariance may not be accurate. Covariance not positive definite. Covariance forced positive definite.
1343337,0.3389,0.001,0,0,8,57396.28563115554,2.3609194994465687e-05,1.1781642475937792,0.00786339171593052,1.3669505640609714,2.0034845995377215e-05,1.4766407020403425,0.5281886215639973,1.4062415655513698,4,Covariance may not be accurate. Covariance not positive definite. Covariance forced positive definite.
1343401,0.3829,0.005,0,0,6,57394.43150118727,2.281838059496538e-05,1.28943830593211,0.038615904248732166,2.150888444579323,2.2345539270228184e-05,2.0786639703490932,0.6282525291889396,0.3872058841223526,2,Covariance may not be accurate. Covariance not positive definite. Covariance forced positive definite.
1343533,0.368,0.005,0,0,8,nan,nan,nan,nan,nan,nan,nan,nan,nan,nan,No data points with S/N > 5.0. Initial guessing failed.
1343759,0.508,0.001,0,0,8,57394.60028656531,1.1518283303473719e-05,-0.6511840229761704,0.016827023378553026,0.5763320271362318,3.109516655758554e-06,0.700471026772602,0.20034673146325302,3.407826414296626,4,Covariance may not be accurate. Covariance not positive definite. Covariance forced positive definite.
1343871,0.6379,0.005,0,0,7,57392.2065944833,6.1433324101628765e-06,3.739079663393075,-0.06802433403607769,1.993323499125836,6.086311877571435e-06,2.6187953851720445,0.9389828781970232,3.2805129204194086,3,Covariance may not be accurate. Covariance not positive definite. Covariance forced positive definite.
1344692,0.3795,0.001,0,0,7,nan,nan,nan,nan,nan,nan,nan,nan,nan,nan,No data points with S/N > 5.0. Initial guessing failed.
1345553,0.3189,0.005,0,6,6,57393.92295932723,3.8746322939690144e-05,-1.1087515056372361,-0.1862841322084244,0.5931854254449718,8.745229654876823e-06,0.8104758210680215,0.16680066754745018,6.23319748982231,8,Minimization exited successfully.
1345582,0.4588,0.005,0,0,7,57397.68964004241,0.0003023036181285261,0.9660770083208026,-2.1869589803787104,2.561919824725919,0.00026809580834061524,2.465970034196957,0.6308870460678503,4.434108308818538,3,Covariance may not be accurate. Covariance not positive definite. Covariance forced positive definite.
1345594,0.4224,0.001,0,0,6,57396.84494166622,5881813.154864281,-1.478312059360443,-18.756791185124342,3.721002549340483,26479766.22889068,3.25819417905194,3.4457324354765073,0.21993435750565646,2,Minimization exited successfully.
1346137,0.3635,0.005,0,0,7,57404.84931696166,2.3916230661705224e-05,1.2452347844614235,0.0029747532580171026,2.328267717286508,2.5309063825880885e-05,1.9874101931319035,0.6694001421726877,1.521002550458511,3,Covariance may not be accurate. Covariance not positive definite. Covariance forced positive definite.
1346387,0.3445,0.005,0,0,7,57395.15347752269,273446.9530848441,-2.472745191121438,-15.038394561887564,0.30257206908936496,192920.43663797627,0.5962238589047436,0.4666603753828968,2.9934131989675326,3,Reached call limit. Covariance may not be accurate.
1346956,0.3335,0.005,0,0,5,57413.10794310362,3.337863362497368e-05,1.6633455413823168,0.025300849813813055,1.732764210737514,1.4206325718713993e-05,1.5839256520460168,0.2627946647895557,1.975767556241784,1,Covariance may not be accurate. Covariance not positive definite. Covariance forced positive definite.
1346966,0.3355,0.005,0,0,7,57403.74242289184,2.6175910376754348e-05,-3.770635658629315,-0.058121555423749534,1.2602333547802118,1.7280536798302264e-05,1.7175006234804644,0.4113584712680144,2.2512171001566705,3,Covariance may not be accurate. Covariance not positive definite. Covariance forced positive definite.
