obj_id,z,z_err,num_points_desg,num_points_desr,num_points_desi,num_points_desz,num_points_desy,t0,x0,x1,c,t0_err,x0_err,x1_err,c_err,chi,dof,message
1248677,0.3502,0.001,0,13,17,16,0,56554.01528487016,5.241497768700183e-07,0.6687845357586243,0.2157923354512705,0.09140854055294767,7.030474090787751e-09,0.09066974167139438,0.010819628448171711,773.3139757152373,42,Minimization exited successfully.
1250017,0.1817,0.001,0,16,15,15,0,56553.70996804125,6.680571118859516e-06,0.9440140267713572,-0.2629848619195618,0.10302910995960701,1.855628245141032e-07,0.1518095968620506,0.019413583960992215,297.55215889881964,42,Minimization exited successfully.
1253039,0.4535,0.006,0,0,18,20,0,56575.48129358581,4.294531838322999e-07,-0.1373243695178179,0.37601898825366714,0.505406563381257,3.946383966584294e-08,0.44684914944545284,0.07878116032833328,30.797585069874806,34,Minimization exited successfully.
1253101,0.4596,0.0005,0,0,18,17,0,56577.1830353626,3.7843469433464436e-07,1.4624423496483352,0.4924224037662031,0.7153056181196007,4.404245824923522e-08,0.57898092249036,0.10033131236350308,47.80141502194499,31,Minimization exited successfully.
1253920,0.1956,0.001,0,15,14,15,0,56583.455567012665,5.021607672912761e-06,-0.7711840505117142,-0.17523201517008724,0.11627207146011642,1.6536384996688555e-07,0.14192877622513972,0.024870442493059593,390.8054862007647,40,Minimization exited successfully.
1255502,0.1482,0.001,6,4,4,15,0,56592.959042841685,1.1135049733926315e-05,1.4523245271060847,-0.08080185398786394,0.11405744756848435,3.212500696903743e-07,0.1089503322293378,0.01744141471817398,672.0027577548709,25,Minimization exited successfully.
1257366,0.2114,0.001,0,8,10,15,0,56612.314228299845,1.934724640834659e-06,-0.07193330065610143,0.15009038323870588,0.3662737607373856,2.370778687191982e-07,0.3595055623979703,0.0829852044667376,112.25519409030058,29,Minimization exited successfully.
1257695,0.1838,0.001,0,11,13,12,0,56613.381539536276,5.502865665159446e-06,0.354738395719025,-0.09278142076094886,0.09032292439951561,1.5647536118164557e-07,0.09333982650916146,0.019456465045437504,741.4023748887699,32,Minimization exited successfully.
1258906,0.3492,0.001,0,15,13,15,0,56620.6861407154,1.1295324420513182e-06,-0.7647805399380371,-0.12140730574046968,0.33787918021698715,6.107986567965232e-08,0.313522555139421,0.04608188919238149,66.29496320380785,39,Minimization exited successfully.
1258940,0.4259,0.001,0,18,17,18,0,56619.30707722857,7.478902950984823e-07,-0.23837082758273415,-0.1113213335520429,0.4811952339405252,4.036513204311105e-08,0.424373735844005,0.050582365841019265,80.11437696281858,49,Minimization exited successfully.
1259412,0.3047,0.001,0,11,12,12,0,56623.919533117696,5.461093045871479e-07,0.6975500939775974,0.3323390313871875,0.1835820771411818,1.0425873150967727e-08,0.12149720708825772,0.016399629593762025,198.38020146698784,31,Minimization exited successfully.
1261579,0.3222,0.001,0,10,10,10,0,56638.56967043431,4.220214925156138e-07,-0.013903441581834904,0.36309092279090316,0.10639732361960341,7.27203847204582e-09,0.12208519311495841,0.01464325617155185,183.09596833457744,26,Minimization exited successfully.
1262214,0.6894,0.01,0,0,23,0,0,56658.4409883344,2.451701591135581e-07,0.8301340889295188,-4.605801040096046,0.6649511232790246,9.449751095107193e-08,0.5548735709223335,4.646322827413282,54.027902522242286,19,Minimization exited successfully.
1262715,0.6894,0.01,0,0,12,13,0,56662.46132465173,1.218127358683524e-07,1.7428843288572828,0.560535861541828,0.641946238152741,5.327482467977353e-09,0.5603962284048908,0.06198725908043624,18.99845134247781,21,Minimization exited successfully.
1263369,0.3125,0.001,0,9,9,9,0,56666.24514135224,1.676745515078731e-06,0.026324412616992535,-0.17273364175627598,0.3875204311298148,8.587730973479693e-08,0.4133951661466679,0.04692622660374986,78.64835621120594,23,Minimization exited successfully.
1263715,0.2919,0.001,0,9,9,9,0,56667.53252567922,2.0844836757618734e-06,0.5033332477463132,-0.19723781767962506,0.262617754880921,9.213463583532097e-08,0.33753907951206596,0.036201873177037006,93.5560921370698,23,Minimization exited successfully.
1275946,0.2321,0.005,0,18,19,19,0,57261.34434172971,5.389866551242085e-06,0.7093844140005741,-0.31829801708576166,0.1012485417559219,1.159074283747804e-07,0.14636953297694016,0.015847407184044475,1400.7417622484227,52,Minimization exited successfully.
1279500,0.235,0.005,0,12,12,11,0,57251.815007099816,8.540605504809761e-07,0.5448322988920115,0.3143003591496299,0.29408583515760256,1.3561317059816026e-08,0.1225768068596124,0.01350114100843152,359.3057395788079,31,Minimization exited successfully.
1280217,0.359,0.005,0,16,16,17,0,57253.58858209424,1.048490575143107e-06,0.3412168079144458,0.006527422918920843,0.8454005905950908,4.8822795132181004e-08,0.4481379271210898,0.04395691324549483,198.7185594993071,45,Minimization exited successfully.
1281668,0.3071,0.005,0,20,21,22,0,57271.33982880629,2.0227365730150197e-06,0.5606605888479295,-0.24857788777710316,0.3504640428654966,7.034178052895718e-08,0.31756688601108285,0.031259134754875705,241.0851724769497,59,Minimization exited successfully.
1281886,0.384,0.005,0,18,18,19,0,57268.02389005442,1.0287281486579852e-06,0.6446232214214037,-0.07891138694812079,0.4946362111986673,7.034565528807591e-08,0.43327301916142735,0.05749077351938023,91.13654416082886,51,Minimization exited successfully.
1282736,0.3689,0.005,0,19,16,20,0,57265.923893576095,7.453798951377383e-07,-0.9385336030306813,0.05545096055369408,0.5069566237689287,5.311055349191483e-08,0.4454598891883247,0.06153905913234894,56.03491879708888,51,Minimization exited successfully.
1283373,0.2075,0.001,0,13,15,18,0,57268.84436139969,4.515012540215948e-06,-0.8029997127398419,-0.3982485618028429,0.0010139650585188065,2.043210002485884e-07,0.212550683686696,0.03972924748768505,77.99721479508979,42,Minimization exited successfully.
1283878,0.3135,0.001,0,15,14,14,0,57265.572971749585,4.019981770249099e-07,-0.6903721227579711,0.293561369717288,0.6510656064237992,6.676395430904198e-08,0.7701543951847171,0.1257587995691632,9.000721289345972,39,Minimization exited successfully.
1283936,0.369,0.005,0,21,21,23,0,57267.7624280699,5.093678334201407e-07,-0.5156703056932103,0.16131783455178764,0.7381222130570677,4.985800135722253e-08,0.6291983021051056,0.07783818239970856,73.06320979909249,61,Minimization exited successfully.
1285160,0.7493,0.005,0,0,0,17,0,57271.87099715039,1.2261407705754741e-08,-1.297785692434562,2.9758188921252757,0.9877535941704991,6.175750474831363e-09,0.6376635824046815,0.5638237134796061,28.387075891930834,13,Covariance may not be accurate. Covariance not positive definite. Covariance forced positive definite.
1285317,0.5649,0.005,0,0,23,24,0,57268.64188343145,2.947138746975473e-07,0.14329825026424578,0.3586201315200108,1.0364077257581812,2.9455301888084797e-08,0.7812146468980421,0.10321110856863855,48.22467076864967,43,Minimization exited successfully.
1286398,0.1503,0.001,12,14,13,13,0,57270.426232308026,3.843392114118854e-06,-2.2285964648930467,-0.3564775867747939,0.19545739933892037,1.3982233352447955e-07,0.1242601739454145,0.02620283568507386,534.6935983056314,48,Minimization exited successfully.
1287626,0.304,0.005,0,5,7,6,0,56682.64818645432,2.0444793147424373e-06,-0.9329928243518776,-0.19849598429134543,0.37759066372018424,6.738198296466683e-08,0.40768964555589454,0.031440886073763136,42.235353840694145,14,Minimization exited successfully.
1289288,0.2897,0.001,0,19,21,23,0,57273.858422017176,1.5116322647725322e-06,-1.6363560074895962,-0.1546777050244154,0.8509448212244024,1.286435305646395e-07,0.7532232009917396,0.07660896459378592,65.73023701339241,59,Minimization exited successfully.
1289555,0.5588,0.005,0,0,20,21,0,57276.32306130223,3.5422996998033286e-07,0.15554959583598807,0.3180487096921436,1.214376428961259,4.236503372346207e-08,0.7540595779498162,0.1303599891207064,32.36316554579328,37,Minimization exited successfully.
1289600,0.4196,0.001,0,17,17,16,0,57283.093075757504,2.1331633568512678e-07,1.0712882776777872,0.400684800158199,0.35801187972538173,5.485765748489113e-09,0.27470018178416256,0.026831707236999926,163.24400413166487,46,Minimization exited successfully.
1289656,0.5394,0.005,0,0,19,21,0,57270.97178004489,2.61114284794032e-07,-0.1620239156126782,0.4773142963014001,1.34716457812101,3.5551909356780714e-08,0.7602475151391466,0.1279478243247374,43.51057639741788,36,Minimization exited successfully.
1289664,0.2491,0.005,0,17,17,18,0,57279.47076745342,2.7506792841517934e-06,-1.2788241862958225,-0.1556820176722409,0.22174957737661316,8.232219668786986e-08,0.1584534757417881,0.023663276609511823,637.4955873427571,48,Minimization exited successfully.
1290779,0.3895,0.01,0,11,11,12,0,56892.365390193256,8.097470323246761e-07,-1.6892763858217523,-0.08241909807334558,0.4677506201514916,3.1029503685316184e-08,0.3670626086289448,0.03839100316658367,57.68864137562128,30,Minimization exited successfully.
1290816,0.2185,0.001,0,10,10,10,0,56892.29015021953,3.5693398353195915e-06,0.8636630127719305,-0.19339736804068486,0.2828106921624567,9.85853304302669e-08,0.1901445254330952,0.02154972146125496,336.5717033602853,26,Minimization exited successfully.
1291080,0.4438,0.005,0,0,13,14,0,56889.21061398084,3.553009916322185e-07,-1.718959417106699,0.28955608961407914,2.1237320430191176,6.549680332785426e-08,0.9619577054404548,0.16216664305921688,34.538658517892486,23,Minimization exited successfully.
1291090,0.292,0.001,0,13,11,14,0,56840.94097040188,1.0165107558670322e-05,-4.716140332134779,0.37905479814798354,0.4995397311067791,1.066384721695109e-06,0.06682230016102637,0.10677613777546664,4008.190126346556,34,Minimization exited successfully.
1291794,0.3951,0.001,0,18,19,18,0,57278.836066323005,1.0800148376882128e-06,-0.3054853335636475,-0.22287735449125787,0.9545227404487377,5.71930122425971e-08,0.5234546954688638,0.0662964878569549,63.991990465949286,51,Minimization exited successfully.
1291957,0.36,0.005,0,15,14,15,0,56904.61833827668,1.3872844415259325e-06,-0.534648280509689,-0.18769062368093642,0.3249736785364803,8.101232142629299e-08,0.29208357906559573,0.045064783782412,309.7086543582383,40,Minimization exited successfully.
1292145,0.4925,0.005,0,0,19,19,0,57273.87086494822,1.5013080510073468e-07,1.221433656216488,0.7639006977560181,1.4367124421005428,3.215129470507222e-08,0.9879968963556875,0.1840872380625496,20.521663814710145,34,Minimization exited successfully.
1292195,0.8293,0.005,0,0,0,19,0,57281.42976253224,2.2636486865439156e-09,-1.5784341377026583,5.679316348899974,1.5520086585893296,1.7624236308208254e-09,0.8236827543908917,1.008443415787602,22.58582538165477,15,Covariance may not be accurate. Covariance not positive definite. Covariance forced positive definite.
1292332,0.2735,0.001,0,12,13,12,0,56901.22821082597,4.140726360484609e-06,-1.2097636955472368,-0.4135555333331312,0.241425179210637,2.8467921290033057e-07,0.2974832512129074,0.055149264979480604,120.97993284533186,33,Minimization exited successfully.
1292336,0.2336,0.001,0,12,13,12,0,56902.54336908411,3.4676880460171968e-06,-1.1881134009520165,-0.22131161357115692,0.0004506834920903202,2.307784512749529e-07,0.19218898508051238,0.04792942370187584,147.82132578821762,33,Minimization exited successfully.
1292560,0.2248,0.001,0,11,14,13,0,56904.138480078844,5.1489574050994626e-06,-0.25191550361705245,-0.3293580305016596,0.19869542368178372,1.8338039493615354e-07,0.14746099920680886,0.02717680658885993,318.9862811555199,34,Minimization exited successfully.
1293319,0.2969,0.0005,0,14,14,15,0,56913.50615070326,1.9630221089828554e-06,1.8924712848060612,-0.08387606836350149,0.27761910616391106,6.461014141514722e-08,0.2572280544657377,0.02617825319698832,237.348460511547,39,Minimization exited successfully.
1293758,0.1472,0.001,10,7,1,17,0,56918.66789964422,8.39029620371502e-06,-1.0322183041142057,-0.14868532122294806,0.2057089447043836,2.0601025884380005e-07,0.1346439543353758,0.017317192646653854,1114.845458284226,31,Minimization exited successfully.
1294014,0.3627,0.001,0,13,9,6,0,56917.77424602679,1.2913161330440398e-06,0.9207195893963358,-0.21665343502592185,0.7925783359605703,7.451293919371733e-08,0.4796937533754128,0.057057016916115456,79.2038274905571,24,Minimization exited successfully.
1294743,0.3126,0.001,0,11,11,14,0,56911.297225350245,2.3051159996764538e-07,-0.5184464977412506,0.6661167550033315,0.6498789243087231,1.9025927443414986e-08,0.38299692565385274,0.05734993277162799,91.22166368392115,32,Minimization exited successfully.
1295027,0.4254,0.001,0,18,17,19,0,56910.43685147469,7.298574138661997e-07,-0.19590320894678614,-0.10456817343128756,0.6259009750865516,5.555928131165452e-08,0.5414324001341642,0.07073619810553215,57.39134588615544,50,Minimization exited successfully.
1295256,0.4425,0.007,0,0,16,17,0,56928.07947681276,4.0117162085129827e-07,-0.049432087588748494,0.36413574089815187,0.509916473278281,4.289185239345498e-08,0.47795487043996465,0.09192193134762736,30.71293156408937,29,Minimization exited successfully.
1295305,0.6117,0.006,0,0,15,18,0,56915.1359154754,1.1657871355093657e-07,-0.0915331185083493,0.490356773963761,0.6262607501339517,6.483861336631395e-09,0.4282580793023208,0.059630307172545416,63.753919528475976,29,Minimization exited successfully.
1295921,0.5239,0.007,0,0,14,13,0,56910.323495316625,2.0967688905764229e-07,1.6549978415546747,0.660627926151533,1.9527953823308053,4.216383330578244e-08,1.2968739917830385,0.1586323932879035,35.75598076257288,23,Minimization exited successfully.
1296273,0.397,0.005,0,16,15,16,0,56927.49432658949,1.1825445561408804e-06,-0.8636992974008985,-0.07397797087306013,0.5147196075740794,3.4985591941964607e-08,0.2663295903218121,0.030317143324557125,242.42616636226262,43,Minimization exited successfully.
1296321,0.1844,0.001,0,13,12,13,0,56930.08272817307,3.2788802450844728e-06,0.6933401569243323,-0.11022531760080617,0.2943584756794735,1.540109155332911e-07,0.22407032331833415,0.03534328603299289,144.81826480319927,34,Minimization exited successfully.
1296657,0.1462,0.001,4,4,10,14,0,56923.66679904321,6.591113672800103e-06,1.3455809500650457,0.01613352056843419,0.2267017537051288,2.446292242227527e-07,0.22845174388111839,0.023243509124441158,112.51250878834153,28,Minimization exited successfully.
1297026,0.2585,0.001,0,13,13,16,0,56928.824258642126,6.070921765848964e-07,-0.4473662882207637,0.33136857106528705,0.4396042308108008,2.8120889793848968e-08,0.30363695068106084,0.03988824617779192,90.03698063327467,38,Minimization exited successfully.
1297465,0.2778,0.001,0,14,16,16,0,56938.73998079171,5.089016603214644e-07,0.9228869652379403,0.3338172960830399,0.11370235661888728,1.0518424650634117e-08,0.10946501341892337,0.017083119747841814,317.3304806173146,42,Minimization exited successfully.
1298281,0.2351,0.003,0,15,14,15,0,56930.920663692064,2.161602525333906e-06,-1.6636978038273464,-0.12326761487181806,0.2579106544944807,9.609208228226066e-08,0.20922261553675764,0.034404646464734186,108.97912797533138,40,Minimization exited successfully.
1298893,0.1962,0.001,0,4,5,10,0,56934.50391009248,4.17735551135291e-06,-3.1334399789790526,-0.23421649549340362,0.6643073961640766,5.240390845549378e-07,0.7691874720520464,0.08195795140012016,30.705552446046518,15,Minimization exited successfully.
1299643,0.38,0.005,0,17,16,17,0,56941.58373057394,1.1725757626102866e-06,0.7288596020973162,-0.14851640342963948,0.3436990380869247,4.224708063954417e-08,0.26886014386456025,0.033280906968015195,176.49867750725932,46,Minimization exited successfully.
1299775,0.1598,0.001,0,6,9,14,0,56941.079488414834,5.953276942986545e-06,0.33737269090148375,-0.03873380154004505,0.3797242239197658,5.470736153070513e-07,0.30485771431686126,0.06465339904269532,69.23627108462898,25,Minimization exited successfully.
1299785,0.3813,0.001,0,16,17,15,0,56943.955054764716,8.170473576634808e-07,-0.3070427244369524,-0.01929153073372775,0.6696298831848253,5.263940473896065e-08,0.42207136172607024,0.059608795097081974,40.22977768014282,44,Minimization exited successfully.
1300516,0.3104,0.005,0,17,18,18,0,56949.11160315881,1.439315656355411e-06,-0.05640066903000671,0.05310476810196696,0.29534077427888406,5.6291438901996305e-08,0.26439552982800646,0.033750409103000235,166.69744546055986,49,Minimization exited successfully.
1300912,0.3376,0.001,0,15,17,17,0,56908.58826848053,-1.6593927065738236e-07,-30.888684791141902,0.5593656782787301,0.08579287898828625,8.289300658287833e-09,0.6470507412732633,0.029328279223391776,4532.836518221081,45,Minimization exited successfully.
1301933,0.3299,0.005,0,16,15,16,0,56953.01380742205,5.716478555466442e-07,-1.0968176427849314,0.1762270672575965,0.08553432398912264,7.68239254381804e-09,0.07142038939280008,0.011726921924001084,890.1773868722794,43,Minimization exited successfully.
1302058,0.1984,0.001,0,14,16,15,0,56959.75396502591,6.892089233730444e-06,-0.051765788974082294,-0.17243305567810485,0.11932215945489588,1.944361597042699e-07,0.13543199886677607,0.02199753619640165,562.4298801752561,41,Minimization exited successfully.
1302141,0.6088,0.005,0,0,22,24,0,57281.02750647797,2.6867432282480187e-07,-0.5455767385389326,0.5381778273956865,1.201249085854215,4.168176453077312e-08,0.7401414542867792,0.171058576160113,67.14254561539684,42,Minimization exited successfully.
1302187,0.2195,0.001,0,9,15,16,0,56953.369409996914,9.046498614799198e-07,-1.6695495212788625,0.37013093156492666,0.26969178342915257,9.642812422423823e-08,0.3099640486388178,0.07299971904424282,69.52010750465467,36,Minimization exited successfully.
1302523,0.4239,0.001,0,15,13,15,0,57288.83623479322,2.8945328607627155e-07,0.30388336125340093,0.30592731510823573,0.3044907533294463,8.817368426383363e-09,0.26701300378519705,0.027849383143234756,90.73311277687046,39,Minimization exited successfully.
1302648,0.2319,0.001,0,13,15,15,0,56911.433664883494,1.135707105537396e-08,2362.4048536179134,0.16538362751878552,3.756833029910922e-05,2.685240699050184e-09,481.6113331719218,0.047114971429554724,1858.2713624449161,39,Covariance may not be accurate.
1303004,0.2949,0.005,0,18,18,19,0,56959.85138810124,2.4982085829662482e-06,0.2625471656408493,-0.2549768504192599,0.18127558906780905,6.159818858120467e-08,0.15697181226986862,0.02173882653211049,302.32439954749765,51,Minimization exited successfully.
1303279,0.1724,0.001,0,8,9,17,0,56964.45560635481,1.2760070181715657e-05,1.3109294093685397,-0.32346363961523517,0.28257582875085063,7.85724966633464e-07,0.34945220152013745,0.04347261524402407,153.51315350457196,30,Minimization exited successfully.
1303496,0.1798,0.001,0,10,9,13,0,56965.954731376616,5.14167853609841e-06,-0.3100706066615679,-0.18098396833971447,0.299575561650272,3.40870326720603e-07,0.3751973706497908,0.04973389566297457,109.3284980431114,28,Minimization exited successfully.
1303883,0.2591,0.005,0,17,18,20,0,57286.861022044024,3.3241913753590776e-06,0.01011101904473652,-0.23876499864828316,0.22593244027666515,1.3716433666821828e-07,0.23078807325370201,0.03354080340874587,389.37223858103937,51,Minimization exited successfully.
1303952,0.5626,0.001,0,0,21,21,0,57287.608018378945,4.00952164746021e-07,-1.1710954675894092,0.14264423128191117,0.7932104141327727,6.707497256666135e-08,0.7529788614974462,0.17525679123975907,32.01744652374063,38,Minimization exited successfully.
1304127,0.7286,0.005,0,0,0,21,0,57286.17943835358,7.174826114303513e-05,5.028922096255539,-8.33707697720906,0.2908910701080458,0.00023676903897139386,2.8187294722762744,5.873990434099415,15.855541943720073,17,Covariance may not be accurate.
1304442,0.2171,0.001,0,2,2,7,0,56967.25468837273,5.024600746937057e-07,2.1683685085637805,0.936030092083872,0.2930632020106714,5.83896543792275e-08,0.33648550762842144,0.07111952205299855,30.121613381214853,7,Minimization exited successfully.
1304678,0.2188,0.001,0,10,13,16,0,56962.14475420021,4.133036843060195e-06,-2.78774260741584,-0.3266601357312511,0.455934356617945,6.260681980373441e-07,0.4593362481111565,0.10850564655614046,14.393814895184457,35,Minimization exited successfully.
1305504,0.4956,0.001,0,0,14,16,0,56973.173669469696,1.5521108701369427e-07,-0.26911302833955775,0.5010243134706565,0.44969402863353025,8.477055984573095e-09,0.3249448706596254,0.04850738097044308,35.69089708429835,26,Minimization exited successfully.
1305626,0.3257,0.001,0,15,13,13,0,56974.832978197446,4.925496976547304e-07,-0.43818889765268487,0.2318868006887949,0.1618757832220581,6.744309888393615e-09,0.1039718165563257,0.013558458129399494,331.16012754931637,37,Minimization exited successfully.
1306029,0.4289,0.005,0,19,19,20,0,57280.1280754032,6.380682629304725e-07,1.5182837745078201,-0.05236675879534603,0.911989860189351,3.08784066390147e-08,0.5755087369126671,0.05177133761566343,109.1417827348646,54,Minimization exited successfully.
1306073,0.3286,0.001,0,15,13,14,0,56971.68907410934,3.6160403807963157e-07,-1.4385814003494752,0.32004185749383296,0.00032292640025843866,1.2707933180189041e-08,0.22699222049731532,0.03342292788531463,50.38413221941035,38,Minimization exited successfully.
1306141,0.3324,0.001,0,15,17,16,0,56976.95862088039,1.6781355413566023e-06,-0.3597891589860126,-0.1907971865854466,0.39322569066280266,6.315047356138978e-08,0.2716096958574647,0.03606251217362875,141.09484663589814,44,Minimization exited successfully.
1306360,0.4494,0.005,0,0,19,21,0,57279.976631597594,3.1002141291126696e-07,-0.3947578510762483,0.4993383270467898,1.687827546014887,8.537231030473616e-08,1.0013216624272814,0.23175745687430033,15.567590601412569,36,Minimization exited successfully.
1306390,0.407,0.005,0,17,17,17,0,57281.1141203847,4.635579512312096e-07,-0.1333526006491177,0.10707067761272633,1.930671394453384,4.4583203415233846e-08,0.9619854432605762,0.1033324646147385,19.917761096496314,47,Minimization exited successfully.
1306537,0.4795,0.005,0,0,19,20,0,57288.71254027154,4.44704023145097e-07,0.841230045561787,0.3761651151826951,0.6055570404241735,5.511092376468763e-08,0.683627587338887,0.10738523603577578,74.65067555385478,35,Minimization exited successfully.
1306626,0.4095,0.005,0,18,18,20,0,57285.492837333826,9.968808701885491e-07,0.05310592202304394,-0.16570660722048988,0.3699852852623735,4.400133832668148e-08,0.37387818047120314,0.04190675322405553,75.89204322847775,52,Minimization exited successfully.
1306785,0.5787,0.005,0,0,11,12,0,57283.97757222813,2.318673839549352e-07,-0.7093372328092508,0.619301873018617,2.271662280501914,7.520635053720868e-08,3.8326881800508317,0.23896969006297572,9.185740733743751,19,Minimization exited successfully.
1306980,0.5489,0.005,0,0,22,24,0,57281.42177403162,2.823706954498614e-07,-2.2721446372032776,0.47395487420218996,1.4961873845386435,7.946855463009054e-08,0.8406048944433911,0.25933984437082586,38.289920416552704,42,Minimization exited successfully.
1306991,0.4217,0.001,0,18,17,20,0,57288.334202744176,9.871310054290916e-07,-0.4881590134793872,-0.14096748643908008,0.8160632193284982,1.134584454340392e-07,0.8200188014384339,0.10732887573402809,41.260894187749926,51,Minimization exited successfully.
1307277,0.4107,0.005,0,18,18,19,0,57284.60655087231,5.520221261273938e-07,-0.8118587832865767,0.16700732731200335,0.8767688393090793,6.123594924547324e-08,0.8920766683845001,0.09938059242074232,45.15454332503871,51,Minimization exited successfully.
1307830,0.3493,0.001,0,15,16,15,0,57286.19636515163,3.102059720781538e-07,-2.0754825706073485,0.2834040903144323,0.2304587137477938,8.621749900587933e-09,0.2118413135035756,0.030671530486887342,71.34925113446215,42,Minimization exited successfully.
1308314,0.4065,0.005,0,18,19,19,0,56977.56422514216,8.102306055773164e-07,-0.35952361962145535,-0.132533655760188,0.37953349731105845,2.3975157797815438e-08,0.2794282333030603,0.03225986991536637,140.7361936767274,52,Minimization exited successfully.
1308326,0.3262,0.001,0,16,16,15,0,56976.05774327641,1.6635991358837887e-06,-0.055572788810081195,-0.1959240712915067,0.3112999702025263,4.779871077994909e-08,0.24483182004223608,0.028655810176480098,91.74690954852817,43,Minimization exited successfully.
1308568,0.6431,0.005,0,0,19,21,0,57291.30408286678,2.1665042985045178e-07,1.202785087689045,0.6592674878347645,1.424732597257389,4.4192703759848e-08,1.5618199199858667,0.18803049923992837,40.28112543239846,36,Minimization exited successfully.
1308582,0.3669,0.001,0,14,15,15,0,57287.8188457262,4.465375135854398e-07,-0.8586465682827293,0.23482516328667458,0.4774581730598584,2.483016106576112e-08,0.38513745420859163,0.050962883832325584,46.22644082446814,40,Minimization exited successfully.
1308884,0.0772,0.001,10,13,13,12,0,57293.43812921169,1.3895050426495124e-05,-1.7208002198698136,-0.4573589950810064,0.028746686715749092,9.296224928554516e-08,0.031239188571248997,0.0052023206815036615,5078.784179296796,32,Minimization exited successfully.
1308957,0.6187,0.005,0,0,19,18,0,57289.81693351693,2.7260534982155607e-07,1.173820957442559,0.02049776681150171,1.6614220124647545,5.6257498402566304e-08,1.718017830574776,0.23774250406455957,40.58607828645005,33,Minimization exited successfully.
1309288,0.2684,0.001,0,6,13,17,0,56990.3110571175,2.5103970071728786e-06,0.7692755848847115,-0.0801405584896136,0.850936604096205,1.1037197407961952e-06,0.6733044121858891,0.3088556121661353,40.054628600767934,32,Minimization exited successfully.
1309492,0.3335,0.001,0,15,15,17,0,56992.97486411923,5.949532747753254e-07,-0.2571504506648345,0.19219951191326715,0.09485789691461832,8.752875745894488e-09,0.08893227466728304,0.012770229621888448,560.6424798229556,43,Minimization exited successfully.
1309749,0.7893,0.01,0,0,0,19,0,56989.481866874004,2.184761844861319e-06,2.3380000453777026,-4.649640774291426,2.2395950452337274,6.034992621606971e-06,1.294856782311068,5.401529624068237,6.901913147304317,15,Minimization exited successfully.
1310338,0.4388,0.01,0,17,9,19,0,56977.150580323556,7.718142593319293e-07,0.09196088864013241,-0.0466577438725818,0.47005167863244424,2.1870800831098134e-08,0.3817969123721943,0.032540036339277496,62.35416133540939,41,Minimization exited successfully.
1310395,0.289,0.01,0,18,17,18,0,56981.089836042185,1.3008323400210084e-06,-1.1765153008836926,-0.04089384430174923,0.25685018527292414,4.8587488850706304e-08,0.2534515533634898,0.0317776794818152,193.57875709211032,49,Minimization exited successfully.
1312274,0.438,0.006,0,16,16,14,0,56977.28503428877,5.990503345982608e-07,-1.2113177199872973,-0.13444340697469714,0.72975564229273,3.0878240096650156e-08,0.5706052042465584,0.06338465884730336,24.92865230399884,42,Minimization exited successfully.
1313594,0.2883,0.001,0,12,14,14,0,57002.5171889349,2.3175269530287272e-06,0.7350721676632936,-0.2088272606441391,0.24042550716694677,6.218251599460354e-08,0.1896261243999561,0.024959606421363252,168.4412171468768,36,Minimization exited successfully.
1314897,0.3369,0.005,0,11,14,15,0,57301.17955515385,4.824479803579961e-07,0.16382344128192286,0.39125338264383597,0.34321290797015536,2.5606183269364722e-08,0.3185613709702538,0.04239717571672776,121.36047890687765,36,Minimization exited successfully.
1315192,0.2254,0.001,0,7,12,10,0,57008.78478898541,2.9561241920501054e-06,0.7176393593328199,-0.019195849737278777,0.22596013377551571,1.995649709580448e-07,0.23287790955109716,0.04661433176642923,141.295989937907,25,Minimization exited successfully.
1315259,0.228,0.001,0,10,11,13,0,57003.74407748253,2.3544912440840944e-06,-0.6531527563918066,-0.0020728601277822745,0.26301515531304176,8.2209524793583e-08,0.18540682048317872,0.028293714105165246,203.58111100676734,30,Minimization exited successfully.
1315296,0.4126,0.001,0,14,13,14,0,57003.813053534446,4.7392786526557357e-07,1.4830194058192605,0.12446011925772842,0.8953626246911881,3.075779211878117e-08,0.7259637038278343,0.06532953195747215,42.166433963740644,37,Minimization exited successfully.
1316385,0.1478,0.001,8,3,8,13,0,57020.64839513464,9.818021804242936e-06,1.7062089114104801,-0.33978370303079664,0.14444904558331473,2.3641504378627457e-07,0.17588149735176,0.01623027303388642,1035.6559292214474,28,Minimization exited successfully.
1316431,0.1981,0.005,0,10,10,9,0,57018.88145981411,5.876294157034157e-06,1.2288666712213467,-0.2605978999366838,0.11373172658204567,1.352075135599643e-07,0.14041029933071644,0.01774930704659009,331.6884123447419,25,Minimization exited successfully.
1316437,0.482,0.001,0,0,13,11,0,57010.849809623876,3.624939561706989e-07,0.27672633196480473,0.14391254324583388,1.2125402255587687,6.609073871617032e-08,1.4865757234845647,0.16184844451789288,28.764186546994416,20,Minimization exited successfully.
1316465,0.3291,0.001,0,11,10,11,0,57021.40342039381,4.534022511261995e-07,0.4188860155993155,0.34663535714350946,0.09204342680095579,6.268150468681344e-09,0.09422210603598213,0.011640531049835473,540.9865949421178,28,Minimization exited successfully.
1317164,0.1547,0.001,0,5,6,15,0,57294.28595037755,5.87396869676823e-06,-2.6579973984015157,-0.09750815633501285,0.5523054151708493,8.994908243582012e-07,0.3042631023013072,0.09372919504517649,105.10698977814573,22,Minimization exited successfully.
1317277,0.2371,0.001,0,12,13,14,0,57008.16683146159,2.501132732683224e-06,-1.610303294439505,-0.21771312175648727,0.3696228413718927,1.3476797902715493e-07,0.3224131442080472,0.04760869574025633,30.421744515021746,35,Minimization exited successfully.
1317286,0.279,0.01,0,14,13,14,0,57015.411522254966,2.853536438200418e-06,0.527096177397214,-0.24687945567738914,0.16793493514705915,6.104474406210864e-08,0.15683347379097679,0.0188149385793437,243.45045242575821,37,Minimization exited successfully.
1317454,0.5688,0.01,0,0,10,10,0,57014.4715226313,2.2240297760319056e-07,-0.28282536696374744,0.6153801770151194,0.926582539203082,2.2257282461895804e-08,0.7873097431839983,0.10336953159198699,18.114980844308505,16,Minimization exited successfully.
1317666,0.1414,0.001,10,12,12,13,0,57301.435761134264,1.9458588522328092e-06,-0.35363142501157474,0.3528962589486093,0.0735911662086437,6.277135986628978e-08,0.06258001696772675,0.020789823200148962,3718.1249162189615,43,Minimization exited successfully.
1319366,0.2361,0.005,0,17,17,18,0,57260.520891217195,4.341882540121533e-10,99341.41894993302,0.13415522286388376,0.12780424297307036,7.619437812280578e-11,17435.32465389976,0.028741272749938578,6836.510775036759,48,Covariance may not be accurate. Covariance not positive definite. Covariance forced positive definite.
1319821,0.3088,0.001,0,10,13,13,0,57020.92539714233,1.4459535013863832e-06,0.08952199179332372,-0.09677488377894786,0.3139687547190988,8.43808511155758e-08,0.35881579030494715,0.04607306765703104,96.37445220611363,32,Minimization exited successfully.
1320166,0.449,0.01,0,0,10,9,0,57022.14303105261,2.1528305184604272e-07,0.07577481942219513,0.8089018371107001,0.755740698758018,3.2792812606845665e-08,1.0457565746777289,0.12237694015720435,14.051338515461097,15,Minimization exited successfully.
1322229,0.5261,0.001,0,0,7,7,0,57035.59931719911,1.5058567289055734e-07,2.5580072236645086,0.5929728897340751,1.0893038990470814,1.366587885717228e-08,1.0729732326517885,0.09092569538852203,4.675866790399513,10,Minimization exited successfully.
1322979,0.5294,0.005,0,0,9,10,0,57039.51246020588,1.5377906004498094e-07,0.4967063336298562,0.5440054668547242,0.5014471539616352,6.194010728829078e-09,0.4864479880938128,0.03729436780233573,44.1687800471266,15,Minimization exited successfully.
1324542,0.5415,0.0005,0,0,9,10,0,57045.19906163918,2.5727754658892393e-07,0.9841589614323609,0.41191858144521787,1.441791802921216,3.880616546271606e-08,1.3600860389917084,0.1487801513414189,12.39061831459529,15,Minimization exited successfully.
1325358,0.7793,0.005,0,0,0,7,0,57047.84110023323,1.987483106216444e-07,1.149511041165613,-0.0213402062587593,0.1589695116454095,2.3807633103232273e-07,2.1077654510638375,1.7332247721429503,7.191271003488869,3,Covariance may not be accurate. Covariance not positive definite. Covariance forced positive definite.
1327978,0.2073,0.001,0,10,13,19,0,57306.81507884205,4.524421419786879e-06,-0.419138310245358,-0.09781339058881636,0.6940256702982879,6.60664341864343e-07,0.5511838920173984,0.11391025550579058,49.055021820258744,38,Minimization exited successfully.
1328066,0.4489,0.005,0,0,20,22,0,57297.760034559346,4.412184646383609e-07,1.2829327574027607,0.4425230460899561,1.1430310218638624,8.409267527428495e-08,0.8304044010883606,0.15822803819277895,35.22179931326463,38,Minimization exited successfully.
1328105,0.4402,0.001,0,21,21,23,0,57301.45231085319,8.838671367900619e-07,0.5196562593561492,-0.1136680100897125,0.7521349648013711,5.0830280645024446e-08,0.4990992996492112,0.05511497604278522,133.38989510856055,61,Minimization exited successfully.
1329166,0.7316,0.005,0,0,0,17,0,57308.15834427119,1.0599515409833772e-18,2.1016439152378172,24.011149787966207,0.04027863502051332,5.468600867901281e-21,0.04894228070633636,0.0033825782891297967,24.026761636311562,13,Covariance may not be accurate. Covariance not positive definite. Covariance forced positive definite.
1329196,0.7693,0.005,0,0,0,20,0,57307.438427947374,1.6828748902340465e-10,-0.8394014977096859,7.893997505754574,1.2918968253216008,8.002507207675518e-11,0.5957192242011715,0.48920873842810514,36.597159109689215,16,Covariance may not be accurate. Covariance not positive definite. Covariance forced positive definite.
1329312,0.3444,0.001,0,15,16,15,0,57310.38347114902,3.450503901215818e-07,-1.911805748721175,0.31482862214286,0.5654177303258621,2.394510483218097e-08,0.3896078147804601,0.06237487767998952,49.43557435164391,42,Minimization exited successfully.
1329615,0.4039,0.005,0,17,17,16,0,57302.4976251763,9.599616099174943e-07,-0.9757970834256847,-0.23789313498577438,0.8143589255450934,8.358662024494812e-08,0.5488144379376346,0.07927395396716949,60.188090957359705,46,Minimization exited successfully.
1330031,0.1041,0.005,13,13,13,0,0,57313.563940651205,2.961586679948205e-05,-0.38225042534515713,-0.3543900710401395,0.05349787150407792,5.480669728465442e-07,0.06997127541669405,0.012456583225317357,2219.423613106449,35,Minimization exited successfully.
1330426,0.2595,0.005,0,16,17,17,0,57316.21637042656,3.8241489866692864e-06,1.283820173643551,-0.2806952816504404,0.1171698187245056,6.430762514424373e-08,0.09596361624596872,0.013738674196047174,678.1544183075973,46,Minimization exited successfully.
1330642,0.6339,0.001,0,0,17,17,0,57317.5660707714,1.5835887030258299e-07,1.0898111687071776,0.45176179546695705,0.4829545333777787,7.499237542193083e-09,0.39213542177644034,0.051598342254978315,50.14003326228886,30,Minimization exited successfully.
1330903,0.5638,0.005,0,0,20,21,0,57306.87302630211,3.2348935911052107e-07,0.9196495572684869,0.09724601536688877,1.439774633727211,3.942873217011422e-08,0.9882223301526798,0.14762661718481365,38.098090495367785,37,Minimization exited successfully.
1331123,0.2291,0.005,0,17,17,17,0,57318.11874238412,2.769386736670861e-06,-1.5430803222623741,-0.20357736617022823,0.24700078730893438,1.1990777046631096e-07,0.24526468674449334,0.03524073964632961,125.14091256176546,47,Minimization exited successfully.
1331993,0.7196,0.005,0,0,16,14,0,57327.37215517233,9.468266983699601e-08,0.41329904331148387,0.5542728260264926,0.7112658510268375,6.38488597131844e-09,0.5233235678329117,0.09709380689023021,30.796653647860175,26,Minimization exited successfully.
1332059,0.5788,0.005,0,0,18,19,0,57324.16069884766,2.798731970702678e-07,-0.06968156108109375,0.42296824847261644,0.006348857950797537,3.66818583677274e-08,0.6205915599166429,0.13048650877623955,28.75008809513084,33,Covariance may not be accurate.
1332413,0.6087,0.005,0,0,17,17,0,57325.57020615743,2.67208957741279e-07,0.8918760180704017,0.48218423483366896,0.7979134238885308,2.6342329611291797e-08,0.6733900394888404,0.10709869357490846,42.236302564659454,30,Minimization exited successfully.
1333246,0.4379,0.005,0,16,14,16,0,57325.69681050278,5.146997777193169e-07,1.9536214019383062,0.09351385526856903,0.980620959548105,5.5565020627914035e-08,0.9680595148325406,0.09822544879159952,18.126260643892493,42,Minimization exited successfully.
1333438,0.3995,0.005,0,15,16,9,0,57327.14548659029,2.2480008843875534e-07,0.4447258853768874,0.356213194574155,0.6243933678269968,1.639175639955426e-08,0.5179525060468894,0.07843710841139957,36.515763277037635,36,Minimization exited successfully.
1334084,0.1335,0.001,6,8,11,0,0,57336.77707048631,6.63202191935228e-06,-0.5304245275421611,-0.021755026319413954,0.4087645094950858,3.915170904810045e-07,0.3404467838848496,0.03900308552975653,38.61113780885409,21,Minimization exited successfully.
1334087,0.2663,0.001,0,4,3,12,0,57339.78960469362,2.0179145578130076e-06,2.1365155132254605,0.201760574080447,0.0003066170138481539,2.5901423488881125e-07,0.8053227981251255,0.09070292727366949,29.51574191101119,15,Minimization exited successfully.
1334302,0.4549,0.005,0,0,17,19,0,57332.516248305656,3.199236501835767e-07,-0.8721533478916941,0.5379804326521795,1.2226383092347533,6.198111872758215e-08,0.8668259861127329,0.16165539239689453,13.697927366224498,32,Minimization exited successfully.
1334423,0.3577,0.001,0,14,14,14,0,57335.7511066657,1.049139998153117e-06,0.05234321393175974,-0.05730805249036814,0.45794034171194653,5.4775483370307615e-08,0.390157389522735,0.04655065292394903,57.07552024975248,38,Minimization exited successfully.
1334448,0.5167,0.005,0,0,16,16,0,nan,nan,nan,nan,nan,nan,nan,nan,nan,nan,No data points with S/N > 5.0. Initial guessing failed.
1334470,0.5188,0.005,0,0,15,15,0,57333.65179609724,3.129942430681089e-07,0.2813207212509227,0.47070406173993423,1.0261526891299582,4.357058080012143e-08,0.78905955412363,0.12817086477149053,24.414794806030926,26,Minimization exited successfully.
1334597,0.289,0.005,0,12,12,11,0,57343.304847457424,6.831687484171942e-07,0.6336507638923539,0.29516017031463576,0.10069368298354675,1.1218782963371152e-08,0.08727792790773863,0.013534844600814963,424.8674752071749,31,Minimization exited successfully.
1334620,0.1961,0.001,0,15,14,15,0,57335.38567471621,2.60287981043294e-06,-0.5221076176645935,0.01597847496323985,0.3697981414588867,2.0382172350769732e-07,0.3523772675996817,0.05855307566873166,85.71522135757476,40,Minimization exited successfully.
1334644,0.2881,0.001,0,15,13,14,0,57332.42472835451,1.964944321963685e-06,-2.3121722932893363,-0.26025876075610005,0.3588027102960041,9.895925726324029e-08,0.2771047534040701,0.04626815619307104,57.98634358557533,38,Minimization exited successfully.
1334645,0.2312,0.001,0,12,14,14,0,57335.55310984486,3.6354228646244813e-06,-1.0646171734894536,-0.23744680156718334,0.18843146180734038,1.3391986775940786e-07,0.19513099894587707,0.029168664327907174,182.78209846616897,36,Minimization exited successfully.
1334707,0.6488,0.001,0,0,15,16,0,57340.04176894007,1.4025040890109835e-07,0.06145028620030102,0.433489752972543,0.4278584875755769,6.257752268014244e-09,0.3719183887302914,0.05587027781731128,35.09199254980139,27,Minimization exited successfully.
1334879,0.6393,0.005,0,0,16,17,0,57336.57113135073,8.932390676210879e-08,0.44887935577164945,0.6211533615537991,0.4860314960242249,4.492650526861761e-09,0.3997808450279196,0.0567813374843823,42.736934889850396,29,Minimization exited successfully.
1335472,0.4989,0.005,0,0,14,15,0,57344.33421483747,2.8747340561176233e-07,0.8425190043614383,0.5561476437826165,0.8001929594174726,3.657792858983061e-08,0.7624042285150577,0.1084291374832912,18.42521683517794,25,Minimization exited successfully.
1335564,0.6077,0.005,0,0,15,14,0,57343.33906692753,2.4517452838987236e-07,-0.8141352496170962,0.43910901008703485,1.2648326730814006,3.385907842899368e-08,1.0580967443791505,0.17032607908350572,27.594150185236373,25,Minimization exited successfully.
1335694,0.2591,0.005,0,11,8,12,0,57347.7539737313,3.009746509590093e-06,0.7974027694987258,-0.14699821748357805,0.14686581028217915,7.967769517703048e-08,0.16668512576445071,0.021371830921259053,208.7893806596931,27,Minimization exited successfully.
1335717,0.3048,0.001,0,13,12,13,0,57346.74735652301,3.5632076349584924e-07,-0.19635819300481436,0.3877095692081094,0.13457616318191867,6.747977157111444e-09,0.12493017925550462,0.016632685451378724,160.32894023815453,34,Minimization exited successfully.
1335718,0.6993,0.005,0,0,14,15,0,57351.288605341775,1.1537911190071735e-07,0.1966048211767136,0.4866455876441701,0.4514515738010232,4.296189095634635e-09,0.35076133929974235,0.05281772929200209,60.57045249557027,25,Minimization exited successfully.
1335868,0.6194,0.005,0,0,17,16,0,57348.114311824895,2.0254192034750526e-07,1.2645179791550998,0.6594414715507866,1.049527808376297,2.4620062910858023e-08,0.8611133644745489,0.12648440832642885,30.2962324972259,29,Minimization exited successfully.
1336008,0.438,0.005,0,13,11,13,0,57347.8585196691,9.669468826502827e-07,0.5038798240570226,-0.0955313662909754,0.3723281424463494,3.393246486330827e-08,0.35226029200387,0.03490176785733285,70.22234415227015,33,Minimization exited successfully.
1336009,0.3416,0.005,0,13,12,13,0,57344.236621485245,7.760429143817808e-07,-1.123283197944982,-0.0020368822370785845,0.3808263397477276,3.9439647520704456e-08,0.35701316576228165,0.047994033646689235,54.316771889794836,34,Minimization exited successfully.
1336453,0.1848,0.001,0,9,10,10,0,57354.94261577139,7.020107133466806e-06,0.6640870843152721,-0.26147868657918677,0.13336366988733062,2.649730202705135e-07,0.14157081712621347,0.02645019288791254,223.58241024761077,25,Minimization exited successfully.
1336480,0.256,0.001,0,7,10,11,0,57350.46741037901,2.0027972841489796e-06,-0.3701717202214083,-0.08534054709892216,0.37087506302123074,1.2183072386927595e-07,0.3302777034579787,0.05020692588377979,54.4012222715276,24,Minimization exited successfully.
1336687,0.2337,0.001,0,12,11,11,0,57351.18062556779,2.8512397990983896e-06,0.26308633769811135,-0.1923779776786146,0.19236242964689154,8.767779989017597e-08,0.15543892584222302,0.024567286381395416,116.51646466708614,30,Minimization exited successfully.
1337117,0.5539,0.005,0,0,11,12,0,57361.77091791311,4.226237898731138e-07,0.7153858043872491,0.35488948968329226,0.684079501144879,3.610399191651068e-08,0.5647440118328011,0.08313879511711962,17.218050515516317,19,Minimization exited successfully.
1337221,0.6688,0.005,0,0,14,14,0,57358.29419054492,2.909840232796145e-07,-1.6149369077375946,0.3038989536508469,0.9388713942571485,3.202855975302466e-08,0.7226447816987358,0.1365794270379509,20.279930701467837,24,Minimization exited successfully.
1337228,0.5788,0.005,0,0,14,14,0,57357.30285348145,2.0941815981572044e-07,-1.1657699083377469,0.5024802617373245,1.419623342979321,3.88191155282125e-08,1.0883861442822722,0.18949042791206322,14.337936443467022,24,Minimization exited successfully.
1337272,0.5027,0.005,0,0,12,12,0,57356.31063110115,3.746823159975194e-07,-1.5576459603835204,0.2414648030359657,0.9452965969139768,5.622476112141225e-08,0.8427540737738572,0.14766569047281006,11.045983049425082,20,Minimization exited successfully.
1337325,0.6387,0.005,0,0,12,12,0,57357.05744592424,2.7733979602443406e-07,-1.232573343107421,0.281785546907185,1.0411606784255127,2.9116205528045134e-08,0.7752433752733285,0.13705987875625936,24.025086256862473,20,Minimization exited successfully.
1337649,0.2491,0.005,0,9,9,9,0,57363.265773892526,2.4657421596059014e-06,0.47536761851988923,-0.10020565238264201,0.23690566579898586,6.944239156818575e-08,0.1675813075467205,0.02327759080004294,176.94819748913108,23,Minimization exited successfully.
1337655,0.8485,0.005,0,0,0,10,0,57358.7106142021,5.239329114843238e-12,-2.273578243724567,13.963983088942465,0.9892001086118398,2.808457285488337e-12,0.5969102095932393,0.6455604050335196,4.5644537356532675,6,Covariance may not be accurate. Covariance not positive definite. Covariance forced positive definite.
1337687,0.3195,0.005,0,12,12,11,0,57361.665186793376,2.1547589716340427e-06,0.655720109101089,-0.2725197584964644,0.22773528081233962,5.099067760119941e-08,0.1562522991182732,0.022016357303757738,322.2716346711918,31,Minimization exited successfully.
1337703,0.5334,0.005,0,0,15,14,0,57359.8815847866,3.274411813932816e-07,-0.25489786265912806,0.516442492930784,148.96559285519106,1.000003670460946,1.0000083664720303,1.000007735726417,17.35906051773349,25,Covariance may not be accurate.
1337838,0.3119,0.005,0,11,10,11,0,57364.24614488517,1.8827547254793275e-06,0.5101665897917722,-0.17048687588976566,0.19100327250998816,4.753008166043011e-08,0.1990975412487352,0.022280302258229204,232.99668386208418,28,Minimization exited successfully.
1338128,0.3117,0.001,0,11,11,11,0,57366.37490439569,1.3475457299895733e-06,-1.4850744661014872,-0.09466597380564647,0.3338291934633162,8.364078996474909e-08,0.35828035704360406,0.05004416310102341,100.81453730992604,29,Minimization exited successfully.
1338170,0.389,0.005,0,11,11,11,0,57362.92382948384,7.77667390210418e-07,-0.746382069739268,0.07201454194169532,0.727087113129528,6.11821351944405e-08,0.5654451004556431,0.071580518144605,48.19340692691824,29,Minimization exited successfully.
1338233,0.598,0.001,0,0,13,13,0,57356.267565814225,1.8672413518856778e-07,-1.5976062235614172,0.4588565779308831,2.0663675257419527,4.212906252923447e-08,1.5538052593641374,0.2910153979049272,6.8779997942815765,22,Minimization exited successfully.
1338266,0.6476,0.005,0,0,19,21,0,57367.01392191008,1.832652173505601e-07,-1.0560785025417545,0.40760018450461466,1.0761088357976405,2.1876428952532933e-08,0.9535362470869048,0.15227554691575623,30.55943023532109,36,Minimization exited successfully.
1338278,0.5639,0.001,0,0,10,10,0,57366.72773187786,3.175174583288751e-07,0.19512272460153007,0.37128647913301727,1.243997527526517,4.219935446521446e-08,1.063883208221201,0.1462935302778847,9.598899757656818,16,Minimization exited successfully.
1338387,0.5838,0.005,0,0,10,10,0,57364.08476357137,3.002704593264792e-07,0.41420914762817546,0.5235342444852332,0.9374599441798637,2.6412789622470218e-08,0.7403710863716265,0.0957967728898962,22.797962153115964,16,Minimization exited successfully.
1338430,0.5089,0.005,0,0,9,9,0,57362.72368528311,3.5020483259511646e-07,-0.06380327498951194,0.520421141678694,1.1367772504854656,4.665041020414605e-08,0.9571064816386707,0.11815171878498103,6.167613851272669,14,Minimization exited successfully.
1338471,0.5309,0.005,0,0,11,12,0,57350.997852829925,2.0761499811870292e-07,-1.3186784867403885,0.40055942722761234,1.769694148501003,5.350616980235797e-08,1.4852624360537012,0.24121103876533556,6.353260038736556,19,Minimization exited successfully.
1338675,0.3306,0.001,0,8,9,8,0,57371.71897800526,3.5849699553523424e-07,-0.4341273223076902,0.3359251065174082,0.18026844318956137,9.671481645919649e-09,0.1993300413949468,0.02339254022062347,37.695746348845034,21,Minimization exited successfully.
1339002,0.3025,0.001,0,9,9,10,0,57370.19809551112,1.089542661549784e-06,-0.9237661946288083,0.04945938857821475,0.6238229513182887,8.597403364538614e-08,0.5486499646456099,0.0735197714446344,31.59536613905242,24,Minimization exited successfully.
1339149,0.4678,0.005,0,0,9,9,0,57373.67606064572,3.6451116626704844e-07,-0.250107592358033,0.4451111284238461,0.8817491680420062,5.7729833108603737e-08,0.9296228223548492,0.1389558956562966,9.33503870104992,14,Minimization exited successfully.
1339392,0.1804,0.001,0,6,7,12,0,57369.99708269361,5.7412454667436735e-06,-0.5731398326912133,0.07079181304573216,0.46838736485733534,7.890300372780291e-07,0.39650287650830174,0.08643253932033118,37.9494280263654,21,Minimization exited successfully.
1339450,0.5505,0.001,0,0,13,13,0,57368.90485506953,2.71763868458799e-07,-2.136621227515993,0.24792927584644234,1.3226787105268158,6.391309314784053e-08,1.2911046366709078,0.23666366377710207,23.852590030736465,22,Minimization exited successfully.
1340454,0.421,0.005,0,11,11,10,0,57375.368990583374,6.559965380534577e-07,1.1917766281128621,0.18892606406224188,0.37936694609743427,3.7063643915794204e-08,0.5234651254476357,0.04569084260603908,107.96041977889558,28,Minimization exited successfully.
1341370,0.409,0.005,0,8,8,8,0,57376.08491303558,7.611682866229842e-07,0.8738219059029531,-0.08956533981317909,0.3841562696179608,3.6553636440644447e-08,0.49979273507543853,0.04347110671459185,75.46008338121332,20,Minimization exited successfully.
1341894,0.3121,0.001,0,7,7,7,0,57389.44523816159,1.7707845416503652e-06,-1.0464596917102362,-0.23475292307931092,0.4808414067992999,1.1303423227296375e-07,0.46901024588175555,0.059378095779055354,51.818635031418054,17,Minimization exited successfully.
1342255,0.2141,0.005,0,6,6,6,0,57391.018419684544,5.074405438039516e-06,0.9079929867464391,-0.25364725212454237,0.22027528142280062,1.3089373922722727e-07,0.29694163508145976,0.021634933955648018,201.26894706498285,14,Minimization exited successfully.
1343208,0.4993,0.001,0,0,6,10,0,57390.27220565886,1.3912303115676306e-07,-1.281889257561525,0.7394664908778413,0.6274202790882555,1.5046059875163067e-08,0.7462024130614806,0.09195234716373674,10.966836415245172,12,Minimization exited successfully.
1343337,0.3389,0.001,0,8,8,8,0,57394.36447833463,8.664768590330733e-07,0.3616457443968965,0.13581838923890843,0.6864570930956688,5.3461729906852494e-08,0.7179710420976443,0.054763605275830594,34.48994902004459,20,Minimization exited successfully.
1343401,0.3829,0.005,0,6,6,6,0,57393.0666713503,1.4452523277602628e-06,-0.643673332921427,-0.17358242028098564,0.6810914131165191,7.10575120055289e-08,0.6269763681091716,0.056747440982476124,25.426365916192417,14,Minimization exited successfully.
1343533,0.368,0.005,0,8,8,8,0,57389.974738517136,8.002357510137291e-07,-1.6751806478136182,-0.03448517509964756,1.1498345154468552,9.076099606931099e-08,1.2661283626841942,0.12233800404103921,8.229648004008425,20,Minimization exited successfully.
1343759,0.508,0.001,0,0,7,8,0,57394.099544710705,1.7645610389743877e-07,-1.4143589344217782,0.6153750675279253,0.37719917741196696,8.362375541153072e-09,0.4862728164376253,0.042388691232868606,63.56976855588528,11,Minimization exited successfully.
1343871,0.6379,0.005,0,0,7,7,0,57392.00773855584,1.9707899649893539e-07,2.292427324067015,0.5097343929837952,1.9100397038055235,2.346938812565145e-08,1.6945479122220048,0.1416779091908587,8.128869025882782,10,Minimization exited successfully.
1344692,0.3795,0.001,0,7,7,7,0,57394.4239733706,4.3183287608081205e-07,-1.779665400751376,0.20918896920637706,1.2822176474692242,5.1654905468445346e-08,1.3838795350565807,0.12221473683474826,7.76815857707265,17,Minimization exited successfully.
1345553,0.3189,0.005,0,6,6,6,0,57393.16501673334,2.0603148746945936e-06,-0.6223036427155914,-0.3203450686183659,0.5188228020415409,9.675490790925721e-08,0.610858552086144,0.04396643509098021,74.58980667121907,14,Minimization exited successfully.
1345582,0.4588,0.005,0,0,7,7,0,57396.99505195845,3.579257820778545e-07,-0.8965850185003563,0.5572881007136519,1.4211559303475951,6.175063303284705e-08,1.6305411658604274,0.14856462034534512,7.508125917729614,10,Minimization exited successfully.
1345594,0.4224,0.001,0,5,6,6,0,57396.17219706112,1.0307985966962182e-06,-2.087421907466132,-0.19217162583568756,1.1899172283410735,8.681676760911086e-08,1.2509291612792213,0.10167602788556487,13.124479152541056,13,Minimization exited successfully.
1346137,0.3635,0.005,0,7,7,7,0,57402.726345448544,1.0889954724791375e-06,0.10642659431503074,-0.04689240038221587,0.8639827521292318,6.866298829207675e-08,0.6551032138993107,0.06772485596687551,19.91155051184166,17,Minimization exited successfully.
1346387,0.3445,0.005,0,7,6,7,0,57394.8025142384,2.926532094072726e-07,-2.732747578741556,0.3188644880553377,0.1417415667710884,6.781488104732234e-09,0.24002124701476554,0.01972817903127981,201.64339773732445,16,Minimization exited successfully.
1346956,0.3335,0.005,0,5,5,5,0,57412.73125639347,1.8953550174266235e-06,0.5899671727496497,-0.09898273243753682,0.45160515382667654,9.663829390631817e-08,0.4971059936201569,0.041048161611500135,92.37814267037967,11,Minimization exited successfully.
1346966,0.3355,0.005,0,7,7,7,0,57407.48710714842,1.9375390752145264e-06,0.1238203505394539,-0.19729149750854375,0.6693846731359372,8.908914240388638e-08,0.5897201019764877,0.04516025702914191,28.25484220421573,17,Minimization exited successfully.
