type,ntemp,perctemp,obj_id,phase,minwave,maxwave
Ia,3,1.0,739,12.5,3602.42189259403,9599.02795540761
Ib,0,0.0,739,12.5,3602.42189259403,9599.02795540761
Ic,0,0.0,739,12.5,3602.42189259403,9599.02795540761
II,0,0.0,739,12.5,3602.42189259403,9599.02795540761
NotSN,0,0.0,739,12.5,3602.42189259403,9599.02795540761
Ia,7,1.0,762,-3.2000000001862645,3602.42194329244,9599.15353538132
Ib,0,0.0,762,-3.2000000001862645,3602.42194329244,9599.15353538132
Ic,0,0.0,762,-3.2000000001862645,3602.42194329244,9599.15353538132
II,0,0.0,762,-3.2000000001862645,3602.42194329244,9599.15353538132
NotSN,0,0.0,762,-3.2000000001862645,3602.42194329244,9599.15353538132
Ia,0,0.0,1032,11.299999999813735,3602.42213579725,9599.63036979569
Ib,0,0.0,1032,11.299999999813735,3602.42213579725,9599.63036979569
Ic,6,1.0,1032,11.299999999813735,3602.42213579725,9599.63036979569
II,0,0.0,1032,11.299999999813735,3602.42213579725,9599.63036979569
NotSN,0,0.0,1032,11.299999999813735,3602.42213579725,9599.63036979569
Ia,48,1.0,1241,0.6000000000931323,3874.7531738281,8939.16894531251
Ib,0,0.0,1241,0.6000000000931323,3874.7531738281,8939.16894531251
Ic,0,0.0,1241,0.6000000000931323,3874.7531738281,8939.16894531251
II,0,0.0,1241,0.6000000000931323,3874.7531738281,8939.16894531251
NotSN,0,0.0,1241,0.6000000000931323,3874.7531738281,8939.16894531251
Ia,4,1.0,1253,2.7000000001862645,3872.0690917969,10000.0
Ib,0,0.0,1253,2.7000000001862645,3872.0690917969,10000.0
Ic,0,0.0,1253,2.7000000001862645,3872.0690917969,10000.0
II,0,0.0,1253,2.7000000001862645,3872.0690917969,10000.0
NotSN,0,0.0,1253,2.7000000001862645,3872.0690917969,10000.0
Ia,4,1.0,1253,2.7000000001862645,3872.0690917969,10000.0
Ib,0,0.0,1253,2.7000000001862645,3872.0690917969,10000.0
Ic,0,0.0,1253,2.7000000001862645,3872.0690917969,10000.0
II,0,0.0,1253,2.7000000001862645,3872.0690917969,10000.0
NotSN,0,0.0,1253,2.7000000001862645,3872.0690917969,10000.0
Ia,1,1.0,1688,10.700000000186265,3999.3898925781,8997.83789062486
Ib,0,0.0,1688,10.700000000186265,3999.3898925781,8997.83789062486
Ic,0,0.0,1688,10.700000000186265,3999.3898925781,8997.83789062486
II,0,0.0,1688,10.700000000186265,3999.3898925781,8997.83789062486
NotSN,0,0.0,1688,10.700000000186265,3999.3898925781,8997.83789062486
Ia,3,1.0,1794,12.399999999906868,3871.4831542969,8898.87011718755
Ib,0,0.0,1794,12.399999999906868,3871.4831542969,8898.87011718755
Ic,0,0.0,1794,12.399999999906868,3871.4831542969,8898.87011718755
II,0,0.0,1794,12.399999999906868,3871.4831542969,8898.87011718755
NotSN,0,0.0,1794,12.399999999906868,3871.4831542969,8898.87011718755
Ia,26,1.0,2031,-0.8999999999068677,3874.2746582031,8898.86425781246
Ib,0,0.0,2031,-0.8999999999068677,3874.2746582031,8898.86425781246
Ic,0,0.0,2031,-0.8999999999068677,3874.2746582031,8898.86425781246
II,0,0.0,2031,-0.8999999999068677,3874.2746582031,8898.86425781246
NotSN,0,0.0,2031,-0.8999999999068677,3874.2746582031,8898.86425781246
Ia,23,1.0,2165,6.7000000001862645,3998.9819335937,9001.00488281257
Ib,0,0.0,2165,6.7000000001862645,3998.9819335937,9001.00488281257
Ic,0,0.0,2165,6.7000000001862645,3998.9819335937,9001.00488281257
II,0,0.0,2165,6.7000000001862645,3998.9819335937,9001.00488281257
NotSN,0,0.0,2165,6.7000000001862645,3998.9819335937,9001.00488281257
Ia,2,1.0,2246,3.7999999998137355,3601.083984375,9600.12597656258
Ib,0,0.0,2246,3.7999999998137355,3601.083984375,9600.12597656258
Ic,0,0.0,2246,3.7999999998137355,3601.083984375,9600.12597656258
II,0,0.0,2246,3.7999999998137355,3601.083984375,9600.12597656258
NotSN,0,0.0,2246,3.7999999998137355,3601.083984375,9600.12597656258
Ia,2,1.0,2246,3.7999999998137355,3601.083984375,9600.12597656258
Ib,0,0.0,2246,3.7999999998137355,3601.083984375,9600.12597656258
Ic,0,0.0,2246,3.7999999998137355,3601.083984375,9600.12597656258
II,0,0.0,2246,3.7999999998137355,3601.083984375,9600.12597656258
NotSN,0,0.0,2246,3.7999999998137355,3601.083984375,9600.12597656258
Ia,10,1.0,2308,6.5,3873.3854980469,8898.46972656253
Ib,0,0.0,2308,6.5,3873.3854980469,8898.46972656253
Ic,0,0.0,2308,6.5,3873.3854980469,8898.46972656253
II,0,0.0,2308,6.5,3873.3854980469,8898.46972656253
NotSN,0,0.0,2308,6.5,3873.3854980469,8898.46972656253
Ia,15,1.0,2330,5.600000000093132,3999.1389160156,8997.98828125014
Ib,0,0.0,2330,5.600000000093132,3999.1389160156,8997.98828125014
Ic,0,0.0,2330,5.600000000093132,3999.1389160156,8997.98828125014
II,0,0.0,2330,5.600000000093132,3999.1389160156,8997.98828125014
NotSN,0,0.0,2330,5.600000000093132,3999.1389160156,8997.98828125014
Ia,4,1.0,2372,0.20000000018626451,3601.076171875,9599.92382812503
Ib,0,0.0,2372,0.20000000018626451,3601.076171875,9599.92382812503
Ic,0,0.0,2372,0.20000000018626451,3601.076171875,9599.92382812503
II,0,0.0,2372,0.20000000018626451,3601.076171875,9599.92382812503
NotSN,0,0.0,2372,0.20000000018626451,3601.076171875,9599.92382812503
Ia,4,1.0,2372,0.20000000018626451,3601.076171875,9599.92382812503
Ib,0,0.0,2372,0.20000000018626451,3601.076171875,9599.92382812503
Ic,0,0.0,2372,0.20000000018626451,3601.076171875,9599.92382812503
II,0,0.0,2372,0.20000000018626451,3601.076171875,9599.92382812503
NotSN,0,0.0,2372,0.20000000018626451,3601.076171875,9599.92382812503
Ia,23,1.0,2422,1.6000000000931323,3998.9060058594,8999.87890624991
Ib,0,0.0,2422,1.6000000000931323,3998.9060058594,8999.87890624991
Ic,0,0.0,2422,1.6000000000931323,3998.9060058594,8999.87890624991
II,0,0.0,2422,1.6000000000931323,3998.9060058594,8999.87890624991
NotSN,0,0.0,2422,1.6000000000931323,3998.9060058594,8999.87890624991
Ia,5,1.0,2440,3.1000000000931323,3878.6782226562,8906.12597656246
Ib,0,0.0,2440,3.1000000000931323,3878.6782226562,8906.12597656246
Ic,0,0.0,2440,3.1000000000931323,3878.6782226562,8906.12597656246
II,0,0.0,2440,3.1000000000931323,3878.6782226562,8906.12597656246
NotSN,0,0.0,2440,3.1000000000931323,3878.6782226562,8906.12597656246
Ia,1,1.0,2635,-2.2999999998137355,3871.734375,8900.09277343749
Ib,0,0.0,2635,-2.2999999998137355,3871.734375,8900.09277343749
Ic,0,0.0,2635,-2.2999999998137355,3871.734375,8900.09277343749
II,0,0.0,2635,-2.2999999998137355,3871.734375,8900.09277343749
NotSN,0,0.0,2635,-2.2999999998137355,3871.734375,8900.09277343749
Ia,1,1.0,2635,-2.2999999998137355,3871.734375,8900.09277343749
Ib,0,0.0,2635,-2.2999999998137355,3871.734375,8900.09277343749
Ic,0,0.0,2635,-2.2999999998137355,3871.734375,8900.09277343749
II,0,0.0,2635,-2.2999999998137355,3871.734375,8900.09277343749
NotSN,0,0.0,2635,-2.2999999998137355,3871.734375,8900.09277343749
Ia,10,1.0,2689,0.10000000009313226,3873.2875976563,8908.63574218757
Ib,0,0.0,2689,0.10000000009313226,3873.2875976563,8908.63574218757
Ic,0,0.0,2689,0.10000000009313226,3873.2875976563,8908.63574218757
II,0,0.0,2689,0.10000000009313226,3873.2875976563,8908.63574218757
NotSN,0,0.0,2689,0.10000000009313226,3873.2875976563,8908.63574218757
Ia,43,1.0,2789,3.7999999998137355,3999.8630371094,9002.17382812499
Ib,0,0.0,2789,3.7999999998137355,3999.8630371094,9002.17382812499
Ic,0,0.0,2789,3.7999999998137355,3999.8630371094,9002.17382812499
II,0,0.0,2789,3.7999999998137355,3999.8630371094,9002.17382812499
NotSN,0,0.0,2789,3.7999999998137355,3999.8630371094,9002.17382812499
Ia,1,1.0,2992,8.799999999813735,3602.42249175903,9598.08959535433
Ib,0,0.0,2992,8.799999999813735,3602.42249175903,9598.08959535433
Ic,0,0.0,2992,8.799999999813735,3602.42249175903,9598.08959535433
II,0,0.0,2992,8.799999999813735,3602.42249175903,9598.08959535433
NotSN,0,0.0,2992,8.799999999813735,3602.42249175903,9598.08959535433
Ia,1,1.0,2992,8.799999999813735,3602.42249175903,9598.08959535433
Ib,0,0.0,2992,8.799999999813735,3602.42249175903,9598.08959535433
Ic,0,0.0,2992,8.799999999813735,3602.42249175903,9598.08959535433
II,0,0.0,2992,8.799999999813735,3602.42249175903,9598.08959535433
NotSN,0,0.0,2992,8.799999999813735,3602.42249175903,9598.08959535433
Ia,9,1.0,3080,-8.600000000093132,3600.0,9596.41802492858
Ib,0,0.0,3080,-8.600000000093132,3600.0,9596.41802492858
Ic,0,0.0,3080,-8.600000000093132,3600.0,9596.41802492858
II,0,0.0,3080,-8.600000000093132,3600.0,9596.41802492858
NotSN,0,0.0,3080,-8.600000000093132,3600.0,9596.41802492858
Ia,9,1.0,3080,-8.600000000093132,3600.0,9596.41802492858
Ib,0,0.0,3080,-8.600000000093132,3600.0,9596.41802492858
Ic,0,0.0,3080,-8.600000000093132,3600.0,9596.41802492858
II,0,0.0,3080,-8.600000000093132,3600.0,9596.41802492858
NotSN,0,0.0,3080,-8.600000000093132,3600.0,9596.41802492858
Ia,9,1.0,3080,-8.600000000093132,3600.0,9596.41802492858
Ib,0,0.0,3080,-8.600000000093132,3600.0,9596.41802492858
Ic,0,0.0,3080,-8.600000000093132,3600.0,9596.41802492858
II,0,0.0,3080,-8.600000000093132,3600.0,9596.41802492858
NotSN,0,0.0,3080,-8.600000000093132,3600.0,9596.41802492858
Ia,20,1.0,3087,-2.8999999999068677,3850.6422664587,7309.01603333887
Ib,0,0.0,3087,-2.8999999999068677,3850.6422664587,7309.01603333887
Ic,0,0.0,3087,-2.8999999999068677,3850.6422664587,7309.01603333887
II,0,0.0,3087,-2.8999999999068677,3850.6422664587,7309.01603333887
NotSN,0,0.0,3087,-2.8999999999068677,3850.6422664587,7309.01603333887
Ia,15,1.0,3317,-6.399999999906868,3602.42318532783,9599.80687170387
Ib,0,0.0,3317,-6.399999999906868,3602.42318532783,9599.80687170387
Ic,0,0.0,3317,-6.399999999906868,3602.42318532783,9599.80687170387
II,0,0.0,3317,-6.399999999906868,3602.42318532783,9599.80687170387
NotSN,0,0.0,3317,-6.399999999906868,3602.42318532783,9599.80687170387
Ia,5,1.0,3377,9.200000000186265,4250.0,10000.0
Ib,0,0.0,3377,9.200000000186265,4250.0,10000.0
Ic,0,0.0,3377,9.200000000186265,4250.0,10000.0
II,0,0.0,3377,9.200000000186265,4250.0,10000.0
NotSN,0,0.0,3377,9.200000000186265,4250.0,10000.0
Ia,2,1.0,3451,-5.100000000093132,3999.6508789063,9000.19628906249
Ib,0,0.0,3451,-5.100000000093132,3999.6508789063,9000.19628906249
Ic,0,0.0,3451,-5.100000000093132,3999.6508789063,9000.19628906249
II,0,0.0,3451,-5.100000000093132,3999.6508789063,9000.19628906249
NotSN,0,0.0,3451,-5.100000000093132,3999.6508789063,9000.19628906249
Ia,2,1.0,3901,6.2000000001862645,3879.0828629992,7336.97774371259
Ib,0,0.0,3901,6.2000000001862645,3879.0828629992,7336.97774371259
Ic,0,0.0,3901,6.2000000001862645,3879.0828629992,7336.97774371259
II,0,0.0,3901,6.2000000001862645,3879.0828629992,7336.97774371259
NotSN,0,0.0,3901,6.2000000001862645,3879.0828629992,7336.97774371259
Ia,2,1.0,3901,6.2000000001862645,3879.0828629992,7336.97774371259
Ib,0,0.0,3901,6.2000000001862645,3879.0828629992,7336.97774371259
Ic,0,0.0,3901,6.2000000001862645,3879.0828629992,7336.97774371259
II,0,0.0,3901,6.2000000001862645,3879.0828629992,7336.97774371259
NotSN,0,0.0,3901,6.2000000001862645,3879.0828629992,7336.97774371259
Ia,3,1.0,5391,10.299999999813735,3999.5979003906,9002.42187499996
Ib,0,0.0,5391,10.299999999813735,3999.5979003906,9002.42187499996
Ic,0,0.0,5391,10.299999999813735,3999.5979003906,9002.42187499996
II,0,0.0,5391,10.299999999813735,3999.5979003906,9002.42187499996
NotSN,0,0.0,5391,10.299999999813735,3999.5979003906,9002.42187499996
Ia,19,1.0,5395,2.1000000000931323,3880.1533965324,7339.52854684175
Ib,0,0.0,5395,2.1000000000931323,3880.1533965324,7339.52854684175
Ic,0,0.0,5395,2.1000000000931323,3880.1533965324,7339.52854684175
II,0,0.0,5395,2.1000000000931323,3880.1533965324,7339.52854684175
NotSN,0,0.0,5395,2.1000000000931323,3880.1533965324,7339.52854684175
Ia,14,1.0,5533,1.5,3999.1950683594,8999.73730468762
Ib,0,0.0,5533,1.5,3999.1950683594,8999.73730468762
Ic,0,0.0,5533,1.5,3999.1950683594,8999.73730468762
II,0,0.0,5533,1.5,3999.1950683594,8999.73730468762
NotSN,0,0.0,5533,1.5,3999.1950683594,8999.73730468762
Ia,1,1.0,5549,-1.1000000000931323,3884.2151964973,7342.1943230743
Ib,0,0.0,5549,-1.1000000000931323,3884.2151964973,7342.1943230743
Ic,0,0.0,5549,-1.1000000000931323,3884.2151964973,7342.1943230743
II,0,0.0,5549,-1.1000000000931323,3884.2151964973,7342.1943230743
NotSN,0,0.0,5549,-1.1000000000931323,3884.2151964973,7342.1943230743
Ia,3,1.0,5550,-4.2999999998137355,3879.267578125,8902.68261718752
Ib,0,0.0,5550,-4.2999999998137355,3879.267578125,8902.68261718752
Ic,0,0.0,5550,-4.2999999998137355,3879.267578125,8902.68261718752
II,0,0.0,5550,-4.2999999998137355,3879.267578125,8902.68261718752
NotSN,0,0.0,5550,-4.2999999998137355,3879.267578125,8902.68261718752
Ia,21,1.0,5717,5.7999999998137355,3999.830078125,9000.83886718751
Ib,0,0.0,5717,5.7999999998137355,3999.830078125,9000.83886718751
Ic,0,0.0,5717,5.7999999998137355,3999.830078125,9000.83886718751
II,0,0.0,5717,5.7999999998137355,3999.830078125,9000.83886718751
NotSN,0,0.0,5717,5.7999999998137355,3999.830078125,9000.83886718751
Ia,1,1.0,5736,13.200000000186265,4250.0,9999.99999999999
Ib,0,0.0,5736,13.200000000186265,4250.0,9999.99999999999
Ic,0,0.0,5736,13.200000000186265,4250.0,9999.99999999999
II,0,0.0,5736,13.200000000186265,4250.0,9999.99999999999
NotSN,0,0.0,5736,13.200000000186265,4250.0,9999.99999999999
Ia,4,1.0,5737,5.2000000001862645,3999.4541015625,9000.1962890625
Ib,0,0.0,5737,5.2000000001862645,3999.4541015625,9000.1962890625
Ic,0,0.0,5737,5.2000000001862645,3999.4541015625,9000.1962890625
II,0,0.0,5737,5.2000000001862645,3999.4541015625,9000.1962890625
NotSN,0,0.0,5737,5.2000000001862645,3999.4541015625,9000.1962890625
Ia,16,1.0,5844,5.5,3998.669921875,8998.76171874993
Ib,0,0.0,5844,5.5,3998.669921875,8998.76171874993
Ic,0,0.0,5844,5.5,3998.669921875,8998.76171874993
II,0,0.0,5844,5.5,3998.669921875,8998.76171874993
NotSN,0,0.0,5844,5.5,3998.669921875,8998.76171874993
Ia,64,1.0,5944,-2.7999999998137355,3884.1216709796,7342.08553081783
Ib,0,0.0,5944,-2.7999999998137355,3884.1216709796,7342.08553081783
Ic,0,0.0,5944,-2.7999999998137355,3884.1216709796,7342.08553081783
II,0,0.0,5944,-2.7999999998137355,3884.1216709796,7342.08553081783
NotSN,0,0.0,5944,-2.7999999998137355,3884.1216709796,7342.08553081783
Ia,64,1.0,5944,-2.7999999998137355,3884.1216709796,7342.08553081783
Ib,0,0.0,5944,-2.7999999998137355,3884.1216709796,7342.08553081783
Ic,0,0.0,5944,-2.7999999998137355,3884.1216709796,7342.08553081783
II,0,0.0,5944,-2.7999999998137355,3884.1216709796,7342.08553081783
NotSN,0,0.0,5944,-2.7999999998137355,3884.1216709796,7342.08553081783
Ia,64,1.0,5944,-2.7999999998137355,3884.1216709796,7342.08553081783
Ib,0,0.0,5944,-2.7999999998137355,3884.1216709796,7342.08553081783
Ic,0,0.0,5944,-2.7999999998137355,3884.1216709796,7342.08553081783
II,0,0.0,5944,-2.7999999998137355,3884.1216709796,7342.08553081783
NotSN,0,0.0,5944,-2.7999999998137355,3884.1216709796,7342.08553081783
Ia,29,1.0,5957,2.2000000001862645,3999.49609375,8999.7255859375
Ib,0,0.0,5957,2.2000000001862645,3999.49609375,8999.7255859375
Ic,0,0.0,5957,2.2000000001862645,3999.49609375,8999.7255859375
II,0,0.0,5957,2.2000000001862645,3999.49609375,8999.7255859375
NotSN,0,0.0,5957,2.2000000001862645,3999.49609375,8999.7255859375
Ia,12,1.0,6057,2.3999999999068677,3880.9064498906,7339.00904485901
Ib,0,0.0,6057,2.3999999999068677,3880.9064498906,7339.00904485901
Ic,0,0.0,6057,2.3999999999068677,3880.9064498906,7339.00904485901
II,0,0.0,6057,2.3999999999068677,3880.9064498906,7339.00904485901
NotSN,0,0.0,6057,2.3999999999068677,3880.9064498906,7339.00904485901
Ia,12,1.0,6057,2.3999999999068677,3880.9064498906,7339.00904485901
Ib,0,0.0,6057,2.3999999999068677,3880.9064498906,7339.00904485901
Ic,0,0.0,6057,2.3999999999068677,3880.9064498906,7339.00904485901
II,0,0.0,6057,2.3999999999068677,3880.9064498906,7339.00904485901
NotSN,0,0.0,6057,2.3999999999068677,3880.9064498906,7339.00904485901
Ia,1,1.0,6192,6.100000000093132,4250.0,9999.99999999999
Ib,0,0.0,6192,6.100000000093132,4250.0,9999.99999999999
Ic,0,0.0,6192,6.100000000093132,4250.0,9999.99999999999
II,0,0.0,6192,6.100000000093132,4250.0,9999.99999999999
NotSN,0,0.0,6192,6.100000000093132,4250.0,9999.99999999999
Ia,12,1.0,6196,0.5,3999.669921875,8998.04003906262
Ib,0,0.0,6196,0.5,3999.669921875,8998.04003906262
Ic,0,0.0,6196,0.5,3999.669921875,8998.04003906262
II,0,0.0,6196,0.5,3999.669921875,8998.04003906262
NotSN,0,0.0,6196,0.5,3999.669921875,8998.04003906262
Ia,49,1.0,6249,-4.5,3999.2490234375,9002.95605468741
Ib,0,0.0,6249,-4.5,3999.2490234375,9002.95605468741
Ic,0,0.0,6249,-4.5,3999.2490234375,9002.95605468741
II,0,0.0,6249,-4.5,3999.2490234375,9002.95605468741
NotSN,0,0.0,6249,-4.5,3999.2490234375,9002.95605468741
Ia,35,1.0,6304,5.899999999906868,3282.0,9240.0
Ib,0,0.0,6304,5.899999999906868,3282.0,9240.0
Ic,0,0.0,6304,5.899999999906868,3282.0,9240.0
II,0,0.0,6304,5.899999999906868,3282.0,9240.0
NotSN,0,0.0,6304,5.899999999906868,3282.0,9240.0
Ia,6,1.0,6315,-1.6000000000931323,3440.0,9999.99999999999
Ib,0,0.0,6315,-1.6000000000931323,3440.0,9999.99999999999
Ic,0,0.0,6315,-1.6000000000931323,3440.0,9999.99999999999
II,0,0.0,6315,-1.6000000000931323,3440.0,9999.99999999999
NotSN,0,0.0,6315,-1.6000000000931323,3440.0,9999.99999999999
Ia,6,1.0,6315,-1.6000000000931323,3440.0,9999.99999999999
Ib,0,0.0,6315,-1.6000000000931323,3440.0,9999.99999999999
Ic,0,0.0,6315,-1.6000000000931323,3440.0,9999.99999999999
II,0,0.0,6315,-1.6000000000931323,3440.0,9999.99999999999
NotSN,0,0.0,6315,-1.6000000000931323,3440.0,9999.99999999999
Ia,5,1.0,6649,-2.7999999998137355,3324.0,9999.99999999999
Ib,0,0.0,6649,-2.7999999998137355,3324.0,9999.99999999999
Ic,0,0.0,6649,-2.7999999998137355,3324.0,9999.99999999999
II,0,0.0,6649,-2.7999999998137355,3324.0,9999.99999999999
NotSN,0,0.0,6649,-2.7999999998137355,3324.0,9999.99999999999
Ia,5,1.0,6649,-2.7999999998137355,3324.0,9999.99999999999
Ib,0,0.0,6649,-2.7999999998137355,3324.0,9999.99999999999
Ic,0,0.0,6649,-2.7999999998137355,3324.0,9999.99999999999
II,0,0.0,6649,-2.7999999998137355,3324.0,9999.99999999999
NotSN,0,0.0,6649,-2.7999999998137355,3324.0,9999.99999999999
Ia,25,1.0,6699,-4.2999999998137355,3460.0,9240.0
Ib,0,0.0,6699,-4.2999999998137355,3460.0,9240.0
Ic,0,0.0,6699,-4.2999999998137355,3460.0,9240.0
II,0,0.0,6699,-4.2999999998137355,3460.0,9240.0
NotSN,0,0.0,6699,-4.2999999998137355,3460.0,9240.0
Ia,25,1.0,6699,-4.2999999998137355,3460.0,9240.0
Ib,0,0.0,6699,-4.2999999998137355,3460.0,9240.0
Ic,0,0.0,6699,-4.2999999998137355,3460.0,9240.0
II,0,0.0,6699,-4.2999999998137355,3460.0,9240.0
NotSN,0,0.0,6699,-4.2999999998137355,3460.0,9240.0
Ia,38,1.0,6933,-0.7999999998137355,3324.0,9596.51902080838
Ib,0,0.0,6933,-0.7999999998137355,3324.0,9596.51902080838
Ic,0,0.0,6933,-0.7999999998137355,3324.0,9596.51902080838
II,0,0.0,6933,-0.7999999998137355,3324.0,9596.51902080838
NotSN,0,0.0,6933,-0.7999999998137355,3324.0,9596.51902080838
Ia,38,1.0,6933,-0.7999999998137355,3324.0,9596.51902080838
Ib,0,0.0,6933,-0.7999999998137355,3324.0,9596.51902080838
Ic,0,0.0,6933,-0.7999999998137355,3324.0,9596.51902080838
II,0,0.0,6933,-0.7999999998137355,3324.0,9596.51902080838
NotSN,0,0.0,6933,-0.7999999998137355,3324.0,9596.51902080838
Ia,21,1.0,6936,-1.6000000000931323,3234.0,9240.0
Ib,0,0.0,6936,-1.6000000000931323,3234.0,9240.0
Ic,0,0.0,6936,-1.6000000000931323,3234.0,9240.0
II,0,0.0,6936,-1.6000000000931323,3234.0,9240.0
NotSN,0,0.0,6936,-1.6000000000931323,3234.0,9240.0
Ia,1,1.0,7143,-2.7999999998137355,4250.0,9999.99999999999
Ib,0,0.0,7143,-2.7999999998137355,4250.0,9999.99999999999
Ic,0,0.0,7143,-2.7999999998137355,4250.0,9999.99999999999
II,0,0.0,7143,-2.7999999998137355,4250.0,9999.99999999999
NotSN,0,0.0,7143,-2.7999999998137355,4250.0,9999.99999999999
Ia,1,1.0,7147,-2.7000000001862645,3268.0,9240.0
Ib,0,0.0,7147,-2.7000000001862645,3268.0,9240.0
Ic,0,0.0,7147,-2.7000000001862645,3268.0,9240.0
II,0,0.0,7147,-2.7000000001862645,3268.0,9240.0
NotSN,0,0.0,7147,-2.7000000001862645,3268.0,9240.0
Ia,1,1.0,7147,-2.7000000001862645,3268.0,9240.0
Ib,0,0.0,7147,-2.7000000001862645,3268.0,9240.0
Ic,0,0.0,7147,-2.7000000001862645,3268.0,9240.0
II,0,0.0,7147,-2.7000000001862645,3268.0,9240.0
NotSN,0,0.0,7147,-2.7000000001862645,3268.0,9240.0
Ia,30,1.0,7243,-7.2999999998137355,3352.0,9240.0
Ib,0,0.0,7243,-7.2999999998137355,3352.0,9240.0
Ic,0,0.0,7243,-7.2999999998137355,3352.0,9240.0
II,0,0.0,7243,-7.2999999998137355,3352.0,9240.0
NotSN,0,0.0,7243,-7.2999999998137355,3352.0,9240.0
Ia,38,1.0,7473,-1.6000000000931323,3484.0,9240.0
Ib,0,0.0,7473,-1.6000000000931323,3484.0,9240.0
Ic,0,0.0,7473,-1.6000000000931323,3484.0,9240.0
II,0,0.0,7473,-1.6000000000931323,3484.0,9240.0
NotSN,0,0.0,7473,-1.6000000000931323,3484.0,9240.0
Ia,38,1.0,7473,-1.6000000000931323,3484.0,9240.0
Ib,0,0.0,7473,-1.6000000000931323,3484.0,9240.0
Ic,0,0.0,7473,-1.6000000000931323,3484.0,9240.0
II,0,0.0,7473,-1.6000000000931323,3484.0,9240.0
NotSN,0,0.0,7473,-1.6000000000931323,3484.0,9240.0
Ia,6,1.0,7475,2.7000000001862645,3310.0,9999.99999999999
Ib,0,0.0,7475,2.7000000001862645,3310.0,9999.99999999999
Ic,0,0.0,7475,2.7000000001862645,3310.0,9999.99999999999
II,0,0.0,7475,2.7000000001862645,3310.0,9999.99999999999
NotSN,0,0.0,7475,2.7000000001862645,3310.0,9999.99999999999
Ia,6,1.0,7475,2.7000000001862645,3310.0,9999.99999999999
Ib,0,0.0,7475,2.7000000001862645,3310.0,9999.99999999999
Ic,0,0.0,7475,2.7000000001862645,3310.0,9999.99999999999
II,0,0.0,7475,2.7000000001862645,3310.0,9999.99999999999
NotSN,0,0.0,7475,2.7000000001862645,3310.0,9999.99999999999
Ia,6,1.0,7512,-3.5,3438.0,9240.0
Ib,0,0.0,7512,-3.5,3438.0,9240.0
Ic,0,0.0,7512,-3.5,3438.0,9240.0
II,0,0.0,7512,-3.5,3438.0,9240.0
NotSN,0,0.0,7512,-3.5,3438.0,9240.0
Ia,1,1.0,7847,-3.1000000000931323,3282.0,9240.0
Ib,0,0.0,7847,-3.1000000000931323,3282.0,9240.0
Ic,0,0.0,7847,-3.1000000000931323,3282.0,9240.0
II,0,0.0,7847,-3.1000000000931323,3282.0,9240.0
NotSN,0,0.0,7847,-3.1000000000931323,3282.0,9240.0
Ia,2,1.0,8046,-5.399999999906868,4250.0,9999.99999999999
Ib,0,0.0,8046,-5.399999999906868,4250.0,9999.99999999999
Ic,0,0.0,8046,-5.399999999906868,4250.0,9999.99999999999
II,0,0.0,8046,-5.399999999906868,4250.0,9999.99999999999
NotSN,0,0.0,8046,-5.399999999906868,4250.0,9999.99999999999
Ia,1,1.0,8921,5.2999999998137355,3600.0,9595.54675484643
Ib,0,0.0,8921,5.2999999998137355,3600.0,9595.54675484643
Ic,0,0.0,8921,5.2999999998137355,3600.0,9595.54675484643
II,0,0.0,8921,5.2999999998137355,3600.0,9595.54675484643
NotSN,0,0.0,8921,5.2999999998137355,3600.0,9595.54675484643
Ia,24,1.0,9032,11.200000000186265,3999.1721191406,8997.65917968739
Ib,0,0.0,9032,11.200000000186265,3999.1721191406,8997.65917968739
Ic,0,0.0,9032,11.200000000186265,3999.1721191406,8997.65917968739
II,0,0.0,9032,11.200000000186265,3999.1721191406,8997.65917968739
NotSN,0,0.0,9032,11.200000000186265,3999.1721191406,8997.65917968739
Ia,5,1.0,9207,12.700000000186265,3998.6999511719,9002.49218750002
Ib,0,0.0,9207,12.700000000186265,3998.6999511719,9002.49218750002
Ic,0,0.0,9207,12.700000000186265,3998.6999511719,9002.49218750002
II,0,0.0,9207,12.700000000186265,3998.6999511719,9002.49218750002
NotSN,0,0.0,9207,12.700000000186265,3998.6999511719,9002.49218750002
Ia,45,1.0,10434,1.5,3602.42106033231,9599.38750347286
Ib,0,0.0,10434,1.5,3602.42106033231,9599.38750347286
Ic,0,0.0,10434,1.5,3602.42106033231,9599.38750347286
II,0,0.0,10434,1.5,3602.42106033231,9599.38750347286
NotSN,0,0.0,10434,1.5,3602.42106033231,9599.38750347286
Ia,9,1.0,10449,2.7999999998137355,3999.0869140625,8996.33203125014
Ib,0,0.0,10449,2.7999999998137355,3999.0869140625,8996.33203125014
Ic,0,0.0,10449,2.7999999998137355,3999.0869140625,8996.33203125014
II,0,0.0,10449,2.7999999998137355,3999.0869140625,8996.33203125014
NotSN,0,0.0,10449,2.7999999998137355,3999.0869140625,8996.33203125014
Ia,9,1.0,10550,9.399999999906868,3999.5439453125,8999.68457031252
Ib,0,0.0,10550,9.399999999906868,3999.5439453125,8999.68457031252
Ic,0,0.0,10550,9.399999999906868,3999.5439453125,8999.68457031252
II,0,0.0,10550,9.399999999906868,3999.5439453125,8999.68457031252
NotSN,0,0.0,10550,9.399999999906868,3999.5439453125,8999.68457031252
Ia,17,1.0,10805,2.1000000000931323,3882.8655590863,7341.41724931217
Ib,0,0.0,10805,2.1000000000931323,3882.8655590863,7341.41724931217
Ic,0,0.0,10805,2.1000000000931323,3882.8655590863,7341.41724931217
II,0,0.0,10805,2.1000000000931323,3882.8655590863,7341.41724931217
NotSN,0,0.0,10805,2.1000000000931323,3882.8655590863,7341.41724931217
Ia,0,0.0,12843,8.899999999906868,3616.91214777122,9722.47668736883
Ib,0,0.0,12843,8.899999999906868,3616.91214777122,9722.47668736883
Ic,1,1.0,12843,8.899999999906868,3616.91214777122,9722.47668736883
II,0,0.0,12843,8.899999999906868,3616.91214777122,9722.47668736883
NotSN,0,0.0,12843,8.899999999906868,3616.91214777122,9722.47668736883
Ia,0,0.0,12843,8.899999999906868,3616.91214777122,9722.47668736883
Ib,0,0.0,12843,8.899999999906868,3616.91214777122,9722.47668736883
Ic,1,1.0,12843,8.899999999906868,3616.91214777122,9722.47668736883
II,0,0.0,12843,8.899999999906868,3616.91214777122,9722.47668736883
NotSN,0,0.0,12843,8.899999999906868,3616.91214777122,9722.47668736883
Ia,5,0.8333333333333334,12853,11.700000000186265,3617.856601156,9720.56257188999
Ib,1,0.16666666666666666,12853,11.700000000186265,3617.856601156,9720.56257188999
Ic,0,0.0,12853,11.700000000186265,3617.856601156,9720.56257188999
II,0,0.0,12853,11.700000000186265,3617.856601156,9720.56257188999
NotSN,0,0.0,12853,11.700000000186265,3617.856601156,9720.56257188999
Ia,5,1.0,12930,11.299999999813735,3617.16093420764,9720.60200956866
Ib,0,0.0,12930,11.299999999813735,3617.16093420764,9720.60200956866
Ic,0,0.0,12930,11.299999999813735,3617.16093420764,9720.60200956866
II,0,0.0,12930,11.299999999813735,3617.16093420764,9720.60200956866
NotSN,0,0.0,12930,11.299999999813735,3617.16093420764,9720.60200956866
Ia,14,1.0,12972,13.899999999906868,3599.5161132812,8996.08789062479
Ib,0,0.0,12972,13.899999999906868,3599.5161132812,8996.08789062479
Ic,0,0.0,12972,13.899999999906868,3599.5161132812,8996.08789062479
II,0,0.0,12972,13.899999999906868,3599.5161132812,8996.08789062479
NotSN,0,0.0,12972,13.899999999906868,3599.5161132812,8996.08789062479
Ia,39,1.0,12977,0.8999999999068677,3598.6311035156,8996.02343749989
Ib,0,0.0,12977,0.8999999999068677,3598.6311035156,8996.02343749989
Ic,0,0.0,12977,0.8999999999068677,3598.6311035156,8996.02343749989
II,0,0.0,12977,0.8999999999068677,3598.6311035156,8996.02343749989
NotSN,0,0.0,12977,0.8999999999068677,3598.6311035156,8996.02343749989
Ia,19,1.0,13025,4.399999999906868,3599.080078125,9722.29681505308
Ib,0,0.0,13025,4.399999999906868,3599.080078125,9722.29681505308
Ic,0,0.0,13025,4.399999999906868,3599.080078125,9722.29681505308
II,0,0.0,13025,4.399999999906868,3599.080078125,9722.29681505308
NotSN,0,0.0,13025,4.399999999906868,3599.080078125,9722.29681505308
Ia,19,1.0,13025,4.399999999906868,3599.080078125,9722.29681505308
Ib,0,0.0,13025,4.399999999906868,3599.080078125,9722.29681505308
Ic,0,0.0,13025,4.399999999906868,3599.080078125,9722.29681505308
II,0,0.0,13025,4.399999999906868,3599.080078125,9722.29681505308
NotSN,0,0.0,13025,4.399999999906868,3599.080078125,9722.29681505308
Ia,2,1.0,13038,6.5,4366.1794057441,7434.9074924032
Ib,0,0.0,13038,6.5,4366.1794057441,7434.9074924032
Ic,0,0.0,13038,6.5,4366.1794057441,7434.9074924032
II,0,0.0,13038,6.5,4366.1794057441,7434.9074924032
NotSN,0,0.0,13038,6.5,4366.1794057441,7434.9074924032
Ia,3,1.0,13072,5.100000000093132,3617.01367129439,9722.45822025077
Ib,0,0.0,13072,5.100000000093132,3617.01367129439,9722.45822025077
Ic,0,0.0,13072,5.100000000093132,3617.01367129439,9722.45822025077
II,0,0.0,13072,5.100000000093132,3617.01367129439,9722.45822025077
NotSN,0,0.0,13072,5.100000000093132,3617.01367129439,9722.45822025077
Ia,80,1.0,13099,-0.7000000001862645,3599.7080078125,9000.08007812516
Ib,0,0.0,13099,-0.7000000001862645,3599.7080078125,9000.08007812516
Ic,0,0.0,13099,-0.7000000001862645,3599.7080078125,9000.08007812516
II,0,0.0,13099,-0.7000000001862645,3599.7080078125,9000.08007812516
NotSN,0,0.0,13099,-0.7000000001862645,3599.7080078125,9000.08007812516
Ia,1,1.0,13305,-1.8999999999068677,4250.0,10000.0
Ib,0,0.0,13305,-1.8999999999068677,4250.0,10000.0
Ic,0,0.0,13305,-1.8999999999068677,4250.0,10000.0
II,0,0.0,13305,-1.8999999999068677,4250.0,10000.0
NotSN,0,0.0,13305,-1.8999999999068677,4250.0,10000.0
Ia,1,1.0,13370,12.0,4250.0,9999.99999999999
Ib,0,0.0,13370,12.0,4250.0,9999.99999999999
Ic,0,0.0,13370,12.0,4250.0,9999.99999999999
II,0,0.0,13370,12.0,4250.0,9999.99999999999
NotSN,0,0.0,13370,12.0,4250.0,9999.99999999999
Ia,3,1.0,13511,0.6000000000931323,4000.0,9999.99999999996
Ib,0,0.0,13511,0.6000000000931323,4000.0,9999.99999999996
Ic,0,0.0,13511,0.6000000000931323,4000.0,9999.99999999996
II,0,0.0,13511,0.6000000000931323,4000.0,9999.99999999996
NotSN,0,0.0,13511,0.6000000000931323,4000.0,9999.99999999996
Ia,5,1.0,13689,4.899999999906868,3530.8798364792,8435.01906532309
Ib,0,0.0,13689,4.899999999906868,3530.8798364792,8435.01906532309
Ic,0,0.0,13689,4.899999999906868,3530.8798364792,8435.01906532309
II,0,0.0,13689,4.899999999906868,3530.8798364792,8435.01906532309
NotSN,0,0.0,13689,4.899999999906868,3530.8798364792,8435.01906532309
Ia,1,1.0,13757,11.100000000093132,4000.0,9999.99999999999
Ib,0,0.0,13757,11.100000000093132,4000.0,9999.99999999999
Ic,0,0.0,13757,11.100000000093132,4000.0,9999.99999999999
II,0,0.0,13757,11.100000000093132,4000.0,9999.99999999999
NotSN,0,0.0,13757,11.100000000093132,4000.0,9999.99999999999
Ia,3,1.0,14024,-5.2999999998137355,3530.5287052667,8434.6258328426
Ib,0,0.0,14024,-5.2999999998137355,3530.5287052667,8434.6258328426
Ic,0,0.0,14024,-5.2999999998137355,3530.5287052667,8434.6258328426
II,0,0.0,14024,-5.2999999998137355,3530.5287052667,8434.6258328426
NotSN,0,0.0,14024,-5.2999999998137355,3530.5287052667,8434.6258328426
Ia,8,1.0,14108,-1.2000000001862645,3600.0,9596.67971245488
Ib,0,0.0,14108,-1.2000000001862645,3600.0,9596.67971245488
Ic,0,0.0,14108,-1.2000000001862645,3600.0,9596.67971245488
II,0,0.0,14108,-1.2000000001862645,3600.0,9596.67971245488
NotSN,0,0.0,14108,-1.2000000001862645,3600.0,9596.67971245488
Ia,0,0.0,14157,11.200000000186265,3616.43455424248,9720.23781374085
Ib,0,0.0,14157,11.200000000186265,3616.43455424248,9720.23781374085
Ic,1,1.0,14157,11.200000000186265,3616.43455424248,9720.23781374085
II,0,0.0,14157,11.200000000186265,3616.43455424248,9720.23781374085
NotSN,0,0.0,14157,11.200000000186265,3616.43455424248,9720.23781374085
Ia,27,1.0,14261,4.2000000001862645,3599.3469238281,8997.70117187505
Ib,0,0.0,14261,4.2000000001862645,3599.3469238281,8997.70117187505
Ic,0,0.0,14261,4.2000000001862645,3599.3469238281,8997.70117187505
II,0,0.0,14261,4.2000000001862645,3599.3469238281,8997.70117187505
NotSN,0,0.0,14261,4.2000000001862645,3599.3469238281,8997.70117187505
Ia,11,1.0,14279,-13.0,3601.82521642109,9599.14704391769
Ib,0,0.0,14279,-13.0,3601.82521642109,9599.14704391769
Ic,0,0.0,14279,-13.0,3601.82521642109,9599.14704391769
II,0,0.0,14279,-13.0,3601.82521642109,9599.14704391769
NotSN,0,0.0,14279,-13.0,3601.82521642109,9599.14704391769
Ia,11,1.0,14279,-13.0,3601.82521642109,9599.14704391769
Ib,0,0.0,14279,-13.0,3601.82521642109,9599.14704391769
Ic,0,0.0,14279,-13.0,3601.82521642109,9599.14704391769
II,0,0.0,14279,-13.0,3601.82521642109,9599.14704391769
NotSN,0,0.0,14279,-13.0,3601.82521642109,9599.14704391769
Ia,11,1.0,14279,-13.0,3601.82521642109,9599.14704391769
Ib,0,0.0,14279,-13.0,3601.82521642109,9599.14704391769
Ic,0,0.0,14279,-13.0,3601.82521642109,9599.14704391769
II,0,0.0,14279,-13.0,3601.82521642109,9599.14704391769
NotSN,0,0.0,14279,-13.0,3601.82521642109,9599.14704391769
Ia,11,1.0,14279,-13.0,3601.82521642109,9599.14704391769
Ib,0,0.0,14279,-13.0,3601.82521642109,9599.14704391769
Ic,0,0.0,14279,-13.0,3601.82521642109,9599.14704391769
II,0,0.0,14279,-13.0,3601.82521642109,9599.14704391769
NotSN,0,0.0,14279,-13.0,3601.82521642109,9599.14704391769
Ia,11,1.0,14279,-13.0,3601.82521642109,9599.14704391769
Ib,0,0.0,14279,-13.0,3601.82521642109,9599.14704391769
Ic,0,0.0,14279,-13.0,3601.82521642109,9599.14704391769
II,0,0.0,14279,-13.0,3601.82521642109,9599.14704391769
NotSN,0,0.0,14279,-13.0,3601.82521642109,9599.14704391769
Ia,11,1.0,14279,-13.0,3601.82521642109,9599.14704391769
Ib,0,0.0,14279,-13.0,3601.82521642109,9599.14704391769
Ic,0,0.0,14279,-13.0,3601.82521642109,9599.14704391769
II,0,0.0,14279,-13.0,3601.82521642109,9599.14704391769
NotSN,0,0.0,14279,-13.0,3601.82521642109,9599.14704391769
Ia,1,1.0,14437,0.20000000018626451,3600.0,9596.40356746748
Ib,0,0.0,14437,0.20000000018626451,3600.0,9596.40356746748
Ic,0,0.0,14437,0.20000000018626451,3600.0,9596.40356746748
II,0,0.0,14437,0.20000000018626451,3600.0,9596.40356746748
NotSN,0,0.0,14437,0.20000000018626451,3600.0,9596.40356746748
Ia,1,1.0,14437,0.20000000018626451,3600.0,9596.40356746748
Ib,0,0.0,14437,0.20000000018626451,3600.0,9596.40356746748
Ic,0,0.0,14437,0.20000000018626451,3600.0,9596.40356746748
II,0,0.0,14437,0.20000000018626451,3600.0,9596.40356746748
NotSN,0,0.0,14437,0.20000000018626451,3600.0,9596.40356746748
Ia,1,1.0,14451,11.200000000186265,3616.21728526845,9720.93784046976
Ib,0,0.0,14451,11.200000000186265,3616.21728526845,9720.93784046976
Ic,0,0.0,14451,11.200000000186265,3616.21728526845,9720.93784046976
II,0,0.0,14451,11.200000000186265,3616.21728526845,9720.93784046976
NotSN,0,0.0,14451,11.200000000186265,3616.21728526845,9720.93784046976
Ia,2,1.0,14456,4.399999999906868,3599.37890625,8998.97265624992
Ib,0,0.0,14456,4.399999999906868,3599.37890625,8998.97265624992
Ic,0,0.0,14456,4.399999999906868,3599.37890625,8998.97265624992
II,0,0.0,14456,4.399999999906868,3599.37890625,8998.97265624992
NotSN,0,0.0,14456,4.399999999906868,3599.37890625,8998.97265624992
Ia,1,1.0,14782,1.8999999999068677,3616.10111737555,9720.51552803776
Ib,0,0.0,14782,1.8999999999068677,3616.10111737555,9720.51552803776
Ic,0,0.0,14782,1.8999999999068677,3616.10111737555,9720.51552803776
II,0,0.0,14782,1.8999999999068677,3616.10111737555,9720.51552803776
NotSN,0,0.0,14782,1.8999999999068677,3616.10111737555,9720.51552803776
Ia,16,1.0,14846,-2.0,3615.98981053017,9720.92621618184
Ib,0,0.0,14846,-2.0,3615.98981053017,9720.92621618184
Ic,0,0.0,14846,-2.0,3615.98981053017,9720.92621618184
II,0,0.0,14846,-2.0,3615.98981053017,9720.92621618184
NotSN,0,0.0,14846,-2.0,3615.98981053017,9720.92621618184
Ia,1,1.0,14984,-0.7000000001862645,3616.48211968656,9720.43733839547
Ib,0,0.0,14984,-0.7000000001862645,3616.48211968656,9720.43733839547
Ic,0,0.0,14984,-0.7000000001862645,3616.48211968656,9720.43733839547
II,0,0.0,14984,-0.7000000001862645,3616.48211968656,9720.43733839547
NotSN,0,0.0,14984,-0.7000000001862645,3616.48211968656,9720.43733839547
Ia,5,1.0,15217,3.1000000000931323,3599.8120117187,8998.12890624984
Ib,0,0.0,15217,3.1000000000931323,3599.8120117187,8998.12890624984
Ic,0,0.0,15217,3.1000000000931323,3599.8120117187,8998.12890624984
II,0,0.0,15217,3.1000000000931323,3599.8120117187,8998.12890624984
NotSN,0,0.0,15217,3.1000000000931323,3599.8120117187,8998.12890624984
Ia,13,1.0,15219,-7.899999999906868,3599.7758789062,9002.86718749999
Ib,0,0.0,15219,-7.899999999906868,3599.7758789062,9002.86718749999
Ic,0,0.0,15219,-7.899999999906868,3599.7758789062,9002.86718749999
II,0,0.0,15219,-7.899999999906868,3599.7758789062,9002.86718749999
NotSN,0,0.0,15219,-7.899999999906868,3599.7758789062,9002.86718749999
Ia,18,1.0,15583,-2.0,3601.82608135232,9518.32966287626
Ib,0,0.0,15583,-2.0,3601.82608135232,9518.32966287626
Ic,0,0.0,15583,-2.0,3601.82608135232,9518.32966287626
II,0,0.0,15583,-2.0,3601.82608135232,9518.32966287626
NotSN,0,0.0,15583,-2.0,3601.82608135232,9518.32966287626
Ia,7,1.0,15674,14.700000000186265,4275.0,9999.99999999997
Ib,0,0.0,15674,14.700000000186265,4275.0,9999.99999999997
Ic,0,0.0,15674,14.700000000186265,4275.0,9999.99999999997
II,0,0.0,15674,14.700000000186265,4275.0,9999.99999999997
NotSN,0,0.0,15674,14.700000000186265,4275.0,9999.99999999997
Ia,13,1.0,16100,3.8999999999068677,4275.0,10000.0000000001
Ib,0,0.0,16100,3.8999999999068677,4275.0,10000.0000000001
Ic,0,0.0,16100,3.8999999999068677,4275.0,10000.0000000001
II,0,0.0,16100,3.8999999999068677,4275.0,10000.0000000001
NotSN,0,0.0,16100,3.8999999999068677,4275.0,10000.0000000001
Ia,5,1.0,16116,4.7999999998137355,3849.3283131848,7301.87035443135
Ib,0,0.0,16116,4.7999999998137355,3849.3283131848,7301.87035443135
Ic,0,0.0,16116,4.7999999998137355,3849.3283131848,7301.87035443135
II,0,0.0,16116,4.7999999998137355,3849.3283131848,7301.87035443135
NotSN,0,0.0,16116,4.7999999998137355,3849.3283131848,7301.87035443135
Ia,1,1.0,16185,4.0,3841.8283719408,7295.0965996306
Ib,0,0.0,16185,4.0,3841.8283719408,7295.0965996306
Ic,0,0.0,16185,4.0,3841.8283719408,7295.0965996306
II,0,0.0,16185,4.0,3841.8283719408,7295.0965996306
NotSN,0,0.0,16185,4.0,3841.8283719408,7295.0965996306
Ia,1,1.0,16259,4.600000000093132,3839.7356357941,7293.52055268852
Ib,0,0.0,16259,4.600000000093132,3839.7356357941,7293.52055268852
Ic,0,0.0,16259,4.600000000093132,3839.7356357941,7293.52055268852
II,0,0.0,16259,4.600000000093132,3839.7356357941,7293.52055268852
NotSN,0,0.0,16259,4.600000000093132,3839.7356357941,7293.52055268852
Ia,1,1.0,16473,1.1000000000931323,3614.30456969616,10000.0000000001
Ib,0,0.0,16473,1.1000000000931323,3614.30456969616,10000.0000000001
Ic,0,0.0,16473,1.1000000000931323,3614.30456969616,10000.0000000001
II,0,0.0,16473,1.1000000000931323,3614.30456969616,10000.0000000001
NotSN,0,0.0,16473,1.1000000000931323,3614.30456969616,10000.0000000001
Ia,1,1.0,16473,1.1000000000931323,3614.30456969616,10000.0000000001
Ib,0,0.0,16473,1.1000000000931323,3614.30456969616,10000.0000000001
Ic,0,0.0,16473,1.1000000000931323,3614.30456969616,10000.0000000001
II,0,0.0,16473,1.1000000000931323,3614.30456969616,10000.0000000001
NotSN,0,0.0,16473,1.1000000000931323,3614.30456969616,10000.0000000001
Ia,27,1.0,16482,1.8999999999068677,4275.0,10000.0000000001
Ib,0,0.0,16482,1.8999999999068677,4275.0,10000.0000000001
Ic,0,0.0,16482,1.8999999999068677,4275.0,10000.0000000001
II,0,0.0,16482,1.8999999999068677,4275.0,10000.0000000001
NotSN,0,0.0,16482,1.8999999999068677,4275.0,10000.0000000001
Ia,1,1.0,16578,4.899999999906868,3614.15428017856,9716.55188288075
Ib,0,0.0,16578,4.899999999906868,3614.15428017856,9716.55188288075
Ic,0,0.0,16578,4.899999999906868,3614.15428017856,9716.55188288075
II,0,0.0,16578,4.899999999906868,3614.15428017856,9716.55188288075
NotSN,0,0.0,16578,4.899999999906868,3614.15428017856,9716.55188288075
Ia,23,1.0,16618,-5.100000000093132,3122.0,9250.0
Ib,0,0.0,16618,-5.100000000093132,3122.0,9250.0
Ic,0,0.0,16618,-5.100000000093132,3122.0,9250.0
II,0,0.0,16618,-5.100000000093132,3122.0,9250.0
NotSN,0,0.0,16618,-5.100000000093132,3122.0,9250.0
Ia,4,1.0,16631,1.1000000000931323,4998.93603515621,8997.71386718757
Ib,0,0.0,16631,1.1000000000931323,4998.93603515621,8997.71386718757
Ic,0,0.0,16631,1.1000000000931323,4998.93603515621,8997.71386718757
II,0,0.0,16631,1.1000000000931323,4998.93603515621,8997.71386718757
NotSN,0,0.0,16631,1.1000000000931323,4998.93603515621,8997.71386718757
Ia,10,1.0,16644,10.5,3142.0,9250.0
Ib,0,0.0,16644,10.5,3142.0,9250.0
Ic,0,0.0,16644,10.5,3142.0,9250.0
II,0,0.0,16644,10.5,3142.0,9250.0
NotSN,0,0.0,16644,10.5,3142.0,9250.0
Ia,22,1.0,16758,3.2999999998137355,3599.2839355469,9001.90332031244
Ib,0,0.0,16758,3.2999999998137355,3599.2839355469,9001.90332031244
Ic,0,0.0,16758,3.2999999998137355,3599.2839355469,9001.90332031244
II,0,0.0,16758,3.2999999998137355,3599.2839355469,9001.90332031244
NotSN,0,0.0,16758,3.2999999998137355,3599.2839355469,9001.90332031244
Ia,1,1.0,16779,10.799999999813735,3599.1540527344,8996.97460937485
Ib,0,0.0,16779,10.799999999813735,3599.1540527344,8996.97460937485
Ic,0,0.0,16779,10.799999999813735,3599.1540527344,8996.97460937485
II,0,0.0,16779,10.799999999813735,3599.1540527344,8996.97460937485
NotSN,0,0.0,16779,10.799999999813735,3599.1540527344,8996.97460937485
Ia,11,1.0,16781,4.2999999998137355,3599.0668945312,8996.19238281236
Ib,0,0.0,16781,4.2999999998137355,3599.0668945312,8996.19238281236
Ic,0,0.0,16781,4.2999999998137355,3599.0668945312,8996.19238281236
II,0,0.0,16781,4.2999999998137355,3599.0668945312,8996.19238281236
NotSN,0,0.0,16781,4.2999999998137355,3599.0668945312,8996.19238281236
Ia,5,1.0,16953,2.8999999999068677,3599.4838867187,9000.79003906247
Ib,0,0.0,16953,2.8999999999068677,3599.4838867187,9000.79003906247
Ic,0,0.0,16953,2.8999999999068677,3599.4838867187,9000.79003906247
II,0,0.0,16953,2.8999999999068677,3599.4838867187,9000.79003906247
NotSN,0,0.0,16953,2.8999999999068677,3599.4838867187,9000.79003906247
Ia,5,1.0,17168,-2.8999999999068677,3909.0982416733,7369.22598990458
Ib,0,0.0,17168,-2.8999999999068677,3909.0982416733,7369.22598990458
Ic,0,0.0,17168,-2.8999999999068677,3909.0982416733,7369.22598990458
II,0,0.0,17168,-2.8999999999068677,3909.0982416733,7369.22598990458
NotSN,0,0.0,17168,-2.8999999999068677,3909.0982416733,7369.22598990458
Ia,14,1.0,17171,12.299999999813735,3909.9775435646,7370.41971577157
Ib,0,0.0,17171,12.299999999813735,3909.9775435646,7370.41971577157
Ic,0,0.0,17171,12.299999999813735,3909.9775435646,7370.41971577157
II,0,0.0,17171,12.299999999813735,3909.9775435646,7370.41971577157
NotSN,0,0.0,17171,12.299999999813735,3909.9775435646,7370.41971577157
Ia,47,1.0,17186,0.20000000018626451,3910.2842925639,7370.50784988898
Ib,0,0.0,17186,0.20000000018626451,3910.2842925639,7370.50784988898
Ic,0,0.0,17186,0.20000000018626451,3910.2842925639,7370.50784988898
II,0,0.0,17186,0.20000000018626451,3910.2842925639,7370.50784988898
NotSN,0,0.0,17186,0.20000000018626451,3910.2842925639,7370.50784988898
Ia,47,1.0,17186,0.20000000018626451,3910.2842925639,7370.50784988898
Ib,0,0.0,17186,0.20000000018626451,3910.2842925639,7370.50784988898
Ic,0,0.0,17186,0.20000000018626451,3910.2842925639,7370.50784988898
II,0,0.0,17186,0.20000000018626451,3910.2842925639,7370.50784988898
NotSN,0,0.0,17186,0.20000000018626451,3910.2842925639,7370.50784988898
Ia,21,0.9130434782608695,17208,11.200000000186265,3910.7673517724,7370.78307301531
Ib,0,0.0,17208,11.200000000186265,3910.7673517724,7370.78307301531
Ic,2,0.08695652173913043,17208,11.200000000186265,3910.7673517724,7370.78307301531
II,0,0.0,17208,11.200000000186265,3910.7673517724,7370.78307301531
NotSN,0,0.0,17208,11.200000000186265,3910.7673517724,7370.78307301531
Ia,36,1.0,17215,2.0,3910.3896294448,7371.74063952565
Ib,0,0.0,17215,2.0,3910.3896294448,7371.74063952565
Ic,0,0.0,17215,2.0,3910.3896294448,7371.74063952565
II,0,0.0,17215,2.0,3910.3896294448,7371.74063952565
NotSN,0,0.0,17215,2.0,3910.3896294448,7371.74063952565
Ia,1,1.0,17223,14.899999999906868,3614.4335935318,9718.72873865735
Ib,0,0.0,17223,14.899999999906868,3614.4335935318,9718.72873865735
Ic,0,0.0,17223,14.899999999906868,3614.4335935318,9718.72873865735
II,0,0.0,17223,14.899999999906868,3614.4335935318,9718.72873865735
NotSN,0,0.0,17223,14.899999999906868,3614.4335935318,9718.72873865735
Ia,2,1.0,17274,0.8999999999068677,3909.3905734696,7369.66454656056
Ib,0,0.0,17274,0.8999999999068677,3909.3905734696,7369.66454656056
Ic,0,0.0,17274,0.8999999999068677,3909.3905734696,7369.66454656056
II,0,0.0,17274,0.8999999999068677,3909.3905734696,7369.66454656056
NotSN,0,0.0,17274,0.8999999999068677,3909.3905734696,7369.66454656056
Ia,1,1.0,17552,4.7000000001862645,3614.33558829085,9718.62789245164
Ib,0,0.0,17552,4.7000000001862645,3614.33558829085,9718.62789245164
Ic,0,0.0,17552,4.7000000001862645,3614.33558829085,9718.62789245164
II,0,0.0,17552,4.7000000001862645,3614.33558829085,9718.62789245164
NotSN,0,0.0,17552,4.7000000001862645,3614.33558829085,9718.62789245164
Ia,4,1.0,17745,0.5,3597.9497400354,8347.40043087175
Ib,0,0.0,17745,0.5,3597.9497400354,8347.40043087175
Ic,0,0.0,17745,0.5,3597.9497400354,8347.40043087175
II,0,0.0,17745,0.5,3597.9497400354,8347.40043087175
NotSN,0,0.0,17745,0.5,3597.9497400354,8347.40043087175
Ia,4,1.0,17745,0.5,3597.9497400354,8347.40043087175
Ib,0,0.0,17745,0.5,3597.9497400354,8347.40043087175
Ic,0,0.0,17745,0.5,3597.9497400354,8347.40043087175
II,0,0.0,17745,0.5,3597.9497400354,8347.40043087175
NotSN,0,0.0,17745,0.5,3597.9497400354,8347.40043087175
Ia,4,1.0,17745,0.5,3597.9497400354,8347.40043087175
Ib,0,0.0,17745,0.5,3597.9497400354,8347.40043087175
Ic,0,0.0,17745,0.5,3597.9497400354,8347.40043087175
II,0,0.0,17745,0.5,3597.9497400354,8347.40043087175
NotSN,0,0.0,17745,0.5,3597.9497400354,8347.40043087175
Ia,4,1.0,17745,0.5,3597.9497400354,8347.40043087175
Ib,0,0.0,17745,0.5,3597.9497400354,8347.40043087175
Ic,0,0.0,17745,0.5,3597.9497400354,8347.40043087175
II,0,0.0,17745,0.5,3597.9497400354,8347.40043087175
NotSN,0,0.0,17745,0.5,3597.9497400354,8347.40043087175
Ia,4,1.0,17745,0.5,3597.9497400354,8347.40043087175
Ib,0,0.0,17745,0.5,3597.9497400354,8347.40043087175
Ic,0,0.0,17745,0.5,3597.9497400354,8347.40043087175
II,0,0.0,17745,0.5,3597.9497400354,8347.40043087175
NotSN,0,0.0,17745,0.5,3597.9497400354,8347.40043087175
Ia,4,1.0,17745,0.5,3597.9497400354,8347.40043087175
Ib,0,0.0,17745,0.5,3597.9497400354,8347.40043087175
Ic,0,0.0,17745,0.5,3597.9497400354,8347.40043087175
II,0,0.0,17745,0.5,3597.9497400354,8347.40043087175
NotSN,0,0.0,17745,0.5,3597.9497400354,8347.40043087175
Ia,4,1.0,17745,0.5,3597.9497400354,8347.40043087175
Ib,0,0.0,17745,0.5,3597.9497400354,8347.40043087175
Ic,0,0.0,17745,0.5,3597.9497400354,8347.40043087175
II,0,0.0,17745,0.5,3597.9497400354,8347.40043087175
NotSN,0,0.0,17745,0.5,3597.9497400354,8347.40043087175
Ia,16,1.0,17811,5.7000000001862645,3614.31481560434,9718.74323620212
Ib,0,0.0,17811,5.7000000001862645,3614.31481560434,9718.74323620212
Ic,0,0.0,17811,5.7000000001862645,3614.31481560434,9718.74323620212
II,0,0.0,17811,5.7000000001862645,3614.31481560434,9718.74323620212
NotSN,0,0.0,17811,5.7000000001862645,3614.31481560434,9718.74323620212
Ia,5,1.0,17825,-6.100000000093132,3614.08388918166,9718.7102882532
Ib,0,0.0,17825,-6.100000000093132,3614.08388918166,9718.7102882532
Ic,0,0.0,17825,-6.100000000093132,3614.08388918166,9718.7102882532
II,0,0.0,17825,-6.100000000093132,3614.08388918166,9718.7102882532
NotSN,0,0.0,17825,-6.100000000093132,3614.08388918166,9718.7102882532
Ia,13,1.0,18030,7.7999999998137355,3850.0,9999.99999999988
Ib,0,0.0,18030,7.7999999998137355,3850.0,9999.99999999988
Ic,0,0.0,18030,7.7999999998137355,3850.0,9999.99999999988
II,0,0.0,18030,7.7999999998137355,3850.0,9999.99999999988
NotSN,0,0.0,18030,7.7999999998137355,3850.0,9999.99999999988
Ia,0,0.0,18091,8.700000000186265,3850.0,9999.99999999996
Ib,0,0.0,18091,8.700000000186265,3850.0,9999.99999999996
Ic,0,0.0,18091,8.700000000186265,3850.0,9999.99999999996
II,0,0.0,18091,8.700000000186265,3850.0,9999.99999999996
NotSN,1,1.0,18091,8.700000000186265,3850.0,9999.99999999996
Ia,0,0.0,18091,8.700000000186265,3850.0,9999.99999999996
Ib,0,0.0,18091,8.700000000186265,3850.0,9999.99999999996
Ic,0,0.0,18091,8.700000000186265,3850.0,9999.99999999996
II,0,0.0,18091,8.700000000186265,3850.0,9999.99999999996
NotSN,1,1.0,18091,8.700000000186265,3850.0,9999.99999999996
Ia,34,1.0,18323,3.6000000000931323,3800.00000000001,9200.00005698207
Ib,0,0.0,18323,3.6000000000931323,3800.00000000001,9200.00005698207
Ic,0,0.0,18323,3.6000000000931323,3800.00000000001,9200.00005698207
II,0,0.0,18323,3.6000000000931323,3800.00000000001,9200.00005698207
NotSN,0,0.0,18323,3.6000000000931323,3800.00000000001,9200.00005698207
Ia,23,1.0,18325,11.299999999813735,3615.6333886374,9719.13607622055
Ib,0,0.0,18325,11.299999999813735,3615.6333886374,9719.13607622055
Ic,0,0.0,18325,11.299999999813735,3615.6333886374,9719.13607622055
II,0,0.0,18325,11.299999999813735,3615.6333886374,9719.13607622055
NotSN,0,0.0,18325,11.299999999813735,3615.6333886374,9719.13607622055
Ia,17,1.0,18415,-2.5,3601.8265328363,9543.53784930719
Ib,0,0.0,18415,-2.5,3601.8265328363,9543.53784930719
Ic,0,0.0,18415,-2.5,3601.8265328363,9543.53784930719
II,0,0.0,18415,-2.5,3601.8265328363,9543.53784930719
NotSN,0,0.0,18415,-2.5,3601.8265328363,9543.53784930719
Ia,4,1.0,18463,4.7999999998137355,3850.0,10000.0000000001
Ib,0,0.0,18463,4.7999999998137355,3850.0,10000.0000000001
Ic,0,0.0,18463,4.7999999998137355,3850.0,10000.0000000001
II,0,0.0,18463,4.7999999998137355,3850.0,10000.0000000001
NotSN,0,0.0,18463,4.7999999998137355,3850.0,10000.0000000001
Ia,2,1.0,18466,5.600000000093132,3614.75548080945,9720.02795066367
Ib,0,0.0,18466,5.600000000093132,3614.75548080945,9720.02795066367
Ic,0,0.0,18466,5.600000000093132,3614.75548080945,9720.02795066367
II,0,0.0,18466,5.600000000093132,3614.75548080945,9720.02795066367
NotSN,0,0.0,18466,5.600000000093132,3614.75548080945,9720.02795066367
Ia,1,1.0,18486,-6.100000000093132,3620.8269017675,8341.82763463669
Ib,0,0.0,18486,-6.100000000093132,3620.8269017675,8341.82763463669
Ic,0,0.0,18486,-6.100000000093132,3620.8269017675,8341.82763463669
II,0,0.0,18486,-6.100000000093132,3620.8269017675,8341.82763463669
NotSN,0,0.0,18486,-6.100000000093132,3620.8269017675,8341.82763463669
Ia,13,1.0,18650,-4.7999999998137355,3889.0505221689,7362.71526202038
Ib,0,0.0,18650,-4.7999999998137355,3889.0505221689,7362.71526202038
Ic,0,0.0,18650,-4.7999999998137355,3889.0505221689,7362.71526202038
II,0,0.0,18650,-4.7999999998137355,3889.0505221689,7362.71526202038
NotSN,0,0.0,18650,-4.7999999998137355,3889.0505221689,7362.71526202038
Ia,13,1.0,18650,-4.7999999998137355,3889.0505221689,7362.71526202038
Ib,0,0.0,18650,-4.7999999998137355,3889.0505221689,7362.71526202038
Ic,0,0.0,18650,-4.7999999998137355,3889.0505221689,7362.71526202038
II,0,0.0,18650,-4.7999999998137355,3889.0505221689,7362.71526202038
NotSN,0,0.0,18650,-4.7999999998137355,3889.0505221689,7362.71526202038
Ia,1,1.0,18740,-7.7999999998137355,3888.60905751,7362.18421169488
Ib,0,0.0,18740,-7.7999999998137355,3888.60905751,7362.18421169488
Ic,0,0.0,18740,-7.7999999998137355,3888.60905751,7362.18421169488
II,0,0.0,18740,-7.7999999998137355,3888.60905751,7362.18421169488
NotSN,0,0.0,18740,-7.7999999998137355,3888.60905751,7362.18421169488
Ia,1,1.0,18740,-7.7999999998137355,3888.60905751,7362.18421169488
Ib,0,0.0,18740,-7.7999999998137355,3888.60905751,7362.18421169488
Ic,0,0.0,18740,-7.7999999998137355,3888.60905751,7362.18421169488
II,0,0.0,18740,-7.7999999998137355,3888.60905751,7362.18421169488
NotSN,0,0.0,18740,-7.7999999998137355,3888.60905751,7362.18421169488
Ia,1,1.0,18740,-7.7999999998137355,3888.60905751,7362.18421169488
Ib,0,0.0,18740,-7.7999999998137355,3888.60905751,7362.18421169488
Ic,0,0.0,18740,-7.7999999998137355,3888.60905751,7362.18421169488
II,0,0.0,18740,-7.7999999998137355,3888.60905751,7362.18421169488
NotSN,0,0.0,18740,-7.7999999998137355,3888.60905751,7362.18421169488
Ia,1,1.0,18740,-7.7999999998137355,3888.60905751,7362.18421169488
Ib,0,0.0,18740,-7.7999999998137355,3888.60905751,7362.18421169488
Ic,0,0.0,18740,-7.7999999998137355,3888.60905751,7362.18421169488
II,0,0.0,18740,-7.7999999998137355,3888.60905751,7362.18421169488
NotSN,0,0.0,18740,-7.7999999998137355,3888.60905751,7362.18421169488
Ia,15,1.0,18768,7.899999999906868,3614.65348692367,9720.01975030265
Ib,0,0.0,18768,7.899999999906868,3614.65348692367,9720.01975030265
Ic,0,0.0,18768,7.899999999906868,3614.65348692367,9720.01975030265
II,0,0.0,18768,7.899999999906868,3614.65348692367,9720.01975030265
NotSN,0,0.0,18768,7.899999999906868,3614.65348692367,9720.01975030265
Ia,2,1.0,18787,-0.20000000018626451,3614.80625558553,9719.86839998118
Ib,0,0.0,18787,-0.20000000018626451,3614.80625558553,9719.86839998118
Ic,0,0.0,18787,-0.20000000018626451,3614.80625558553,9719.86839998118
II,0,0.0,18787,-0.20000000018626451,3614.80625558553,9719.86839998118
NotSN,0,0.0,18787,-0.20000000018626451,3614.80625558553,9719.86839998118
Ia,1,1.0,19027,2.3999999999068677,3092.0,9198.0
Ib,0,0.0,19027,2.3999999999068677,3092.0,9198.0
Ic,0,0.0,19027,2.3999999999068677,3092.0,9198.0
II,0,0.0,19027,2.3999999999068677,3092.0,9198.0
NotSN,0,0.0,19027,2.3999999999068677,3092.0,9198.0
Ia,9,1.0,19101,-7.2000000001862645,3615.29928107309,9720.30937820253
Ib,0,0.0,19101,-7.2000000001862645,3615.29928107309,9720.30937820253
Ic,0,0.0,19101,-7.2000000001862645,3615.29928107309,9720.30937820253
II,0,0.0,19101,-7.2000000001862645,3615.29928107309,9720.30937820253
NotSN,0,0.0,19101,-7.2000000001862645,3615.29928107309,9720.30937820253
Ia,34,1.0,19128,-0.10000000009313226,3136.0,9196.0
Ib,0,0.0,19128,-0.10000000009313226,3136.0,9196.0
Ic,0,0.0,19128,-0.10000000009313226,3136.0,9196.0
II,0,0.0,19128,-0.10000000009313226,3136.0,9196.0
NotSN,0,0.0,19128,-0.10000000009313226,3136.0,9196.0
Ia,3,1.0,19207,9.299999999813735,5131.80119401802,10237.8415562329
Ib,0,0.0,19207,9.299999999813735,5131.80119401802,10237.8415562329
Ic,0,0.0,19207,9.299999999813735,5131.80119401802,10237.8415562329
II,0,0.0,19207,9.299999999813735,5131.80119401802,10237.8415562329
NotSN,0,0.0,19207,9.299999999813735,5131.80119401802,10237.8415562329
Ia,21,1.0,19341,-3.2999999998137355,3615.48517964588,9719.18083522842
Ib,0,0.0,19341,-3.2999999998137355,3615.48517964588,9719.18083522842
Ic,0,0.0,19341,-3.2999999998137355,3615.48517964588,9719.18083522842
II,0,0.0,19341,-3.2999999998137355,3615.48517964588,9719.18083522842
NotSN,0,0.0,19341,-3.2999999998137355,3615.48517964588,9719.18083522842
Ia,9,1.0,19353,-8.600000000093132,3615.62009037963,9719.14571070814
Ib,0,0.0,19353,-8.600000000093132,3615.62009037963,9719.14571070814
Ic,0,0.0,19353,-8.600000000093132,3615.62009037963,9719.14571070814
II,0,0.0,19353,-8.600000000093132,3615.62009037963,9719.14571070814
NotSN,0,0.0,19353,-8.600000000093132,3615.62009037963,9719.14571070814
Ia,22,1.0,19381,-4.5,3615.42752395001,9719.16870457956
Ib,0,0.0,19381,-4.5,3615.42752395001,9719.16870457956
Ic,0,0.0,19381,-4.5,3615.42752395001,9719.16870457956
II,0,0.0,19381,-4.5,3615.42752395001,9719.16870457956
NotSN,0,0.0,19381,-4.5,3615.42752395001,9719.16870457956
Ia,4,1.0,19658,7.2000000001862645,3831.32384140141,7719.72492243603
Ib,0,0.0,19658,7.2000000001862645,3831.32384140141,7719.72492243603
Ic,0,0.0,19658,7.2000000001862645,3831.32384140141,7719.72492243603
II,0,0.0,19658,7.2000000001862645,3831.32384140141,7719.72492243603
NotSN,0,0.0,19658,7.2000000001862645,3831.32384140141,7719.72492243603
Ia,5,1.0,19775,2.6000000000931323,3762.42726065092,7711.99508018767
Ib,0,0.0,19775,2.6000000000931323,3762.42726065092,7711.99508018767
Ic,0,0.0,19775,2.6000000000931323,3762.42726065092,7711.99508018767
II,0,0.0,19775,2.6000000000931323,3762.42726065092,7711.99508018767
NotSN,0,0.0,19775,2.6000000000931323,3762.42726065092,7711.99508018767
Ia,3,1.0,19913,11.799999999813735,3614.87388676913,9719.32096835854
Ib,0,0.0,19913,11.799999999813735,3614.87388676913,9719.32096835854
Ic,0,0.0,19913,11.799999999813735,3614.87388676913,9719.32096835854
II,0,0.0,19913,11.799999999813735,3614.87388676913,9719.32096835854
NotSN,0,0.0,19913,11.799999999813735,3614.87388676913,9719.32096835854
Ia,1,1.0,19940,-0.6000000000931323,3762.42538298977,7711.991231397
Ib,0,0.0,19940,-0.6000000000931323,3762.42538298977,7711.991231397
Ic,0,0.0,19940,-0.6000000000931323,3762.42538298977,7711.991231397
II,0,0.0,19940,-0.6000000000931323,3762.42538298977,7711.991231397
NotSN,0,0.0,19940,-0.6000000000931323,3762.42538298977,7711.991231397
Ia,6,1.0,19969,3.0,3601.8269407849,9526.59590623313
Ib,0,0.0,19969,3.0,3601.8269407849,9526.59590623313
Ic,0,0.0,19969,3.0,3601.8269407849,9526.59590623313
II,0,0.0,19969,3.0,3601.8269407849,9526.59590623313
NotSN,0,0.0,19969,3.0,3601.8269407849,9526.59590623313
Ia,2,1.0,19990,8.600000000093132,4250.0,10000.0
Ib,0,0.0,19990,8.600000000093132,4250.0,10000.0
Ic,0,0.0,19990,8.600000000093132,4250.0,10000.0
II,0,0.0,19990,8.600000000093132,4250.0,10000.0
NotSN,0,0.0,19990,8.600000000093132,4250.0,10000.0
Ia,9,1.0,20039,10.0,3614.71671525054,9719.35160494178
Ib,0,0.0,20039,10.0,3614.71671525054,9719.35160494178
Ic,0,0.0,20039,10.0,3614.71671525054,9719.35160494178
II,0,0.0,20039,10.0,3614.71671525054,9719.35160494178
NotSN,0,0.0,20039,10.0,3614.71671525054,9719.35160494178
Ia,4,1.0,20040,8.299999999813735,3615.14153592882,9718.87534567458
Ib,0,0.0,20040,8.299999999813735,3615.14153592882,9718.87534567458
Ic,0,0.0,20040,8.299999999813735,3615.14153592882,9718.87534567458
II,0,0.0,20040,8.299999999813735,3615.14153592882,9718.87534567458
NotSN,0,0.0,20040,8.299999999813735,3615.14153592882,9718.87534567458
Ia,3,1.0,20111,2.0,4250.0,10000.0
Ib,0,0.0,20111,2.0,4250.0,10000.0
Ic,0,0.0,20111,2.0,4250.0,10000.0
II,0,0.0,20111,2.0,4250.0,10000.0
NotSN,0,0.0,20111,2.0,4250.0,10000.0
Ia,1,1.0,20144,1.3999999999068677,3614.81440535543,9719.22423863456
Ib,0,0.0,20144,1.3999999999068677,3614.81440535543,9719.22423863456
Ic,0,0.0,20144,1.3999999999068677,3614.81440535543,9719.22423863456
II,0,0.0,20144,1.3999999999068677,3614.81440535543,9719.22423863456
NotSN,0,0.0,20144,1.3999999999068677,3614.81440535543,9719.22423863456
Ia,27,1.0,20430,1.8999999999068677,3614.89572305359,9719.20649293094
Ib,0,0.0,20430,1.8999999999068677,3614.89572305359,9719.20649293094
Ic,0,0.0,20430,1.8999999999068677,3614.89572305359,9719.20649293094
II,0,0.0,20430,1.8999999999068677,3614.89572305359,9719.20649293094
NotSN,0,0.0,20430,1.8999999999068677,3614.89572305359,9719.20649293094
Ia,3,1.0,20432,6.399999999906868,4250.0,10000.0
Ib,0,0.0,20432,6.399999999906868,4250.0,10000.0
Ic,0,0.0,20432,6.399999999906868,4250.0,10000.0
II,0,0.0,20432,6.399999999906868,4250.0,10000.0
NotSN,0,0.0,20432,6.399999999906868,4250.0,10000.0
Ia,3,1.0,20821,5.600000000093132,4250.0,10000.0
Ib,0,0.0,20821,5.600000000093132,4250.0,10000.0
Ic,0,0.0,20821,5.600000000093132,4250.0,10000.0
II,0,0.0,20821,5.600000000093132,4250.0,10000.0
NotSN,0,0.0,20821,5.600000000093132,4250.0,10000.0
Ia,1,1.0,20829,-2.8999999999068677,3170.0,9180.0
Ib,0,0.0,20829,-2.8999999999068677,3170.0,9180.0
Ic,0,0.0,20829,-2.8999999999068677,3170.0,9180.0
II,0,0.0,20829,-2.8999999999068677,3170.0,9180.0
NotSN,0,0.0,20829,-2.8999999999068677,3170.0,9180.0
Ia,26,1.0,21006,1.7999999998137355,3614.84976728746,9719.23953100061
Ib,0,0.0,21006,1.7999999998137355,3614.84976728746,9719.23953100061
Ic,0,0.0,21006,1.7999999998137355,3614.84976728746,9719.23953100061
II,0,0.0,21006,1.7999999998137355,3614.84976728746,9719.23953100061
NotSN,0,0.0,21006,1.7999999998137355,3614.84976728746,9719.23953100061
