cid,z,t0,stretch,color
00001,0.2294883448393358,53618.69955444961,0.8631074215708813,0.6240464005250788
00002,0.2640059117319151,53615.76477299066,1.059321412369082,0.36790079886325033
00003,0.30092926435952305,53659.3252233549,0.7655047375982623,0.6763647418836322
00004,0.12805875777009312,53633.31105732745,0.9915915784514324,0.40236863085064656
00005,0.24666252843479586,53682.23607700736,1.0625804304619892,0.4137159085352866
00006,0.18995197870474145,53631.520971279126,0.9798832144570442,0.605377273323915
00007,0.24694341815788712,53673.56783360173,0.9230585533946216,0.5382397528208661
00008,0.32484916287805166,53707.2631475356,1.031977687424971,0.59454245943394
00009,0.40925415427066697,53639.51790257782,0.932079366746681,0.5661835524346113
00010,0.3731252344192051,53690.759866013046,0.8950413743144916,0.5128905281002162
00011,0.3788063416144495,53704.68000946473,0.7265317725841112,0.7762185750381292
00012,0.13888055711324054,53686.815989981355,1.1154189149911469,0.34833272278432814
00013,0.4094663868787176,53631.59028959835,0.9190583812055475,0.9807598590223819
00014,0.25639957171999034,53637.17849949509,1.028919044728158,0.4262178853517787
00015,0.08870107246271142,53661.3853127502,1.0483553827690466,0.5268495777887973
00016,0.37845409821129344,53620.70946700227,0.9441191408988832,0.4525671366573669
00017,0.44007460277462895,53673.76196820617,0.956630825011675,0.3965833372986231
00018,0.18154299422535514,53638.38997844731,0.8501961198869494,0.7511321356851663
00019,0.423097343057104,53690.04586584688,0.9180627796795595,0.648105339607467
00020,0.10518709989963881,53679.801910439506,0.9945194197270921,0.5629724640273707
00021,0.38309100003133273,53704.810429626115,1.1383176151373506,0.4301127390779512
00022,0.33934869357471176,53615.311031912104,0.9898426113217101,0.35341037092595073
00023,0.42103744727607395,53671.73148089329,1.151299390780013,0.42920815111959426
00024,0.23624922836118933,53675.150679430815,0.8473731628627685,0.414952843051115
00025,0.35211256933851415,53648.05550576819,0.9374022718638921,0.6571141520560089
00026,0.400375096972888,53633.605125439586,0.9954933957929707,0.6498515644837938
00027,0.3730559091628057,53704.72111873243,0.9702977772546576,0.5579781153118776
00028,0.4071884404951466,53644.24487811517,0.9844038269353512,0.25165927082918027
00029,0.3343099724369073,53653.972203086036,0.9713893490184291,0.5095974741419481
00030,0.42853669700145974,53617.84789318232,0.9721720667958943,0.5535143988609211
00031,0.26980584172261207,53643.03933287818,0.834344697218059,0.6737410904445886
00032,0.20901605340524584,53649.82825434064,1.070832570546747,0.6205731667556128
00033,0.3826964959267516,53659.653267289425,0.9801123039031076,0.5654055944907069
00034,0.4049873570785573,53620.48158143503,0.9968322204005146,0.5369756399320115
00035,0.3300534331491524,53622.01770393263,1.0776608971951074,0.5020432553923537
00036,0.3561212081762521,53642.65462742924,0.9369787567064496,0.32403543815821967
00037,0.44811979301689253,53660.71387440239,0.8486806586065231,0.6899609358668388
00038,0.397093888098131,53663.24450443297,1.0179384720626192,0.5408419719261971
00039,0.36279611595099204,53627.409770664875,0.9448004722412652,0.29607139050601944
00040,0.4331885583330494,53705.323829037574,0.881325485852287,0.5203551418829442
00041,0.4424394438737892,53649.35308243563,0.8166604068649335,0.6489886781085864
00042,0.35573047213715275,53670.06360592553,1.0313634438250388,0.574873750119135
00043,0.42164910734616834,53690.9059576616,1.09704677482251,0.4041141342207307
00044,0.29847199095802346,53627.31126151147,0.9756454394921692,0.5673501031012469
00045,0.34150391767542404,53643.65052192225,1.0174572561916226,0.49842426446186927
00046,0.38580780843571455,53656.18635471157,1.044714762587445,0.5742359610494797
00047,0.4410797155340433,53655.761387283965,0.9820664538850287,0.7019774427608645
00048,0.30352311490389583,53685.25672498283,0.9728058976873027,0.5224163227900123
00049,0.38969953187559336,53708.833894083116,1.0885565657983771,0.5601814922695405
00050,0.20171067903990933,53658.22690343567,0.9169385686608792,0.6178504169235493
00051,0.31111169916727066,53693.05259335494,0.9776132887394545,0.4746273959509596
00052,0.3398685598596005,53690.423087116906,0.9145577048545215,0.6783181488446197
00053,0.2819073219666426,53668.8657583922,0.9906627645055645,0.3947074049228724
00054,0.138307389047483,53658.813728728564,1.0526518091311292,0.4138795165244793
00055,0.1265922476377616,53629.01284042409,0.8671136772737017,0.6373591330396775
00056,0.1576997000431521,53706.3150759277,0.885577137354974,0.6301552148657107
00057,0.39956100742796774,53624.88661599672,0.9880805871317676,0.7128043347768984
00058,0.4108777671635835,53633.849463749626,0.9939390907364314,0.15553837957407296
00059,0.2251886836067563,53642.347638397485,0.9335585415793481,0.4280932558687737
00060,0.4441545630018837,53626.61100651748,1.002510152069648,0.33431856781793
00061,0.27417225446940585,53694.60333637141,1.1273078067861855,0.6203380885012815
00062,0.3982251554119224,53667.419783140474,0.9491003104562878,0.5908704249872079
00063,0.3950580704886889,53653.824913843295,0.9390009860178437,0.5592137683776688
00064,0.20100617165850299,53618.22948230372,0.9690409916944394,0.667645286211145
00065,0.43523189359568637,53651.01727008762,0.793632925374594,0.7407605244200721
00066,0.24264064984962103,53700.75727219393,0.8877123254383833,0.6943441525995581
00067,0.24656901181935814,53640.74299646172,1.048200669879642,0.42774042696695846
00068,0.3842901386271703,53638.20263437261,1.0607045387832899,0.44935267223361514
00069,0.37507228108076895,53697.636232650686,0.9847618412684221,0.6097098265560417
00070,0.38934323798669124,53622.059225060686,1.0705967028365442,0.5645676849147427
00071,0.4121962882696754,53667.59003364343,0.9481899396613384,0.5493851261993249
00072,0.2376363657590317,53645.26642865264,1.0150692572960156,0.6290073836894358
00073,0.27106105765739236,53642.74941623166,0.9291347344542837,0.8199219858333404
00074,0.33783773233331144,53643.09146473739,0.9558753373623528,0.7713737712497437
00075,0.39755221519629136,53644.067483668674,0.8996292263199172,0.47518954256119217
00076,0.2608776482050277,53670.470229604354,1.0864974108166865,0.43689955682207954
00077,0.27918243090775946,53622.45004322572,0.9888116347116643,0.8695452533179465
00078,0.35435759938378486,53691.854939405464,1.0492759196861854,0.22167811167623036
00079,0.08388922487250369,53629.53507989396,0.8671169389256462,0.9145791375283056
00080,0.248266557639897,53685.53269329461,1.0447810850293229,0.5296414561005293
00081,0.44532417557831894,53647.71301173036,1.080917663893692,0.6557741839264399
00082,0.3925357845312238,53656.06806271906,0.9870778959669506,0.6702629278302614
00083,0.29016085610077147,53636.949134306196,0.8597044455957712,0.8014942015216694
00084,0.36635582969578206,53662.34696234873,1.0469887463359793,0.4917392203138215
00085,0.328404052406452,53700.88680059477,0.8926286910694771,0.5304531879810882
00086,0.2618313380254989,53633.17033192845,0.9762872001025363,0.6609768862290057
00087,0.44786769025519124,53675.11841649069,1.1328234363317065,0.05771981914477997
00088,0.14944723472281654,53665.981670173,1.1764291954074344,0.15975385673174886
00089,0.30156834174420794,53685.6085253324,1.1397474086289323,0.3965686952578221
00090,0.3855062848765375,53630.580735659234,1.102920925026077,0.3852456473961475
00091,0.3041676313921645,53643.57343841305,0.7883053136877328,0.7367927241063439
00092,0.35553590031600385,53692.17048350507,0.9141970529718282,0.6094361478084547
00093,0.2508200336456715,53657.897833388575,1.071500077412115,0.4036593154210969
00094,0.4354295023535934,53645.85811732381,1.1056849106187487,0.36226451763987233
00095,0.3722758892760851,53706.52096292057,0.8690713823539195,0.7133507252341444
00096,0.4158682824327312,53657.89354763487,1.0411038100556684,0.39386212982881175
00097,0.31435156516064244,53698.22211986124,0.8587501262331454,0.7052572275493358
00098,0.254059916432903,53706.86725733045,1.004439512810591,0.8797507123466887
00099,0.14127202120378515,53680.083559554805,0.7109837076543903,0.8524792371583063
00100,0.44336528530024266,53681.41654089665,1.0146493732170372,0.5661323935073864
00101,0.23109730625812064,53656.917852753795,1.0554157269520836,0.30098321947259443
00102,0.24270248740246175,53709.1667042529,0.8049242172270462,0.8023437025846
00103,0.2779125813277239,53676.57247265395,1.1538579265338929,0.3007271991221706
00104,0.39365778521308303,53678.9866883716,0.9606281964398979,0.4644991014452447
00105,0.4005908794671633,53644.97624550375,1.0823462971790976,0.4809172094574503
00106,0.3383431829560639,53692.03341283043,1.0862559657847484,0.1911325156298706
00107,0.34499840118338715,53685.23885039166,0.9258111980120738,0.5463858199465771
00108,0.08998384053248995,53620.88611933198,1.129541385208568,0.46326853730874207
00109,0.35278367084662277,53703.26911215401,0.970489067965213,0.3805383506916614
00110,0.22203930379127107,53618.7805868377,0.8877637032359712,0.5770723881597007
00111,0.128796045353742,53660.47767564561,0.968197428314013,0.5004475994101079
00112,0.26068481025077755,53664.65028531196,1.1509579512551515,0.45447118451551055
00113,0.3418124981962914,53633.117700409784,0.9617978120031693,0.6300552602422689
00114,0.232635209129672,53626.38303885084,1.0096451542155327,0.4589652683817811
00115,0.3435480303066473,53638.46681369657,0.9271081886797116,0.7140940335919438
00116,0.43232337505305685,53702.94412011968,0.8667820759527541,0.7771059115348649
00117,0.42402584947208743,53688.509659513016,0.767798301277897,0.778715119879923
00118,0.33312679593892,53624.353055142135,1.0614209881591656,0.48285610197598067
00119,0.1376884855512498,53654.54911273938,0.7389180008634552,0.9284868937014379
00120,0.4356993466992746,53634.49520095757,1.1840292825215961,0.5651934650687533
00121,0.27425490167199285,53693.61361167447,1.075636697172191,0.471642801167921
00122,0.42759375774040687,53688.46659577907,1.0638123769060785,0.507127341429384
00123,0.380001501486534,53656.77786677431,1.000248786732173,0.38195992429354675
00124,0.1438598336013791,53698.88513990113,0.8928918657243599,0.7540411979131836
00125,0.13622642889930198,53667.90517875582,0.9849980480277377,0.7718090991379005
00126,0.3615319343435339,53642.841826490454,1.0531329122395792,0.38757859108881765
00127,0.04972609171345221,53677.1053693528,1.2074088405221712,0.2493575796252619
00128,0.4486542220575419,53642.74773560409,1.0275697597935705,0.4641314630938556
00129,0.32524624129371316,53644.40873706046,1.1445042671409154,0.521581596780038
00130,0.3456929870426506,53655.88898211766,0.9830864648514782,0.5232040665711806
00131,0.3525772071239345,53660.73814078497,0.9569473095488168,0.6568462419063361
00132,0.09450415748475446,53638.29687954341,0.9789217716418794,0.818183697675684
00133,0.29817483588164057,53694.97785614949,1.021378509919479,0.4327868633761715
00134,0.29594556847932885,53684.29550563845,0.8451529156054914,0.599991110992177
00135,0.43274363433705343,53656.139106120034,0.9231958394186996,0.7507391827762527
00136,0.41212892327631545,53629.59358558579,0.8534970296374689,0.7007466954601358
00137,0.2848399462949639,53701.42137370543,1.0176958831829044,0.44856679930772286
00138,0.2624183146826931,53690.16748546042,1.1533668889125184,0.37482304870698524
00139,0.2676260973506296,53625.34932131936,0.8339082773045293,0.7765835658900881
00140,0.3589735922548154,53672.28421055723,0.8759805288081425,0.6884142782370526
00141,0.36108051895155446,53662.92303582034,1.0626412944400196,0.5050256818534377
00142,0.3222143068052157,53649.04441736625,1.0472703501183755,0.4995153721256054
00143,0.43000169716377334,53649.92862659693,1.0122791143890775,0.5574386744955427
00144,0.3730601478739046,53685.01373576967,1.053437958078946,0.3389292907024394
00145,0.13438969540338186,53615.66509665167,0.8362455478936544,0.5031249240121047
00146,0.43517152588533636,53627.81798306479,0.9899582293082049,0.7730930898646347
00147,0.18515910074327113,53634.958101796976,0.9117301841667672,0.7228554326684047
00148,0.4391471502142192,53671.909717135386,0.9291386005329542,0.6533076189706082
00149,0.34983911499826653,53701.71004394072,0.9619649926011331,0.45941404114481926
00150,0.21751339353337865,53630.444958076754,0.9873871743931828,0.709878722777674
00151,0.37830867922643036,53625.8740104316,1.0887020733037,0.1478580645591014
00152,0.2978731702438539,53688.39619449793,0.8568216668039951,0.816402281417999
00153,0.404818080422759,53662.28637123431,0.8366627681155799,0.9001920775829594
00154,0.3660348927220766,53633.77751979819,0.8969559031979427,0.6813405574288367
00155,0.44482904031757686,53634.23320517691,1.0483114936612534,0.333744986910379
00156,0.16700682232209765,53676.96776740182,0.871664799470249,0.7712291073424835
00157,0.3755006719141311,53653.60669688363,0.8805330932005306,0.9279868948464579
00158,0.3969113749650612,53688.76269548417,1.2291057948351962,0.3899198350153717
00159,0.27897091387694506,53709.392686088875,0.9655414949458088,0.7090720184604167
00160,0.16706819449252544,53709.42969839824,0.8122094845905538,0.8095597948683861
00161,0.3737090270079873,53686.64121580752,0.9313154622511444,0.6240907077479363
00162,0.3224845308237748,53687.780334728304,0.8584856187647665,0.7079545167738901
00163,0.35942430378116036,53677.163656272605,0.8961919289872115,0.6766134399841971
00164,0.4321286896700471,53670.88552163724,1.0052867118400706,0.4830255227342024
00165,0.3524593214601345,53636.412567310435,0.9960105761059131,0.5441708876520095
00166,0.44519372787218525,53641.13513286243,0.7398535004483732,0.8641543333649553
00167,0.380244922848208,53681.832479805315,1.2262355757130192,0.6857860517435118
00168,0.4128453245642383,53704.80344511591,1.174839581373537,0.4038614761182998
00169,0.39315187301964755,53628.631133518415,0.9977882871165511,0.5546052830519043
00170,0.2531215158701023,53674.82977641584,1.0121626300626134,0.4686631761297651
00171,0.43604819405126477,53622.14968606509,0.9649076510857749,0.5864269201185565
00172,0.36215048132207994,53634.399335403956,0.9017869303616654,0.8286431720727878
00173,0.2223563567670603,53632.78687530631,1.1067906273369696,0.5077577019860225
00174,0.24070571406898877,53622.679006440994,0.893645785707345,0.707015532452887
00175,0.27917447543406826,53617.32294845666,0.9801908980420939,0.6529426381281
00176,0.2514196687121315,53690.41345456112,0.9165913822750159,0.6267009853877937
00177,0.38199237641481776,53647.66929657557,0.9873906624343808,0.30157507024819996
00178,0.3698958071370165,53633.62104619494,1.1292819817105404,0.4780195237266781
00179,0.41851652144463874,53666.779334664054,1.1156366046145698,0.43034852107537624
00180,0.3227201735826276,53653.412341897565,0.9845620239030795,0.25749441583413246
00181,0.17443285687068638,53642.45373748028,0.8426880970324221,0.6353463172605712
00182,0.11633757098467633,53692.624202785926,0.9484937950752309,0.5692190734148304
00183,0.2980762337287831,53617.315223312056,0.8893639069169474,0.6256037335726821
00184,0.1743403260604969,53674.641382714595,0.9039890141885711,0.7654466660895518
00185,0.34006974365251313,53683.973021644655,1.0254994724764126,0.5635965170010885
00186,0.10543763411605747,53668.00807339661,0.9666402581165239,0.2869504962256958
00187,0.4220555765556922,53666.187909209744,1.0306693698231544,0.5858304713845379
00188,0.42817293266861856,53680.35515061176,1.050268388186864,0.20747582493535294
00189,0.422220839618647,53664.24430503623,1.0691696000690765,0.34154594393152116
00190,0.26448230650193033,53667.53755884117,0.9457836388264148,0.6134441088648334
00191,0.32578151858293747,53644.008917667015,0.9363565410243384,0.45689622972847493
00192,0.1676198907803035,53688.27823740319,0.8069716135191503,0.8281222057762863
00193,0.17586852854238844,53628.56069851409,0.8746244305691104,0.8405339589219971
00194,0.40223966118409915,53700.820595841185,0.9466920404926399,0.36882883595537197
00195,0.31194637941924525,53641.85491638606,0.8952742740309186,0.7017889126827026
00196,0.12844398441861105,53648.78894417889,0.8731009772469664,0.33351862282372907
00197,0.37498022653704877,53626.349336409796,0.9873406963842412,0.5199231701556815
00198,0.09704914524151215,53698.97350639633,0.9376159136517702,0.6713126061368961
00199,0.35622634929567726,53620.276187348165,0.957596999443358,0.591175020883208
00200,0.19696860630738067,53679.053487637175,0.9450360441126725,0.6409069610425367
00201,0.3955549700262482,53697.54291939836,0.9926969249389528,0.5180579125072073
00202,0.2526717624197111,53662.65336929661,0.9552778553133655,0.6529900821276732
00203,0.3404360157685796,53687.08700466192,0.9676577131442325,0.5623402845665932
00204,0.40140215065666107,53680.65629421541,1.0344248879912405,0.6954816485647768
00205,0.4268493414682008,53703.35370809898,1.0736976386901196,0.24189557800635586
00206,0.4491203143279131,53708.500994579874,1.008606435348305,0.650072247067171
00207,0.19630032541388845,53667.79293327018,0.9493529505063606,0.7732553362258977
00208,0.2191243121873504,53684.33888520496,1.0420632997615473,0.27756310607528084
00209,0.3967607063363258,53639.22319782598,0.9941699938840624,0.5397385902445591
00210,0.11233816388473958,53655.02534912615,0.9104050004117892,0.6591826391895442
00211,0.30762918423549834,53656.45179841936,0.7951131000848178,0.6187866039685448
00212,0.3535759818153995,53689.1010659005,1.1605845466195563,0.36171870153401886
00213,0.15457731059111537,53625.62401454275,0.8587465851310525,0.7031664636128875
00214,0.2781451987585803,53681.27127731427,0.9978240460123496,0.4800061613225825
00215,0.4180981977868373,53686.456225691836,0.8732170200123663,0.6169676169388127
00216,0.3288661147125034,53665.49924138308,0.9043418802323109,0.6242954724597304
00217,0.41872010095317147,53653.98150444853,1.0409200474791493,0.5186188782496609
00218,0.41753635599129,53620.319486234,0.9621714018387824,0.7127377690097164
00219,0.17848718341475017,53652.16877964195,1.0278918499285563,0.5119220641191369
00220,0.33356950513936645,53626.63882565925,0.9923328365238353,0.7083616505707517
00221,0.16367457538352712,53699.74716846782,1.1152475005111293,0.2414600197767638
00222,0.254485953063042,53642.15197658055,0.8923344971513997,0.5953168871945494
00223,0.4488942656180376,53691.66723212796,0.762392350318364,0.8109289307946159
00224,0.30217206270705793,53681.958956966286,0.9817762086373159,0.6664322637532429
00225,0.35610532941655276,53672.07156411801,0.9991326602143749,0.2670495306396309
00226,0.13609985017451812,53621.1520316119,1.0495477914800733,0.4380224153246001
00227,0.313798710638023,53709.47129714839,0.9950490775231632,0.6092716267440992
00228,0.4041516592416418,53622.187258815036,0.8242570007590422,0.728382061301523
00229,0.42913045210700573,53688.42864958758,0.7388179332425416,0.9815103497681189
00230,0.4357856325336103,53671.93077206465,0.9655054045200675,0.5967116307995641
00231,0.4231953318891377,53619.878929303726,1.0643285542147423,0.4457221604700975
00232,0.3309434801152562,53684.386013968586,1.0040869582001528,0.9143502362804528
00233,0.18427484379938608,53635.84075641803,1.002831625667425,0.4883784493653765
00234,0.380759636203593,53659.32739343963,0.9612742939548775,0.6157518438775128
00235,0.3682580912409547,53673.902810849664,0.934012831412053,0.6402630215149162
00236,0.24001777206653863,53632.56059243869,1.0281184417397915,0.5607113099375093
00237,0.15996852089153862,53624.408927718556,1.0051546387213253,0.488281857747052
00238,0.19476065942292822,53647.365720757894,1.0727086703989777,0.5460833020549143
00239,0.16173832159004856,53690.26866009834,0.9198727181801987,0.5012627292084003
00240,0.33266340123606525,53658.661922667015,0.9685071886728005,0.5245033549933384
00241,0.35690206593469387,53706.507402568524,0.9875956480253499,0.48891922669587434
00242,0.23081531173697112,53655.05366523709,1.1138087341130938,0.4256371178273176
00243,0.4362285831320879,53633.317885252145,0.9401571280482692,0.41835461565419596
00244,0.42392663836307287,53624.313369421856,0.9569223331561372,0.47384153663360395
00245,0.3154192873871791,53708.36117714945,1.0299227451328585,0.4767431331744564
00246,0.13855734337597772,53656.986434565704,0.9867128448478999,0.7261752309980478
00247,0.4279577145121223,53647.20106844476,1.0542418188769156,0.4690382147647093
00248,0.35898165600471715,53657.28023320898,0.9686435648110004,0.2619526127957346
00249,0.2697024863189526,53707.40933811872,0.9134978426789636,0.4503255080996131
00250,0.4117389806849263,53702.99758234063,0.7726496794889011,0.8480831674216229
00251,0.16682976289578744,53649.001735029306,0.8775506029081125,0.6339616879964354
00252,0.2575552659028732,53702.44361767004,1.0091167360379782,0.6848945290414361
00253,0.40392881195755503,53618.136978235016,0.9889591719545563,0.343953408896247
00254,0.21565559654713296,53684.75319771009,0.8777784327534874,0.5216295276562954
00255,0.20072001169762974,53685.90991062576,0.9136141179381962,0.7121533913449976
00256,0.16842543890392747,53689.21789167158,1.1169673938925961,0.5516023051785811
00257,0.301069452424707,53635.04076829233,0.8986935307182734,0.5764519887640762
00258,0.20576022745798744,53697.0776521584,1.0173565839357699,0.6815110435942999
00259,0.25460700413028636,53681.78605454593,0.9039335356744009,0.5842055120756163
00260,0.31368082809875,53696.95169928848,0.9945218254678214,0.635098531402279
00261,0.4496260007155317,53618.45221180816,0.7879203010917517,0.7221325975002533
00262,0.3956903088752861,53645.02528133184,0.8819986041487525,0.5943420946307484
00263,0.20269209500308008,53647.81122431886,1.1243851479645959,0.4479672051944681
00264,0.43916110524723856,53629.82860030563,0.9778016100160701,0.6063052980874205
00265,0.4004281133578437,53709.02428189734,1.0215033007852237,0.504354109751174
00266,0.3461935777818341,53640.37564942937,0.983720761691949,0.556666978578485
00267,0.4289149630732627,53689.718452084635,1.0399331381667833,0.5867409734328707
00268,0.34205550074397023,53633.65544741304,1.0449821599515727,0.5330802301436712
00269,0.4212018051216554,53633.20707896769,0.8480211471693072,0.7730512867118633
00270,0.29063857573061497,53670.23990689064,1.1829082425412618,0.34120739920197696
00271,0.3869139419516286,53658.48039340001,0.9433510345482478,0.5791187721643091
00272,0.40770411716420674,53676.806536504206,1.0004953597869086,0.47650880149115166
00273,0.3052596822067495,53692.519206074954,0.86152274967602,0.7554897762032852
00274,0.4384917393550483,53682.54404686037,0.92954881684984,0.4928650201438911
00275,0.22595701042183836,53620.94805246811,1.070371694552597,0.371747431449009
00276,0.2646633383510565,53663.851001889925,1.0143085862445052,0.6227086482570744
00277,0.3526553455415836,53628.84665628361,1.111081312904722,0.3846152772144438
00278,0.1142477636878221,53699.12382397741,0.9816338105371869,0.3397229780591591
00279,0.25741046552736707,53657.02786696494,1.0189795318393178,0.5257853801509055
00280,0.2724044609945835,53704.816572359516,1.0635906892468128,0.6927176912452853
00281,0.16100978850590936,53708.03594169526,0.9442968818574197,0.5302047069973643
00282,0.27317139890841075,53670.17527645982,1.0390464123504424,0.7092936855339159
00283,0.4064266068330691,53679.750903557426,1.0294300249164678,0.5335280375716421
00284,0.40655410853161544,53671.98287118234,0.8303324471933521,0.8083237654333327
00285,0.14233701702060697,53661.28574825131,0.8703500866155215,0.38532062866104877
00286,0.40351470735039585,53695.47362300849,0.9796616960223726,0.3885307642617325
00287,0.23989288291045585,53664.34008389476,1.0863714921719323,0.6047454741370717
00288,0.39815174281375654,53653.24977258584,1.0260730111823755,0.34925432362673864
00289,0.386078146659508,53694.69510596418,0.9557594168031498,0.7444114298222068
00290,0.38406774752929096,53629.397996700565,1.197265179078907,0.4313698351290919
00291,0.38524204626551195,53650.61175409803,0.8621660252703931,0.6825381482917197
00292,0.2353947501474195,53659.06152498785,1.0426085454666767,0.39240113346974137
00293,0.4002755230747118,53678.74049058081,1.0146615282799447,0.39396482640909664
00294,0.16785870387939728,53690.84839256165,1.179300829919233,0.3176558892187238
00295,0.3704269903210635,53661.904028294215,1.0789667954968682,0.6530037728761584
00296,0.3787282842092914,53707.18563719916,0.8586847410621373,0.7852485587813102
00297,0.2491482205155025,53652.527717485376,1.1672048875329029,0.5086468273102576
00298,0.2729679148313994,53704.17052953212,0.973843281923185,0.3967890210357111
00299,0.4246520591745756,53694.386955866496,0.924576494438226,0.6062318086400698
00300,0.310447514894204,53688.658130367956,1.068153352599681,0.5553738400026351
00301,0.4415752114807582,53702.48224734683,0.9746953215453799,0.6735049782800474
00302,0.29959958602666326,53623.712721753,0.9999493912256483,0.37528923180120327
00303,0.37890055786656635,53676.34277776786,1.0638675907737662,0.31023252780536703
00304,0.3063693579454387,53705.572064245374,0.9826677581718174,0.4280193099058943
00305,0.2952443105696995,53635.7693910035,0.9889201498976173,0.5135263702458576
00306,0.08299745916424009,53659.014033563435,0.962142131125471,0.5524490251909221
00307,0.2979840588316693,53692.677944709656,0.9152042058864884,0.6829547839982917
00308,0.32394302888941545,53696.6160308995,1.123773129607303,0.26588636884245664
00309,0.40844144806171556,53656.15929443432,1.154956319980644,0.3327889399460986
00310,0.33521928504794735,53637.087905623106,0.9297656005319928,0.9638745032738644
00311,0.26779781319375373,53691.74422250824,1.0532596766039712,0.4991097276590507
00312,0.3593216547690675,53624.0675284916,1.0125817316485375,0.7165030440219626
00313,0.26805872119986107,53698.89028435588,0.7647364106112224,0.7971124772031029
00314,0.23699735411556602,53619.18919437217,0.8223386636395231,0.8034207366188123
00315,0.23295254298980825,53624.233065096654,0.8503788937283463,0.6043857745619154
00316,0.3639270703220912,53653.55477443163,1.0378408435125361,0.4445862946166726
00317,0.4121440785242926,53701.874267696076,1.1502017869768464,0.7464205089987939
00318,0.36862826356357986,53654.19577422989,0.9012732441740452,0.436034855116766
00319,0.17320686472177843,53665.107110314704,0.9059211942379441,0.6357783541290252
00320,0.23854349384565426,53621.73308226976,1.005925207042118,0.493467272281713
00321,0.43132518678882104,53644.81303590345,0.9208600353778349,0.5918843135885394
00322,0.43517271044877137,53621.1779831233,1.0784263283546724,0.5125080384588535
00323,0.39938707137776436,53616.052687317686,0.9827186694162182,0.6207972087080926
00324,0.4381831080813495,53662.513194781954,1.0534445404039459,0.5723742732212271
00325,0.2648337484877823,53620.32134402235,0.8339284015097403,0.7057447209155507
00326,0.22703420172339775,53701.9123277993,0.9438418605905158,0.5628560468289098
00327,0.38514448716295846,53641.85007372416,1.09039441667294,0.11209712596229693
00328,0.15859975285890687,53687.2083768736,0.9604868634611735,0.5328258525825319
00329,0.17895403032253615,53666.12262750477,0.8892303093059828,0.47814847118643705
00330,0.43327070984687976,53640.617206096125,0.8848677719094483,0.4726147724263047
00331,0.4322179264130518,53637.10664567506,0.9392070155890578,0.6857181239614574
00332,0.4012861087984273,53631.55968794961,0.9069374668343027,0.7104027359390447
00333,0.3545646458096854,53671.09368293571,0.9740312361624311,0.33127928245738075
00334,0.30328760348401235,53651.565196733085,0.8807809547950155,0.6738921565042142
00335,0.4243333321331908,53669.44613658089,1.0403635823783057,0.25399792781111524
00336,0.18972349444029674,53620.873069109344,0.891250841743917,0.8377424140927618
00337,0.3820429246485142,53630.78318315122,1.0220296420766406,0.5044004854505417
00338,0.4001409320451255,53709.13897472796,1.018334092528597,0.49409327848110274
00339,0.33437712241063605,53642.018045856355,0.775743739995467,0.8298745299098622
00340,0.23746571457674495,53647.932266616546,0.7943185820755618,0.8514737112044601
00341,0.4396907667281156,53661.836482800936,1.0474122063891873,0.6565343490359186
00342,0.2626768085338931,53676.24656759334,0.8970350871720413,0.8142912596750256
00343,0.4132601504811863,53619.441251569864,0.8108019845830007,0.5444555441212935
00344,0.15235771739786358,53618.465492075105,0.8164635614542528,0.6232365821375222
00345,0.419086980618109,53623.427037987385,0.8231917830039406,0.6211945592201006
00346,0.4108202159714523,53677.778473169004,1.05796961231378,0.40691600790426097
00347,0.3442993017043794,53694.96853828324,0.9684371492499617,0.6381027611323211
00348,0.4209515510600915,53700.90079670749,0.8659129061585118,0.6625580882526554
00349,0.21936976051594484,53633.03821919044,1.0537035780121102,0.4633514139742935
00350,0.3681685294527897,53676.96291967021,1.0298822333617665,0.48630125017011094
00351,0.25076177394823823,53670.41603016695,0.898543889939852,0.6796343231008759
00352,0.10939144116281488,53663.36400373623,0.9324481005779031,0.8690313264146671
00353,0.4056184987973701,53673.947810097765,0.8449903885827305,0.6769933640907332
00354,0.4353246241027021,53647.233097491255,0.9434671408138238,0.6489394777413192
00355,0.36457681016371607,53664.434570963305,0.996456246630087,0.6609205164914193
00356,0.23206415918656287,53644.710347691005,1.0060377672022391,0.5879025708983296
00357,0.36652209000898134,53635.69040229924,1.1914728998786257,0.17086295750553843
00358,0.37722448800516956,53623.599763177415,1.0678803171947853,0.5088542931316812
00359,0.44792745088181174,53677.60441528072,0.887929068441719,0.6116748053445555
00360,0.2652697826306538,53666.03628891354,0.9961792378996953,0.3430308175207996
00361,0.44024386244422503,53701.63226081484,0.9614964810093526,0.5176855377597414
00362,0.3512514301973727,53640.9554432612,1.0108669643595771,0.25321593327123604
00363,0.44613945978790387,53631.87918802435,1.1027195671419199,0.41765694639621526
00364,0.43770638276499274,53656.330233468245,1.0241669069652906,0.5783464044752095
00365,0.30947332467631083,53645.282224521354,0.8532091877437747,0.6721477698197486
00366,0.4096455768827055,53629.145949741636,1.018348713187346,0.40928861152178586
00367,0.18650846499454515,53636.5180384292,1.03641198579188,0.41010914466095916
00368,0.39939166551020533,53642.2859800427,0.9306298293375095,0.7569931187506379
00369,0.20945091887127526,53678.53408435837,1.041478594825897,0.620352684815939
00370,0.12111735099640655,53663.58366644902,1.0115842539990298,0.4110312081808667
00371,0.3499024741718432,53681.07759872649,0.9179344684048736,0.7062129898845191
00372,0.35910489880490326,53707.61995162714,0.9188566373529953,0.6745817142309819
00373,0.358590931597723,53671.47951320563,0.9128910164033438,0.5855571923216694
00374,0.2513132985483939,53684.3187289662,1.0185319263762556,0.6336915286807748
00375,0.40733153717645126,53663.29868539777,1.138182654488927,0.34085375046146227
00376,0.41744765773360465,53670.35428406632,0.8730660332453781,0.5392237295278716
00377,0.3719952244362095,53635.551994610854,1.0316111897127551,0.45177536129962625
00378,0.4177757910808364,53709.6072718374,1.004814733831665,0.44729559527796675
00379,0.4466941936471992,53632.26842083632,1.074728328747727,0.24244716527139515
00380,0.3036946162054525,53666.77643163795,0.8696373694483954,0.6652864026110326
00381,0.28531170874356765,53667.40092578347,0.8467968573047895,0.681703364669757
00382,0.29438889791419715,53705.234793650365,0.9361199175581413,0.9407081358311211
00383,0.36139084967568647,53671.363439407425,1.0746531138411946,0.21107549178486407
00384,0.2687305739488569,53649.92347727164,0.9669058178269405,0.677805006402911
00385,0.06690856373838472,53673.77502765526,0.8750227353316968,0.7157221891990517
00386,0.24174676267883854,53635.30101673364,0.9065651072262664,0.5525228770681312
00387,0.41918462512325305,53644.22886610967,0.8091824818516433,0.9044296871051067
00388,0.22078907878480297,53696.315444422005,1.0696848841734885,0.6590772369842883
00389,0.21018918844222723,53664.571914126165,1.0019081435059773,0.6485837160204833
00390,0.37107481472407267,53664.972307285556,0.9945757402071261,0.63366736010485
00391,0.021134164793086434,53645.994425810306,0.9780328944188007,0.6665515962305275
00392,0.34983404738693913,53697.7610802985,0.890367986321486,0.6963426534992395
00393,0.41091247082694643,53632.122656304775,0.7767632967772639,0.7193433138511629
00394,0.30297858475299944,53695.20241371003,0.9504498926682678,0.44835496339369624
00395,0.387370915403948,53630.15279777485,1.0188016968538118,0.3638776189541929
00396,0.38917213884122404,53640.07461098113,0.8045292389719831,0.8113672599229222
00397,0.3016434396253032,53684.0956916507,0.8752084850247547,0.8113405406256406
00398,0.16675166775736577,53623.01100492994,0.9432312932397184,0.5151609317949073
00399,0.21255790785538786,53683.60302652956,1.050375828319563,0.6138844257932117
00400,0.4002574434921391,53673.45502763819,0.9226603679689162,0.6479661581280878
00401,0.2551342817658515,53681.31180931043,0.8860122846026457,0.7275435422176284
00402,0.39337068513566437,53705.80051140186,1.0650448257824279,0.20024580384962393
00403,0.2589605348378753,53615.8312526812,0.9271080605871727,0.6634277201079681
00404,0.34972893090909596,53659.23536366804,0.9920534595703413,0.34263157661217924
00405,0.41141048439733907,53673.1820048743,1.013043509309492,0.48491626011966105
00406,0.2534629187423595,53650.449047821,1.0597955442489186,0.3041999813370692
00407,0.17743555385761325,53657.404751576105,1.1126603448197638,0.5510974613726549
00408,0.43980728607746505,53664.49036047496,0.8643954647402362,0.7727049557653755
00409,0.30968105640498705,53683.98185858263,1.0837356077023759,0.28322344095466595
00410,0.3290066538588248,53686.74946198604,0.7800032675973207,0.5683612795622938
00411,0.4264610006158434,53709.00346277223,0.9911669328337862,0.7011284487873184
00412,0.4440468219131102,53682.36693989936,0.9229407230733595,0.7073363845158851
00413,0.2776978962674275,53621.310257635756,1.0134731191750865,0.41413372879582244
00414,0.44467658546848715,53707.998264391324,0.9903760522640717,0.4683129911107444
00415,0.32567347894899545,53689.24987303454,0.9864503581043668,0.7122623864512123
00416,0.33086658157364546,53633.795995307984,0.9951153513575195,0.430093375899925
00417,0.4446294795649162,53693.59038935158,0.966200922187685,0.6589437877832378
00418,0.43090225011317507,53623.79498174415,0.9122592483364647,0.6763055816615472
00419,0.4365451857955053,53629.01420172724,1.1105812659075223,0.27391665575897933
00420,0.2623535789930239,53626.70100513737,0.9113101799462009,0.5722057006850787
00421,0.3484210123662869,53665.55137418078,0.8872994618177588,0.5795942209915155
00422,0.2325838137067755,53697.29099866458,1.1679605010602154,0.32555485078906954
00423,0.21123730203934246,53704.71297222815,1.0576999606124768,0.44099086406906884
00424,0.4265308870143241,53682.09971838373,0.956687047048152,0.7120686143341532
00425,0.3574704996220195,53649.56012981501,1.0529270853782613,0.45895063218064297
00426,0.363823160850051,53647.52773443399,0.8479909388920132,0.6804064030075684
00427,0.2572347155898574,53656.170499680826,0.8627612935401437,0.5576242172217737
00428,0.17908680689593426,53636.05066581103,1.0024527380263721,0.6986160027981713
00429,0.2607351896163424,53656.36946645421,0.8576896457288585,0.6734732338252115
00430,0.42813132878253674,53683.34983466278,0.9667665118865688,0.5093599480062202
00431,0.15584796816023486,53666.139601441915,0.8287621998965533,0.8552014074282246
00432,0.19187456262303765,53638.01894656286,0.9798385137590764,0.3525585507636509
00433,0.44962055311872967,53663.5931397501,0.8145664713886638,0.6461221914598004
00434,0.4057456535079856,53625.613727931974,0.9492845522591586,0.418918605013689
00435,0.32894535875374353,53632.03594125148,0.9625863275526619,0.5963952571538655
00436,0.2874467620463126,53703.087422972894,0.9682417911239299,0.5591433331075618
00437,0.22941830244711334,53630.4938238578,1.0636219006936452,0.5573203030540703
00438,0.15477321557148335,53638.01154734979,0.9926617865472638,0.4617443075191936
00439,0.3639827430443943,53655.98902105749,1.024132876010786,0.48548394000641204
00440,0.30437154352459117,53691.75259239822,0.90807599176617,0.5231445963500203
00441,0.4310596858484296,53683.99530404768,1.0154987035882936,0.3794819624250684
00442,0.42506869994191293,53707.370283561344,1.0273248960979189,0.6387467030564768
00443,0.414512661477747,53698.65966089271,0.9649745042816901,0.4906065280587439
00444,0.3133667325811006,53700.562160992806,1.0983170785867165,0.5398918118033269
00445,0.3619995442680928,53685.42109921186,0.8587113575613253,0.8163618746076895
00446,0.29840234727583786,53660.14569897128,1.0058196644202144,0.507584620607811
00447,0.16599960317750342,53687.92263167463,1.0294515624823646,0.5510388599272333
00448,0.13994040611581812,53675.74961221704,1.0701244296159556,0.2952378159038133
00449,0.2908677789379003,53703.308759309155,1.015773868311149,0.5474869379119
00450,0.2777526120725225,53641.926000019106,1.0921886882740741,0.36117145965335506
00451,0.33724027111452604,53651.2596494679,0.9451103653272844,0.5462338881671369
00452,0.2934384089259122,53691.56069359411,0.7919153391331762,0.7659172806375887
00453,0.32436164091092795,53688.9913257168,1.1809333061166853,0.1386958153149111
00454,0.2912815957937573,53701.98285733317,1.099248891943619,0.159609389740128
00455,0.23024990450641108,53684.73101791251,1.052122907449757,0.36971357618421363
00456,0.4471271204636901,53627.25881705041,0.8448420412628947,0.6972592389324819
00457,0.28480435214058775,53696.24648411505,0.8898741525245517,0.6195387604025749
00458,0.2737369311352751,53687.31620549905,0.9999865719938656,0.5543110764935768
00459,0.2177390315909018,53700.346929878666,0.9920575202337579,0.3943981496523414
00460,0.37294860472533725,53669.36512327196,0.8975581647768129,0.5199406502110165
00461,0.38569267139182584,53696.04490387465,0.9056900139465789,0.5013579456214131
00462,0.33407102209409123,53652.2116006303,0.9613413304626215,0.6108743944133433
00463,0.11841558828845937,53700.23295563579,1.0152513065542574,0.6233042537786118
00464,0.3816516743848328,53705.56987964721,0.9493078544627908,0.41583329286988935
00465,0.22965666491177453,53655.00432741702,0.7931033494277222,0.937960330049315
00466,0.23593874996201936,53708.54731666264,0.9483170248123391,0.5400978525046217
00467,0.42688224781414097,53625.98768816672,0.8352279576946274,0.9280354883067923
00468,0.370070175945819,53684.40232835782,1.0723195691657732,0.6028329099568146
00469,0.3023321180889443,53697.260598938694,0.9939396827281809,0.606620542308109
00470,0.38551687010073654,53665.12411436952,0.9686551561068516,0.6778871011668571
00471,0.15776572680483164,53696.810347952334,0.7971068480300806,0.7554385779752376
00472,0.3483935457813512,53651.937659977135,0.9227597615077275,0.6792711148167336
00473,0.4291087806328703,53686.18443308661,0.9530260414948404,0.7316997493411986
00474,0.3639497870532642,53706.82119376356,1.0957144065054316,0.27356086932167956
00475,0.35869455376746195,53676.6035805545,0.9814181699385488,0.7603179473941415
00476,0.34827465851390293,53686.43816645662,0.9362821236529654,0.46751777367508107
00477,0.4385499222078384,53688.42918376163,0.933181688757736,0.7525613381086345
00478,0.33814609872930973,53666.899581938036,1.1074040145901138,0.28669104068986606
00479,0.3989325906597109,53645.31290048345,1.0860696761066677,0.418218648492533
00480,0.30780445297306125,53693.110439131895,1.132695480231463,0.246023791617902
00481,0.08282881921101548,53647.5842738331,1.1817522052051725,0.1965040564176328
00482,0.2776111339759831,53679.92904267759,0.8245257852418041,0.9172373979929116
00483,0.257102785316248,53663.990218950035,0.9957417841583285,0.5161368429548739
00484,0.38956273560252125,53698.75138883841,0.8671803751423417,0.6514174535326045
00485,0.3769047971793776,53692.53778413044,1.0356081474577645,0.6466191494088023
00486,0.447746038379885,53616.84551141831,0.9508241067582981,0.5514369137386839
00487,0.11671789432029676,53638.15905769459,0.9503797871221014,0.5612150162958384
00488,0.4343367571294867,53635.43407470364,1.1290500491006907,0.4964290637024276
00489,0.3727141423981753,53629.1969005471,0.8462604480222679,0.8411855465253133
00490,0.17072092975868255,53646.071466366884,1.0822924692059444,0.43776443663819115
00491,0.23084420665630187,53636.22056256206,0.9996903405752318,0.45218118126053947
00492,0.19416772668934149,53623.33181912573,1.0580225506571799,0.20826630713166644
00493,0.39515674931131617,53700.245391634984,0.8683439914901098,0.7401874891235388
00494,0.32919818070228357,53678.98589052386,1.0131892247527874,0.5518580155155994
00495,0.3185963344039329,53616.76091429629,0.9748300992230059,0.6060729246853072
00496,0.05716637261199336,53646.862026501716,1.0093827667571786,0.3912659071102414
00497,0.29658014911978636,53662.96355198466,0.9751996647392326,0.754459933644364
00498,0.29787908395554474,53707.62112231025,1.003689757308346,0.5036383965367989
00499,0.24081748357331426,53691.761859069746,1.056291197535558,0.5618180265733098
00500,0.44803218927837807,53617.17547875312,0.9231709225669396,0.6029530049433264
00501,0.2530537907097661,53620.21136446632,1.0394890897986102,0.25151879841282376
00502,0.14534819251155198,53703.68207768696,0.8674603702668959,0.8236022820078284
00503,0.27215149120458,53658.963263053265,0.9712229555496659,0.5011828555729998
00504,0.35571295034725364,53696.583002427105,0.9997887943884534,0.6664540359291635
00505,0.14588395282846878,53638.55878573298,1.027515230835536,0.40651690162298404
00506,0.36025112251602615,53686.25059714827,0.8517948852487969,0.8364140822562464
00507,0.2263581709956408,53629.54001044102,1.0635930273760397,0.45739051307988643
00508,0.2863673199398678,53692.132334142625,1.0689521912624098,0.4608058630338802
00509,0.252341741458263,53624.43915644673,1.0833889175100688,0.3562272465130406
00510,0.40354606221254274,53707.088038652466,1.2233981202877084,0.18063461364233946
00511,0.27715971469213396,53643.368886945,0.9953704406335906,0.34692031171338283
00512,0.4284532555289935,53660.13946131713,0.9989012616837707,0.6750144623233992
00513,0.3571251365534326,53623.166505495115,1.0861412827976058,0.43443484721725534
00514,0.4454732365601215,53695.49563276922,0.9251677052802423,0.7734542380519391
00515,0.39821219329761315,53709.69581834005,0.8323160061566145,0.7256239455968772
00516,0.32009742550642784,53634.090686737065,0.9188358588562151,0.6988570024810542
00517,0.2973836303570693,53619.98027946383,0.8645719149670966,0.685190418649823
00518,0.3827427336411934,53627.09716437734,0.8580547902095258,0.6039020897130793
00519,0.21080976616369856,53639.480680232205,0.9048066128684061,0.49796740648466686
00520,0.37273054953033036,53690.4281481305,0.9812774925342845,0.33628076357864056
00521,0.4390472202543293,53653.01362242462,0.9873748688638829,0.6206200090554281
00522,0.39172469167522184,53674.337864994224,0.9029936284525142,0.6220870349932848
00523,0.31850242825936237,53653.308225345805,0.9148547562282585,0.5419573164534712
00524,0.3721111633215174,53661.31230599547,0.9061107162913621,0.5054527351347118
00525,0.37751722787106895,53651.96828208557,0.9746687627699814,0.3863549238619808
00526,0.444365123254796,53665.46078784584,0.9138236171628881,0.5452275175132726
00527,0.4187211713083999,53678.14460776703,1.0775893103011533,0.4370688306183531
00528,0.42391082603732616,53692.85692911411,1.0685257999645406,0.6556046146667134
00529,0.14443579165762982,53701.896618897605,0.9934193640426091,0.7026579543342517
00530,0.3124030196038953,53635.56057508971,0.8654073052607278,0.6094226690148635
00531,0.28299621994220614,53700.37597971365,0.9215951739738577,0.6135308102808539
00532,0.11882961279378458,53653.775985773136,1.1107519726563435,0.3480220612073598
00533,0.3306785467282003,53635.15446092962,0.9612356501213363,0.3640806747791648
00534,0.3899800109859643,53683.56535704461,0.9318395705687359,0.6973038196096555
00535,0.2625970198940997,53660.570750925566,1.025723269141464,0.4655085485777803
00536,0.24257819820210452,53628.34973719576,0.9768461566787839,0.8047258406400777
00537,0.4284392641364845,53657.73794175049,0.8146407208840705,0.8627058696489016
00538,0.4287625197468423,53626.59661683842,0.9633183818962727,0.3762252748735047
00539,0.37387860068916157,53672.194530753965,1.0480328689877774,0.6275449989372357
00540,0.35903756589050856,53691.42637875968,1.1104240660021965,0.2863779384090637
00541,0.40883074238141415,53671.46660475387,0.8392171371455645,0.7072626673254161
00542,0.22492775201602022,53640.484986907184,1.126247569489614,0.2604653946811118
00543,0.3986413810339683,53677.11875508521,0.8546875779554163,0.6908768835090666
00544,0.36158382014060897,53664.576267471566,0.9067662882426397,0.4517878147712762
00545,0.44849456775505525,53649.69531010678,0.8239916722195825,0.5800188568239779
00546,0.1231092677570999,53649.998964678474,1.0679136605756272,0.23857698866591714
00547,0.3720531182603618,53621.71543590696,1.060231082172626,0.585155174007181
00548,0.40803453705683035,53647.48472592196,0.8884570686092355,0.587114962108963
00549,0.31100802758630186,53621.55625284489,0.973012600217995,0.40181866377161235
00550,0.13721583800720621,53617.429073320396,1.0209815760890655,0.5573956089460821
00551,0.3322172417006135,53625.819837238094,0.9141933067201774,0.750504956487092
00552,0.3180880592933702,53667.68532325333,1.0878972432526084,0.24169788407175768
00553,0.3458883858007937,53618.702760898224,0.9505446702753056,0.7238250891455082
00554,0.2971702233871352,53618.91450540501,0.9657306368279793,0.558587536602527
00555,0.4271662737480603,53682.042442113576,0.9062658475408327,0.7451073288922058
00556,0.16393089905941793,53697.693599609265,0.958601264066359,0.5851548289827616
00557,0.2984561167313123,53656.049112970475,1.0588596207998069,0.5219036246772111
00558,0.3629217208692015,53664.18012476634,1.0949943187927256,0.3267880597781552
00559,0.4156091593704216,53618.7212211834,0.9804061460312906,0.7436650098818726
00560,0.061767379184123755,53664.327292835376,0.9775915176087713,0.6860486358318187
00561,0.38168806132101185,53629.40425132604,0.9208334264834983,0.6606580875057466
00562,0.27045788079475724,53631.5316406397,0.9402803133183745,0.6690697966841291
00563,0.3855502417379355,53693.27498676966,1.1482053295691521,0.3885734702782554
00564,0.39155304812130065,53630.681554806746,0.9783664881280704,0.7885202550193073
00565,0.27983499567180803,53634.044404701206,0.9932386723614248,0.8544965622440419
00566,0.3555783174414696,53688.14616729838,1.1164643809827082,0.2822458507677937
00567,0.4031045388304677,53702.44016332971,1.0241573155409367,0.7167124887970707
00568,0.1650588665610961,53621.80226520056,1.029586944284886,0.4304759009212361
00569,0.29077810972980866,53630.65099112672,0.8771754260164057,0.5261996476745792
00570,0.2515714166402352,53632.68752082324,0.9712018599594867,0.8553158729216994
00571,0.369337578110792,53638.315555671696,0.8918878899954773,0.8477924131745384
00572,0.3440072726083116,53653.10072269057,0.9323618181024058,0.5750347094964996
00573,0.18392046455712868,53619.45816134472,1.058726804582061,0.4071898967543489
00574,0.2723427419717053,53659.42121010571,0.9279357038935129,0.7037061722467455
00575,0.30488026659059675,53688.05677551198,0.9220026920931239,0.6797790991819815
00576,0.3516466053524507,53708.3390520737,0.9693184617795163,0.6507405166671694
00577,0.3455119864541383,53620.36497422476,1.1140299245833378,0.5265998489068824
00578,0.4124962416557672,53708.20549237268,0.9145641549872221,0.6035931743696717
00579,0.26860915604354074,53624.60564708803,0.9768768761637006,0.6066812418869377
00580,0.3444323938644612,53707.05200476992,0.9498052572279114,0.4968909785855861
00581,0.20226148799113625,53690.458092259156,1.0813750125500712,0.24529924315150897
00582,0.3907379342920424,53615.00929774972,0.9912105595687777,0.4977939078339051
00583,0.31065175113544224,53671.84624119654,0.9532772232701862,0.5975236411142489
00584,0.3275327154563651,53705.74938777503,1.0067820566767252,0.6479232111448076
00585,0.29951784702949324,53635.34693200955,0.8555034943254081,0.7887236958443958
00586,0.34634315136389965,53700.80137326981,1.0055324447040135,0.6202010183677489
00587,0.24386693917577323,53667.01960489005,0.931231269598817,0.49070596735208927
00588,0.446718426584182,53623.62044100256,1.0729920024128137,0.35454178087969224
00589,0.13405472653011144,53623.48729322962,0.9858979769377483,0.4489037035735306
00590,0.21432733532854184,53622.92223749589,0.9093657553666684,0.5839519739129437
00591,0.4355339619763535,53662.731956255295,1.0887956155083656,0.40237427933883796
00592,0.33778014460946154,53618.034687471336,1.0669783543067513,0.3260204376990814
00593,0.4146421360721683,53661.42310397744,0.9577437547301834,0.6816121102382345
00594,0.3532251570489106,53646.249918865884,1.0146533887430174,0.727417656710243
00595,0.4396833253066986,53644.291542927334,1.0998876504374242,0.41794836001317004
00596,0.38880193127346185,53645.242146214754,0.9477312056988364,0.4430268230042355
00597,0.2187102675537304,53618.38622185712,0.9366230510802149,0.6748049706232139
00598,0.3629555802212837,53619.96399093345,0.9816305610892369,0.7246756405136853
00599,0.154154025417988,53641.32287998195,0.8859967532424389,0.676139569307327
00600,0.35683319743793995,53670.60900552733,0.9122670628310846,0.6505039887949681
00601,0.4244535318702087,53678.494725246215,0.9369990758640035,0.8150943172909926
00602,0.4092442734352033,53636.674144865676,1.075043979943219,0.504712556485305
00603,0.3593799904645517,53622.306849812514,0.8907787500896738,0.7540196715787703
00604,0.4019221913973788,53672.930255800035,0.8109998301041139,0.8025380736434824
00605,0.2722567880110663,53647.87611381058,0.9451746612652918,0.5347352429101484
00606,0.28458153487717414,53665.301421451324,1.0203473504657001,0.6525218893457714
00607,0.3718117896162887,53693.147239150225,0.8794524764648334,0.7570519425891495
00608,0.35863264927008137,53693.038631375326,0.9670169139876793,0.8398425131330142
00609,0.363005896564265,53661.17487835078,0.9331767822929904,0.8762522689184626
00610,0.4239510200229474,53694.279080819535,1.1399867593791446,0.36947776399843935
00611,0.36340097238545466,53695.68031721136,1.0043376279289309,0.5394346198355972
00612,0.42962019051278444,53674.72334718626,0.960956873093231,0.6319454018505115
00613,0.36810268710786254,53692.40617089166,0.9123196022331973,0.8253895266264977
00614,0.4050339742280131,53616.43832835102,1.0727399855781612,0.4099801353494501
00615,0.18264121826470753,53663.70984051608,0.9936665942414427,0.5168424782097294
00616,0.4435201583774096,53693.3631074754,0.9979495862615623,0.43934679090713746
00617,0.41800697178587126,53631.524539108694,1.0450109284291809,0.488858666934829
00618,0.35470592310108734,53616.13788342763,0.9834944896110911,0.4190871126253373
00619,0.42556554524077217,53686.45106141782,0.8034537935443857,0.816063975215257
00620,0.3355382665039215,53691.44664423804,1.0396025846683448,0.22977444832237137
00621,0.18158002235761164,53621.9199149078,0.9236267423594614,0.6056019928388912
00622,0.18629808448315438,53633.76242911668,1.0385874533928412,0.38853968365523855
00623,0.2118279944122925,53632.42410610504,1.0321582871994603,0.511774277604617
00624,0.36421483879533423,53640.65724780359,0.8746384061096659,0.5365907395829889
00625,0.3809256839586343,53696.137121764994,1.1978733861048256,0.38001748196611784
00626,0.42456707954317063,53642.28188041849,1.063111431703569,0.3680307741645085
00627,0.12566857347022742,53633.41859186926,0.8845158576437049,0.5811421404571715
00628,0.32049677699183615,53638.192532251494,1.0453398040285788,0.5499162810067897
00629,0.11578151818517732,53658.63154239162,0.9994505563939672,0.37970356468900857
00630,0.41632115695910477,53637.36842133537,0.8912714415383268,0.5536419832156019
00631,0.3725313022339395,53647.06773876401,1.1203532969980778,0.2722392137336144
00632,0.1870825363130753,53676.63150267287,1.0059441280660408,0.5992194551775067
00633,0.23285644153713292,53658.456847327434,1.0020452922667409,0.32467678703209063
00634,0.4180649510487221,53701.754939951905,1.0033479096543276,0.1063091236486074
00635,0.06986416293769168,53666.370860355244,1.1412248500960256,0.14695477463603607
00636,0.312657603304564,53619.90183645778,0.7895776962756608,0.7016498815736049
00637,0.3746699162326582,53699.94846460557,1.0007543115819855,0.483358423035633
00638,0.15175664084853532,53633.08088225078,0.9495507746946443,0.8433828922814395
00639,0.38148394237265726,53628.59764590647,0.8538567143944382,0.59667556075965
00640,0.19052343783461417,53692.70043396992,0.9312018816013893,0.7342202061324685
00641,0.33456714632990386,53703.182551489226,0.9786623518753508,0.5318158129162853
00642,0.16826898068777058,53679.37400113519,0.9609244124581315,0.2552189492653543
00643,0.35761541320255086,53623.06481770068,0.9379835513628313,0.6022605844188271
00644,0.4234383300534563,53642.32979592539,1.0313175683346534,0.4930018663588246
00645,0.3462973933208726,53678.560515427605,0.9174247215512003,0.7342954097651216
00646,0.3974531112999612,53655.296608328455,1.0119173959800576,0.2548522124314449
00647,0.20001823806761776,53680.29445842102,0.9755474542705667,0.6145053656931546
00648,0.4167408566152292,53659.496877729085,1.120183442684981,0.4585433700573325
00649,0.32476647784177165,53663.801385848994,1.033592085661009,0.40066461417316906
00650,0.3391412179692103,53706.60210584676,0.9481214371480995,0.5522426169934955
00651,0.32083533752610816,53632.317299544346,0.8463095016072049,0.52210490680832
00652,0.41512530520319624,53660.316505725124,1.012496306145138,0.5407043830355118
00653,0.36829836040720054,53670.404228040425,1.1459015019143801,0.5268920376509136
00654,0.43618003812584016,53637.61549228102,0.8818940640125692,0.4142332122369057
00655,0.3837078454750438,53706.7151443326,0.9423065455654711,0.6570496546944784
00656,0.37658180931447593,53655.2191873995,0.9818336075524736,0.7303349556534704
00657,0.4473252474106243,53688.613613343354,0.989117083380731,0.692023436175304
00658,0.2970541215573567,53671.73475041546,0.9201791645152931,0.7583208570605406
00659,0.3245929812810488,53675.929969407734,1.1281207528809265,0.2084508036667489
00660,0.4307865225638421,53651.0429106858,0.8939689589501081,0.9303565700999901
00661,0.42092286632842413,53620.74731838043,1.006403299267268,0.42241907923032007
00662,0.31893655159040174,53625.885527562976,0.8347308814668247,0.5678460307887866
00663,0.3912390877982779,53683.12403414415,0.8236653982365764,0.9007720348313206
00664,0.2387405932478565,53657.47256313782,0.942685818824343,0.5138633821114102
00665,0.4297415678999129,53692.95950860493,1.0197949779402953,0.444196787601779
00666,0.3380206916253004,53697.887164264124,1.0295066697290463,0.4509321250290002
00667,0.2441596252314036,53627.23116424965,0.9005617342216358,0.7630767176627519
00668,0.2868704260010647,53653.541222667816,0.9824808848836671,0.27604840775647155
00669,0.41858246342953104,53654.27343184361,0.9727228652785624,0.5706693965949605
00670,0.16149910095715075,53654.22961869202,0.9607875478930255,0.6434269265768898
00671,0.4151711810533242,53630.527354106205,0.8957869482028696,0.7190689523588991
00672,0.11344431721636446,53705.50428232906,1.0443547590111586,0.6939203349606913
00673,0.39741824960574845,53669.98568058732,1.0003908318993868,0.7653580984253554
00674,0.23377751250083825,53642.20805932682,0.9283410308205142,0.7396940121422508
00675,0.33814512230081906,53641.43104154442,1.0846399822478974,0.6003468696848691
00676,0.32327032791798793,53708.82988389625,0.998102119990404,0.3959013002288022
00677,0.2920273332792422,53657.095932271455,0.9617424586229033,0.4941180098100396
00678,0.39860468782166947,53626.25191943257,0.9337757776466569,0.6607209083274072
00679,0.2653852599709168,53675.53754856669,0.9349045788531523,0.3924849521965052
00680,0.4126605722711918,53630.98330611136,1.0854250270959462,0.5455639099335814
00681,0.3897880949442164,53619.91138258504,1.0892805047747662,0.5662525024107048
00682,0.40123052957116684,53684.03115222564,0.8693543059059533,0.5165340965088915
00683,0.3818575515421014,53707.617787673196,1.0993606746623932,0.5748210594227857
00684,0.3214710027592632,53647.30333644588,1.1174226889524723,0.5373973034584807
00685,0.3825987277734171,53624.79020918357,0.8909453338731698,0.5980939502018248
00686,0.21332468937560212,53701.27724265908,0.9644303283947745,0.5230072345980624
00687,0.3955382709555171,53622.86973907212,1.00322990631362,0.38416622686951607
00688,0.304874074025381,53690.408072180566,1.0162120337707397,0.6151993319516492
00689,0.34773011153182387,53649.20065960152,0.9127387349605911,0.47177193062961453
00690,0.41420766405203346,53629.171050144534,1.083930220646283,0.3548755755233018
00691,0.2642206641058133,53645.2339486944,0.929491907012029,0.7144283303497552
00692,0.24237282558586817,53621.764111872304,0.9221960421973778,0.4796659006285193
00693,0.18002320814804512,53692.28300880358,0.9962560740409212,0.806046155390654
00694,0.26900399588944296,53615.3299790901,1.0334789233402952,0.44938065363014135
00695,0.12861914008053477,53662.999603700984,1.0943646467963823,0.673458348409554
00696,0.3653913952761403,53635.979991738204,1.0093412504304655,0.7529542165962926
00697,0.164629660551658,53655.74464554128,0.9798300766269565,0.5457291987692932
00698,0.43576912992835476,53699.93705176179,0.9957380635745154,0.7257608825558852
00699,0.2229819598159204,53644.34768709526,1.0138838906643257,0.4271544198132601
00700,0.35707013726934167,53674.39579642246,0.95414284162188,0.3808465349395852
00701,0.3075425696853025,53650.67545532904,1.0193164759855011,0.7106816535976992
00702,0.3011142401943654,53645.5935232331,0.7116363714175019,0.7605399939428145
00703,0.30072577848655957,53643.95905061764,1.0741582413916646,0.4517031335926567
00704,0.24169998939494863,53681.37265311872,0.7892148787763863,0.9617579865543253
00705,0.39415596128334573,53695.31457357902,1.0166144110127426,0.4947154394645385
00706,0.3971967537297243,53631.61165271681,0.8507515655170077,0.7058225094563465
00707,0.40207049864193545,53667.41150497433,0.9192080347928305,0.5270386127169625
00708,0.41678015047588823,53676.7352046837,0.7354331247705528,0.7777370475978628
00709,0.22642149275782864,53632.138763341645,0.8924513569578604,0.6295073770617045
00710,0.34558646569289464,53626.41747166906,0.94722938234569,0.573787797771947
00711,0.2907353212854498,53657.94086176302,1.0069091882154628,0.4537646804108789
00712,0.3893886149937622,53668.286010288815,0.9879492743365762,0.7482165707465799
00713,0.14249589032513,53649.95779789978,0.6889119938993142,0.8424888965455757
00714,0.3261886146959252,53700.861052493616,0.9496820647348422,0.5781891351203228
00715,0.2966700346713346,53705.68382656041,0.8187530641469983,0.6986408385597233
00716,0.43488496760642364,53694.91400752419,1.0311668011273247,0.4448931404269263
00717,0.3948516568207677,53696.75397360837,0.9522650175003188,0.49059277366210535
00718,0.34027224265707434,53686.503392717124,1.1420905374626644,0.3670717450020599
00719,0.2846861944156212,53706.06157813664,0.8871095106152852,0.5897162081344289
00720,0.39051100402347627,53625.88212042366,0.8777832454885525,0.6891799564378791
00721,0.31941650542645234,53652.2170395293,1.017412113590075,0.4682642929319773
00722,0.373884872264029,53677.70387090025,0.8405520780616581,0.686647034664742
00723,0.32263280632393015,53652.712729812214,0.8798072540858092,0.4746330014181186
00724,0.4361172869559897,53687.270578120944,1.038193050605097,0.41987504496185035
00725,0.3192541275426751,53678.24067726614,1.1426857228122531,0.44215675761783174
00726,0.33884463208345644,53653.734460730135,1.0416632222870428,0.44775257991136125
00727,0.3421576379445523,53696.034193747255,0.9623512529489385,0.6110454648762526
00728,0.11922789997095372,53667.149858087,1.0938200549786075,0.46095979103045015
00729,0.2632262488979753,53685.86898340899,0.9109048099985052,0.7519102869367197
00730,0.39900788425282163,53623.228826178194,0.9752403780237475,0.6829520175379946
00731,0.43637083942259336,53669.94341107943,1.0922730633989381,0.6128111412934966
00732,0.23185671018887008,53653.355511913374,1.1236698258645008,0.42163796818434107
00733,0.4362513213052481,53671.09704457017,1.0741778087202998,0.45100145534441594
00734,0.2607142770612602,53685.383822974574,0.9206887362191183,0.6636810270963146
00735,0.2999982155255846,53683.02356711318,1.062723416293138,0.48233164339146806
00736,0.1912785464116672,53633.436721162856,1.139482802919651,0.33451388625507245
00737,0.4439001982705947,53704.564451332764,0.9686926332323453,0.8480474538184877
00738,0.2812662410637694,53660.57228413149,0.9038287541402078,0.6170925812461094
00739,0.3173351641090127,53691.62199629187,0.7086161134790263,0.8869706639064362
00740,0.37645559878420687,53629.80691883577,0.9735952210069037,0.5899987251328735
00741,0.368911132036464,53657.00784886161,0.9863678044655093,0.5859466972420516
00742,0.17985885326787743,53678.48779868494,0.924045084278651,0.7844269779042962
00743,0.24647095635299165,53672.03795271145,0.9543194900671528,0.31599063108204917
00744,0.418484472410134,53682.81445427022,0.832081435646256,0.7163471030557277
00745,0.3798488600541218,53617.71544518949,1.164751843040849,0.4591136579615211
00746,0.2603717364587934,53640.5166556933,1.022697359192279,0.6085054003368481
00747,0.27646154915745946,53686.541074346096,0.9472674638126524,0.683648248688891
00748,0.43193959337852017,53653.94908302899,0.9633581287774329,0.23720112180658837
00749,0.3532014286031331,53635.68115809375,1.0350464629288527,0.46557537166022234
00750,0.3731415280255832,53661.089103939645,0.9177272647295726,0.7136634038951314
00751,0.3129041319860575,53628.947547040436,1.0712181767803568,0.47007290158278003
00752,0.4408722684547277,53708.67680968207,0.8270154468441797,0.8057903370012139
00753,0.24848102064424737,53632.80989734003,1.0111706375350569,0.6444677564300112
00754,0.21623805723870163,53695.64950432495,0.9809731703251225,0.3682171258974959
00755,0.41690963291378647,53688.55200411596,0.9147619059375984,0.6089640142884273
00756,0.3695041265742915,53645.69223928512,0.9127103363812361,0.7236194955766057
00757,0.3217527010073464,53621.29030656023,1.0749527271882628,0.491870024754083
00758,0.27862809577832937,53633.841813875006,0.9418616627209342,0.5993916971488252
00759,0.3715348890431594,53647.14306450787,1.1009730585760171,0.35553627207252325
00760,0.42649751347132514,53674.24119112423,0.9467594025953293,0.7367297960300884
00761,0.26307221183780816,53698.091594913574,1.0135270340279439,0.34264425631723205
00762,0.28160410922277357,53664.70703292971,1.1372963590129295,0.1263775113269731
00763,0.4414777704023158,53678.692731365634,1.1370733172330687,0.49098925008431216
00764,0.19405265234708208,53634.217986136566,1.2499806480834466,0.4552793314218705
00765,0.44070960370561557,53674.75173292437,0.9022696386730472,0.7182885413963438
00766,0.3273384829494159,53634.90466554295,0.7432722709420896,0.6867534752002529
00767,0.443167432227633,53702.55332238052,0.9679938734023296,0.7681127386606117
00768,0.3071661441739562,53682.806920166826,0.9648103220204843,0.6492821356367601
00769,0.3664199978142553,53704.94054304696,0.9978699991924608,0.6762818886978846
00770,0.32275206204727025,53697.121630740134,1.0410976238418452,0.5566604637503795
00771,0.32147964249688327,53700.799984181904,1.010292502995666,0.6040777537867271
00772,0.2298240890028447,53640.2799030002,1.0532066844260632,0.4737234921218113
00773,0.21756505978684026,53638.97436047305,0.9952564343963562,0.39018274331166997
00774,0.36761057904367067,53662.097564514625,0.8162944938830862,0.7814672368346329
00775,0.4053857904737923,53667.50321740917,0.9848761297859223,0.43338948105723873
00776,0.3433260674862335,53651.99803235111,1.1439731463450082,0.46796856869814085
00777,0.33248504633058745,53706.64374797358,1.1046930292102135,0.4176069880775143
00778,0.3720801383093739,53640.72113312409,1.0539218897318,0.4346525918548868
00779,0.34318231436711955,53686.02272725713,0.923389831476479,0.6302292427226939
00780,0.35492113047228047,53635.84719373034,1.0919854592520735,0.6575267255429477
00781,0.33287712763450306,53685.24871912303,0.9856587266896066,0.37658353831615515
00782,0.3789346411159799,53656.28464228987,1.0313354527518581,0.4202785091025555
00783,0.33116413049815385,53701.29825698399,0.9812015154892559,0.5591883286577155
00784,0.1338483031129763,53702.88882426178,1.0706522314672675,0.41682591519587475
00785,0.22588165035261043,53684.16244025487,1.0415072747691179,0.4612518509483639
00786,0.15358906225485644,53633.00453767368,1.203432078193267,0.1908307054460761
00787,0.42713630614737785,53615.61732366934,0.9733182341306112,0.447319244913428
00788,0.4228982807814964,53679.87662325421,1.1746030572698425,0.24862591580190507
00789,0.07685215491567036,53620.47689421294,0.8481135444516443,0.8811151736621992
00790,0.38383406119564056,53626.800906539946,1.072913320534079,0.39494340728862265
00791,0.3811202064817363,53616.54762671378,1.0986117826451138,0.19708985122505535
00792,0.23119692361758287,53635.69445226456,0.9716160498363043,0.7139764406778174
00793,0.3974901578182733,53653.85619165952,1.095562310725989,0.43971768469263156
00794,0.33058428598018175,53687.48912254239,1.0508896628421172,0.4723818345241946
00795,0.14674271207208248,53648.65423422274,0.8449204212372358,0.7050708461704716
00796,0.18393951645627132,53679.46933531587,0.8956423731457199,0.6504889107087973
00797,0.2756858151938273,53693.9809449559,0.9116586730787926,0.5510675488185951
00798,0.21735398430651043,53689.261109339684,0.9470129438508785,0.6266944049920888
00799,0.2808374195452782,53629.110554840045,0.9321287422395681,0.7217768968310053
00800,0.30996079686504874,53627.33833427555,0.9127421109356956,0.5010052032970524
00801,0.4070368245014695,53635.41947466959,1.0903666158650378,0.4206204281579363
00802,0.40831068039149876,53662.04565314801,0.89073781260228,0.8585258168506446
00803,0.3423244499211452,53669.78489398815,0.7988696936488093,0.7576459936034038
00804,0.07646686393247618,53649.674517599844,0.9395390631921382,0.5904513721045971
00805,0.37122589737283895,53616.00703662305,1.1177785043950534,0.11114813550830366
00806,0.4178381949812631,53648.868304711425,1.0604454592309274,0.34271516596424406
00807,0.3585047089837524,53644.53581779947,0.7772518559858836,0.9623673965909441
00808,0.2008516773419865,53698.43656299376,0.9135883620616607,0.5890128185187231
00809,0.3851646040479627,53632.15809589556,0.9721848943152273,0.43555069412683495
00810,0.2899551625310053,53680.2360886571,1.0632064930699883,0.42274861581578405
00811,0.35484284685742845,53662.99244994032,1.1351578860794898,0.4710811547723881
00812,0.24220585865686278,53690.01216198636,1.0470517751231985,0.6873953457846314
00813,0.3862893927183903,53695.2132151739,0.8600102116901183,0.43344835799764525
00814,0.29649488524639833,53662.914849701876,1.0504738659737476,0.46229020864043224
00815,0.2269013458034566,53630.42266860453,1.0692901913811255,0.4857283691351552
00816,0.39677123535188696,53692.61474687246,1.0055878725034335,0.6206524703480506
00817,0.4492768320933103,53690.912143106914,1.159066437642923,0.33521333105088014
00818,0.2392494295863464,53629.722736577096,0.8175935548978059,0.8579632051869344
00819,0.40440131545044966,53621.81508585439,0.9208923307373381,0.7165548594770277
00820,0.25535522068508854,53660.12714965926,0.9583003118472889,0.7184546274482303
00821,0.3533879899468879,53666.988965422664,1.1617982550715225,0.4508409723893111
00822,0.365694373763374,53631.3019598091,1.0231409866455734,0.38856400700085153
00823,0.17738971842437842,53697.613158389395,1.0730435534738898,0.5296830205963167
00824,0.11486279957044192,53697.503646567195,0.9607214835493743,0.48527554877877055
00825,0.12166758110768039,53628.94866368609,0.9658329745528856,0.48849531422025966
00826,0.4236909452712169,53672.50622290026,1.0098869050681398,0.41936727741401764
00827,0.41639089178891586,53653.85704162611,0.7719116935871277,0.8554050410719736
00828,0.2571767577301295,53706.65958527841,0.9589426729713056,0.4416277582389595
00829,0.2649695347051311,53707.439289229194,0.8506329193227985,0.5694199316019105
00830,0.4333485816221567,53640.729356692136,0.7864565524296897,0.786086740433219
00831,0.35926249951164996,53624.560880041674,1.0379034126069873,0.7091071126452322
00832,0.4119612282971825,53708.68465793486,1.0243559498787829,0.7526388117524024
00833,0.24961162997866634,53635.80418459269,1.0219786325633866,0.6534882737571734
00834,0.311890523920229,53667.96343750904,0.9000568745398064,0.8423667085504862
00835,0.3309160626778592,53657.60433151088,1.107037531438763,0.5601980565293944
00836,0.42281515098044237,53682.101840695075,0.8629595912164594,0.5562404686333073
00837,0.22347692608357578,53653.16797096719,1.1003319285980726,0.0791188287396486
00838,0.27565470948189014,53664.58316873302,1.015532759608188,0.511616971511934
00839,0.44649024166869355,53702.586224879145,0.9724185186598836,0.44359526435343266
00840,0.17550080028188328,53680.02129308164,1.0479744638946664,0.5561998459462073
00841,0.3574746801186286,53645.58096040722,0.9249167904287748,0.6207801107525659
00842,0.2670174015569861,53694.63934811174,0.8531516019762564,0.5557612013255281
00843,0.32185977999820115,53694.709385644244,0.9486334433378579,0.4934206429197805
00844,0.3424509365806249,53665.072308965864,0.8768594563872973,0.7657673061365111
00845,0.21888508217993244,53693.372824469174,0.7881971487758253,0.8602901022942236
00846,0.26764163885789666,53662.73438094201,0.9743955295206498,0.6569304850972306
00847,0.2756503689019326,53634.6239619917,1.0754049066445233,0.4620723602013529
00848,0.3466775337469046,53686.40216959969,1.0046686815036259,0.7203742460671523
00849,0.3822016289387443,53684.89293756944,1.1140745299875119,0.43011487360949097
00850,0.3691341240349296,53653.11049139149,1.07865343070608,0.47173056240684386
00851,0.2892414261875561,53629.47728069803,1.0067004281539338,0.40686121842264067
00852,0.2958557888964978,53620.483974298964,0.997153179117911,0.7115758876793664
00853,0.4304999893400712,53644.99022820437,0.8668324810174294,0.7475576918795471
00854,0.3811526069910347,53643.28353449648,1.0788511081955034,0.47737956245942137
00855,0.05711170236362188,53650.79153987938,0.9056810861986666,0.5112288465504171
00856,0.3119361394890501,53630.15548875255,0.9034277331609781,0.7310182910656875
00857,0.3845127359353652,53678.96371579936,1.0032452956185298,0.7222631091434846
00858,0.3425817986539331,53652.63341886479,0.9312994825438621,0.7097416136003175
00859,0.4068564565163224,53630.02838941784,0.9138958151767638,0.6763059147258448
00860,0.17625000873239927,53647.1369225991,1.023547499496683,0.6118410502697613
00861,0.4309851787883923,53668.397844390995,0.8988764851371643,0.634831737459999
00862,0.0973382469002786,53637.59130638736,1.0569058491435652,0.38105822658641675
00863,0.20644824072475929,53700.665266382515,0.7773152636508676,0.8022574050042559
00864,0.4237385391004562,53657.70789077378,1.035867720869871,0.6697775242245319
00865,0.437955200922622,53698.015662060185,0.9959164150674114,0.779952850418158
00866,0.39371882380099077,53690.95007188014,1.008306043185152,0.4979704471973249
00867,0.3906999296878034,53639.2806070522,0.791223600705961,0.913256146409571
00868,0.38837105882280654,53633.57297647427,0.9871452298644742,0.7296478845014227
00869,0.34457610461010746,53689.79541993298,1.0243410642281503,0.3294099720323196
00870,0.1871410646167695,53681.78934393314,1.0966657658170231,0.228103467622094
00871,0.18183843122671267,53687.09430947738,1.1327391163993634,0.5064471218733083
00872,0.41252737207962065,53682.32687615825,0.9980508738828561,0.4551240762961012
00873,0.4153501925430996,53641.86877822983,1.006651405222343,0.2668753217798553
00874,0.18604964380336048,53663.54047614548,0.9834954189238233,0.5087528334238289
00875,0.2564186446611137,53617.9848305929,0.9728039069583538,0.6406974687498987
00876,0.40301115201301685,53663.10495626097,0.9348834886762364,0.3889556938208445
00877,0.4036822884254383,53660.870470004484,1.1593730461979292,0.1348207886931574
00878,0.44976385248058653,53619.44932453129,0.9833349284105335,0.49557297344028234
00879,0.33440320711303034,53623.49084655335,1.0646833100133384,0.29360884954618444
00880,0.41874829516000167,53692.8670057658,0.8532060997493115,0.6443525074159944
00881,0.20529349485115517,53683.73155898886,1.0195775799076416,0.5156017577367046
00882,0.4120118659299308,53679.07610886392,0.8068501494510587,0.7505164997669487
00883,0.29093007895441614,53636.61909970218,0.8228679223780195,0.6037421566093218
00884,0.2777314331777472,53652.876292370114,1.000011083210146,0.48826988359986917
00885,0.357776593398515,53653.30375067878,0.8992743637692634,0.6872685250342541
00886,0.43466892790037287,53696.79069609923,1.097916426503705,0.4150498016582951
00887,0.37779687800383116,53683.21908331548,0.9803145601637185,0.7262129035432803
00888,0.4350078893340028,53697.072743779456,0.9880723175674346,0.39181704320653576
00889,0.17785134438986883,53652.575349118626,0.9352758965379283,0.6874819959307209
00890,0.27558243310471586,53633.83058066944,1.2159095358243344,0.5847641655117566
00891,0.3946332083840203,53644.62354712564,1.1121877980472072,0.3819492857586705
00892,0.43407555316788954,53626.296948393116,0.7885558069939294,0.8666696026731722
00893,0.2622074688969522,53627.49302688698,0.9619396452593558,0.785684618346684
00894,0.3035636064904575,53645.67681244336,0.8086067311458129,0.7654109329912269
00895,0.38096584459605465,53706.01868840146,0.9359800975378373,0.6216667208927105
00896,0.27013360582841167,53680.11570520623,0.8533325263319748,0.5180100468810779
00897,0.36661844458751147,53695.270795733835,0.8833726112050034,0.5017330271342226
00898,0.35129383267487196,53632.570522339105,0.9581009530639103,0.47335774886232507
00899,0.31549777549261415,53708.23139026843,0.9371416128729628,0.6526900349536426
00900,0.32107408549999233,53701.849813042296,0.9391279078040855,0.5711533114290858
00901,0.4271454972371852,53649.84082553325,1.1571181671390873,0.5009332549090247
00902,0.3193553912634751,53664.09910560227,0.8835629880673024,0.6684955542009301
00903,0.2434441071791664,53700.05451548783,0.9915993751850477,0.5502934782566106
00904,0.3745334753627961,53699.047326653206,1.0647178178202361,0.4429177189910002
00905,0.26720299464939734,53616.58091520587,0.888258530572383,0.7074532169761795
00906,0.3218114967985408,53675.84637748785,0.7878637831600922,0.7804432218063999
00907,0.3501473869053598,53650.813142893196,1.119176646356248,0.5091171636599526
00908,0.3506933649635224,53658.4993980383,0.8851058993450893,0.4032792153462446
00909,0.15464523610714193,53691.58700284368,1.0263145426670162,0.4901747487684626
00910,0.3514372266353317,53664.23263960643,0.9532854632603094,0.5788015055323632
00911,0.30516900572684535,53665.673594054584,0.9670252773347653,0.43973181898501335
00912,0.2948125513312653,53618.21220879847,0.9313436756072395,0.5685635481850781
00913,0.16331348730451742,53657.39017340216,1.0342581908805035,0.48784190892058554
00914,0.31427058647475353,53617.81878724643,0.9200736082373612,0.6822532141863887
00915,0.37734708771091985,53652.985156360926,0.9436330166137095,0.5461812100773165
00916,0.3735740495727336,53706.120176654935,1.1306802374505924,0.392992921823644
00917,0.41359813854638444,53628.3607133047,1.216766587316699,0.1736947858211978
00918,0.41024615771473494,53678.22070196811,1.011017283157974,0.4276579142176614
00919,0.43659610212283617,53686.719509974624,0.9236318341959606,0.8207504460961219
00920,0.420533721886722,53659.11180132325,1.0372449654393663,0.45143727380718834
00921,0.27450585630184254,53652.7947514276,1.01182732270236,0.6425650841755127
00922,0.23259211681927977,53680.03525201286,1.2352207192692335,0.6185406064529205
00923,0.43814207969216157,53668.74065907787,1.0294352933537274,0.27437233419042606
00924,0.4427700544307933,53686.25112094585,0.9669673527452504,0.5316572996598931
00925,0.33210011136307094,53645.71233512098,1.0005264835499459,0.7155651060263597
00926,0.4243651063992512,53652.240371020234,0.9180304732854527,0.8105069439657462
00927,0.1789613467243369,53668.7594253408,1.0008193553187474,0.5533993275889487
00928,0.4384271654458223,53639.88852220154,0.9192861773751808,0.7439654543190911
00929,0.35422457809258223,53652.354130339765,1.087380671529468,0.45323941098684367
00930,0.4365971924345008,53691.22642840398,1.032054929324782,0.5604730109624142
00931,0.23748918708833766,53685.42784856882,1.0640232610860987,0.3405298040565202
00932,0.2211686455450056,53686.5971816739,0.9743951868371623,0.6658767525387058
00933,0.3882773627231285,53615.512481429956,0.8497296145722404,0.8325067275277809
00934,0.2938365337718163,53626.73190100527,1.04338076922162,0.669336451790618
00935,0.14338378372946012,53669.86481627093,0.9907235965861573,0.4529061923811633
00936,0.18158879946373696,53625.60891186377,0.9611361469571037,0.4420283148621794
00937,0.3009212724610392,53683.70030804567,1.0571829489321187,0.4128758422959624
00938,0.3187980572229082,53643.48192879192,1.022583929112646,0.45753604361850525
00939,0.2739000500990811,53686.98926107062,1.0001682290146323,0.5450373343594981
00940,0.24567044518994718,53652.71014186247,0.9804872641792792,0.5202695492424229
00941,0.44642581372194645,53636.43043330414,1.1441241724927484,0.6104261379321019
00942,0.3272763051140715,53652.232543896745,1.0205627016300804,0.3951287458125309
00943,0.28229098648031764,53623.53500491146,1.0835851202694005,0.42994546104446757
00944,0.3539411721738913,53703.747374278784,0.9390927250751847,0.5322407277650769
00945,0.14482233568675498,53635.94371115491,1.1243502741186764,0.5442009115493079
00946,0.3820382436236798,53621.32481863268,1.0156593841114814,0.3982338281965281
00947,0.19519831195332701,53671.53161082581,0.9944232574580957,0.6087488993316414
00948,0.4183830071451636,53623.08200816182,0.9118082746110523,0.54322683406417
00949,0.3717330655082418,53699.74567507314,0.9423266611226567,0.41024767627748643
00950,0.40037794013562994,53694.66901877556,1.053914606758966,0.4925933692115938
00951,0.41758795375171415,53645.16219129196,0.9405104984069911,0.6119278651895065
00952,0.34057341637564115,53679.99670477476,0.9243196350812684,0.6643048409024315
00953,0.4080493401784699,53686.881119188336,1.177621320364057,0.2514425810021993
00954,0.20005039951162468,53677.78353990059,0.9654918242951552,0.5094535180405693
00955,0.41915881736211813,53695.282483700634,0.9440885559605081,0.7661542580979903
00956,0.31815341264917574,53662.06197595659,1.0057553335907878,0.39298096912107006
00957,0.4171534850015986,53694.354152767395,0.9912894783463104,0.528741763503267
00958,0.40200823245802836,53624.027733003684,0.9968642750454875,0.5797914373083234
00959,0.31507320255121996,53653.49317887106,0.9737660565742946,0.3613388515723861
00960,0.4233163506751112,53640.55800193536,0.9919375219118973,0.884735866234491
00961,0.36396945603651737,53680.49835899033,0.9769917494647256,0.5137637438505026
00962,0.28762014383001927,53663.57846941879,0.8269489459576109,0.8517655081463593
00963,0.3997878086807885,53661.8321359282,0.9927708863734281,0.4474935424556753
00964,0.34970689624814405,53707.847532385,0.9930761063519667,0.5022764751459937
00965,0.16418794176461093,53642.21906092132,0.9639320606428176,0.7224691007116046
00966,0.18647482179230015,53652.726110482574,0.8340088602434219,0.6971074741087133
00967,0.11025451402664699,53629.58788365224,1.0230186931854859,0.3730904764049092
00968,0.3641831823284859,53650.65826914791,0.9640572853736296,0.79464395998278
00969,0.3490413398927461,53673.840558088144,0.8723407170050472,0.6560301779512107
00970,0.33118737091954653,53658.88876200713,1.0267311083568595,0.21098047700407735
00971,0.19107881216449585,53693.583821594475,0.8470734562747024,0.7421543372691297
00972,0.4094233415551379,53688.109635613015,1.0454461224653866,0.7512434907836071
00973,0.4482983387172474,53620.71273462279,1.0428756335919458,0.5965262242344644
00974,0.4210022331187113,53627.81088453899,1.019061068421634,0.34988365488655954
00975,0.30202912566045487,53640.94856211187,0.9190990443202218,0.26944415656697324
00976,0.27629523442491943,53648.27978572395,0.993425107515388,0.636661935001584
00977,0.40987994374997244,53633.15454024171,1.0392066551896515,0.4039827709330708
00978,0.4100660817431465,53662.98898009489,0.8908756458619409,0.8722209864976077
00979,0.30067968512948645,53618.94752105627,0.8595407193739654,0.6729564544803011
00980,0.1351171248344183,53636.394294633596,0.9975282285481764,0.5311077211218634
00981,0.2774014482578295,53633.7540875155,0.9677181033445277,0.638359699424363
00982,0.3561061328293527,53633.099903773866,1.0601581139594285,0.29175149549313584
00983,0.4148769222769402,53688.8455270252,0.9744512020213822,0.6830171107346672
00984,0.34059292089145055,53628.49984133352,0.9630836132660389,0.5017804521529683
00985,0.38195996836449797,53629.96633349188,1.0961334983821533,0.21166904154850458
00986,0.408384317930797,53668.50250423513,0.9762919183050423,0.4464901343455846
00987,0.3740749101939982,53683.19834969557,1.0633397001495346,0.2705380296795275
00988,0.14627946028276295,53660.648910901094,1.0115334192672818,0.4092604990964661
00989,0.17399116957593466,53706.11607266299,0.8698455829944983,0.5793424463238231
00990,0.34692428664889224,53631.639041906776,1.082302997741011,0.4037564828424595
00991,0.2886841633727817,53704.40917814665,0.9621229525030213,0.6531407287670112
00992,0.4315728648780097,53700.8565863239,0.9927949253374098,0.47598029999071756
00993,0.22667390264715295,53691.28636968866,0.8235975145438214,0.6849759159108499
00994,0.26278966435976925,53638.17880620768,0.9375559693185804,0.9481726973542636
00995,0.1552500136189787,53626.63822602291,0.8665520101496511,0.5408433881370689
00996,0.4320938819403003,53661.43708668109,0.7835670049490562,0.9234984129999135
00997,0.4104569139531951,53651.526056906434,1.0466879037941368,0.5224762995328998
00998,0.404148393420039,53628.24525868226,1.0493523205074569,0.48051686520054554
00999,0.15735562888554436,53668.124506499196,0.9104143398877999,0.6403655118930385
01000,0.36939691495088645,53660.90827491882,0.997875952723887,0.45100769538403473
